# Every function of SLUS_212.15 that the shared Ghidra project knows: address, size in bytes, our name (empty
# while Ghidra's default FUN_<address>) and whether it has a plate comment (1/0). Reference data only: no code.
# Generated by `coney-tools progress ghidra` (docs/guides/research-workflow.md#understood); do not edit.
0x00100008	448	entry	0
0x001001c8	8		0
0x00100200	2172	Pose_InitReference	0
0x00100a80	1692		0
0x00101120	300	Skeleton_InitParents	0
0x00101250	52		0
0x00101288	212		0
0x00101360	504		0
0x00101558	252		0
0x00101658	324	Anim_TimeToFirstEvent	0
0x001017a0	272		0
0x001018b8	152		0
0x00101950	76	Anim_RootDisplacementLength	0
0x001019a0	84		0
0x00101a00	96		0
0x00101a60	148		0
0x00101af8	44	Anim_IsPairedById	0
0x00101b28	48	Anim_StartsTackleById	0
0x00101b58	48	Anim_StartsGrabById	0
0x00101b88	56		0
0x00101bc0	44		0
0x00101bf0	48		0
0x00101c20	44		0
0x00101c58	132		0
0x00101ce0	136		0
0x00101d68	108		0
0x00101dd8	8372	Anim_FireFrameEvents	0
0x00103e90	640		0
0x00104110	228	AnimCursor_Step	0
0x001041f8	532	AnimCursor_Init	0
0x00104410	104		0
0x00104478	8		0
0x00104480	16		0
0x00104490	16		0
0x001044a0	204	AnimCursor_Advance	0
0x00104570	28		0
0x00104590	76		0
0x001045e0	80		0
0x00104630	412		0
0x001047d0	72		0
0x00104818	132		0
0x001048a0	408		0
0x00104a38	140		0
0x00104ac8	256		0
0x00104bc8	280		0
0x00104ce0	1140		0
0x00105158	848		0
0x001054a8	28		0
0x001054c8	72		0
0x00105510	92		0
0x00105570	204		0
0x00105640	52		0
0x00105678	196		0
0x00105740	44		0
0x00105770	160		0
0x00105810	80		0
0x00105860	56		0
0x00105898	60		0
0x001058f0	108		0
0x00105990	284		0
0x00105ab0	60		0
0x00105af0	172		0
0x00105ba0	356		0
0x00105d08	104		0
0x00105d70	284		0
0x00105e90	228		0
0x00105f78	268		0
0x00106098	108		0
0x00106140	256		0
0x00106240	288		0
0x00106360	312		0
0x00106498	340		0
0x001065f0	208		0
0x001066c0	228		0
0x001067a8	348		0
0x00106918	108		0
0x001069c0	188		0
0x00106a80	220		0
0x00106b60	44		0
0x00106b90	100		0
0x00106c08	48		0
0x00106c38	20		0
0x00106c50	24		0
0x00106c80	68		0
0x00106cc8	336		0
0x00106e50	152		0
0x00106ee8	88		0
0x00106f50	852		0
0x001072a8	112		0
0x00107458	2740		0
0x00107f10	80		0
0x00107f60	668		0
0x00108200	144		0
0x001082a0	208		0
0x00108370	96		0
0x001083d0	24		0
0x001083e8	100		0
0x00108450	276		0
0x001086a8	340		0
0x00108800	192		0
0x001088c0	256		0
0x001089d0	108		0
0x00108a78	304		0
0x00108ba8	36		0
0x00108bd0	172		0
0x00108c80	336		0
0x00108dd0	316		0
0x00108f10	260		0
0x00109018	316		0
0x00109168	108		0
0x00109210	488		0
0x001093f8	92		0
0x001094f0	152		0
0x00109588	2608		0
0x00109fb8	80		0
0x0010a008	348		0
0x0010a168	116		0
0x0010a1f0	176		0
0x0010a2a0	112		0
0x0010a310	412		0
0x0010a4b0	72		0
0x0010a558	92		0
0x0010a5b8	2028		0
0x0010ada8	80		0
0x0010adf8	348		0
0x0010af58	88		0
0x0010b090	308		0
0x0010b1c8	196		0
0x0010b298	44		0
0x0010b2e8	272		0
0x0010b3f8	80		0
0x0010b448	236		0
0x0010b538	88		0
0x0010b5a0	100		0
0x0010b608	216		0
0x0010b6e0	216		0
0x0010b7c8	140		0
0x0010b858	320		0
0x0010b9a8	36		0
0x0010b9d0	32		0
0x0010b9f0	368		0
0x0010bb60	112		0
0x0010bbd0	104		0
0x0010bc38	188		0
0x0010bcf8	116		0
0x0010bd70	12		0
0x0010bd80	12		0
0x0010bd90	28		0
0x0010bdb0	140		0
0x0010be40	52		0
0x0010be78	196		0
0x0010bf40	80		0
0x0010bf90	44		0
0x0010bfc0	92		0
0x0010c020	120		0
0x0010c098	96		0
0x0010c100	2928	AmbientManager_UpdateEmitters	0
0x0010cc70	244	AmbientManager_FindEmitter	0
0x0010cd68	360		0
0x0010ced0	132		0
0x0010cf58	788	AmbientManager_AddEmitter	0
0x0010d270	48		0
0x0010d2a0	88	AmbientEmitter_SetVolume	0
0x0010d2f8	160		0
0x0010d398	48		0
0x0010d3c8	84		0
0x0010d420	76		0
0x0010d480	236		0
0x0010d570	20	AmbientManager_EnableEmitter	0
0x0010d590	212		0
0x0010d668	8		0
0x0010d670	200		0
0x0010d738	32		0
0x0010d758	216		0
0x0010d830	28		0
0x0010d850	28		0
0x0010d870	120		0
0x0010d8e8	180	Music_Play	0
0x0010d9a0	372		0
0x0010db18	148		0
0x0010dbb0	412		0
0x0010dd50	136		0
0x0010ddd8	284		0
0x0010def8	48		0
0x0010df28	8		0
0x0010df30	176		0
0x0010dfe0	1160	MusicChannel_Update	0
0x0010e468	200		0
0x0010e530	40		0
0x0010e558	440	Music_UpdateVolumes	0
0x0010e710	68		0
0x0010e758	60		0
0x0010e798	32		0
0x0010e7b8	24		0
0x0010e7d0	524	SystemMusic_Update	0
0x0010e9e0	204		0
0x0010eab0	144	MusicStream_GetStateName	0
0x0010eb40	476		0
0x0010ed20	28		0
0x0010ed40	16		0
0x0010ed50	64		0
0x0010ed90	64		0
0x0010edd0	192		0
0x0010ee90	136		0
0x0010ef18	120		0
0x0010ef90	40		0
0x0010efc0	12		0
0x0010efd0	16		0
0x0010efe0	44		0
0x0010f018	44		0
0x0010f050	44		0
0x0010f080	12		0
0x0010f098	80		0
0x0010f0e8	80		0
0x0010f138	80		0
0x0010f188	40		0
0x0010f1b0	52		0
0x0010f1e8	60		0
0x0010f228	12		0
0x0010f238	32		0
0x0010f258	12		0
0x0010f268	12		0
0x0010f278	36		0
0x0010f2a0	36		0
0x0010f2c8	40		0
0x0010f2f0	44		0
0x0010f320	52		0
0x0010f360	52		0
0x0010f3a0	52		0
0x0010f3d8	56		0
0x0010f410	36		0
0x0010f450	96		0
0x0010f4b0	28		0
0x0010f4d0	80		0
0x0010f520	44		0
0x0010f558	28		0
0x0010f578	76		0
0x0010f5c8	40		0
0x0010f5f0	32		0
0x0010f618	332	AudioManager_Reset	1
0x0010f768	140		0
0x0010f7f8	20		0
0x0010f810	220		0
0x0010f900	116		0
0x0010f988	20		0
0x0010f9a0	48		0
0x0010f9d0	8		0
0x0010f9d8	116		0
0x0010fa50	204		0
0x0010fb20	68	AudioManager_Pause	0
0x0010fb68	64	AudioManager_Resume	0
0x0010fba8	28		0
0x0010fbc8	100		0
0x0010fc30	60		0
0x0010fc70	104		0
0x0010fcd8	112		0
0x0010fd48	136		0
0x0010fdd0	96		0
0x0010fe30	96		0
0x0010fe90	84		0
0x0010fee8	64		0
0x0010ff28	64		0
0x0010ff68	168		0
0x00110018	92		0
0x00110078	52		0
0x001100b0	56		0
0x001100e8	80		0
0x00110138	80		0
0x00110188	48		0
0x001101b8	88		0
0x00110210	72		0
0x00110258	72		0
0x001102a0	108		0
0x00110318	88		0
0x00110370	92		0
0x001103d0	96		0
0x00110430	84		0
0x00110488	28		0
0x001104a8	28		0
0x001104c8	28		0
0x001104e8	28		0
0x00110508	28		0
0x00110528	28		0
0x00110548	28		0
0x00110570	28		0
0x00110590	28		0
0x001105b0	100		0
0x00110618	28		0
0x00110638	88		0
0x00110690	28		0
0x001106b0	28		0
0x001106d0	188		0
0x00110790	156		0
0x00110830	268		0
0x00110940	200		0
0x00110a08	152		0
0x00110aa8	112		0
0x00110b18	68		0
0x00110b60	272		0
0x00110c70	76		0
0x00110cc0	132		0
0x00110d50	36		0
0x00110d78	56		0
0x00110db0	28		0
0x00110dd0	56		0
0x00110e08	28		0
0x00110e28	44		0
0x00110e58	60		0
0x00110e98	68		0
0x00110ee0	36		0
0x00110f08	36		0
0x00110f30	36		0
0x00110f58	36		0
0x00110f80	28		0
0x00110fa0	28		0
0x00110fc0	28		0
0x00110fe0	28		0
0x00111000	28		0
0x00111020	28		0
0x00111040	28		0
0x00111060	32		0
0x00111080	28		0
0x001110a8	28		0
0x001110c8	32		0
0x001110e8	28		0
0x00111110	28		0
0x00111130	28		0
0x00111150	36		0
0x00111178	684		0
0x00111428	304		0
0x00111558	80		0
0x001115a8	52		0
0x001115e0	52		0
0x00111618	56	AudioManager_SetPendingBank	0
0x00111650	8		0
0x00111658	48		0
0x00111688	28		0
0x001116a8	500		0
0x001118a0	32		0
0x001118c0	12		0
0x001118d0	192		0
0x00111990	64		0
0x001119d0	208		0
0x00111aa0	16		0
0x00111ab0	16		0
0x00111ac0	368		0
0x00111c30	68		0
0x00111c80	64		0
0x00111cc0	60		0
0x00111d00	220		0
0x00111de8	344		0
0x00111f40	44		0
0x00111f78	296		0
0x001120a0	28		0
0x001120c0	8		0
0x001120c8	1176		0
0x00112560	416		0
0x00112700	692		0
0x001129b8	36		0
0x001129e0	48		0
0x00112a10	48		0
0x00112a40	76		0
0x00112a90	128		0
0x00112b10	308		0
0x00112c48	24		0
0x00112c60	160		0
0x00112d00	28		0
0x00112d20	28		0
0x00112d40	28		0
0x00112d60	28		0
0x00112d80	28		0
0x00112da0	28		0
0x00112dc0	28		0
0x00112de0	40		0
0x00112e08	40		0
0x00112e30	28		0
0x00112e50	28		0
0x00112e70	28		0
0x00112e90	8		0
0x00112e98	28		0
0x00112eb8	8		0
0x00112ec0	28		0
0x00112ee0	288		0
0x00113000	200		0
0x001130c8	80		0
0x00113118	112		0
0x00113188	204		0
0x00113258	228		0
0x00113340	44		0
0x00113370	28	Audio_SetPitchMod	0
0x00113390	28	Audio_EnableMusicDuck	0
0x001133b0	28	Audio_SetNIDuck	0
0x001133d0	104	Sound_LoadBank	0
0x00113438	88		0
0x00113490	40		0
0x001134b8	36		0
0x001134e0	48		0
0x00113510	80		0
0x00113560	44		0
0x00113590	76		0
0x001135e0	36		0
0x00113608	40		0
0x00113630	36		0
0x00113658	36		0
0x00113680	128	Audio_PlaySoundAt	0
0x00113700	128	Audio_PreloadSoundAt	0
0x00113780	40	Audio_StartPreloadedSound	0
0x001137a8	64		0
0x001137e8	40		0
0x00113810	44		0
0x00113840	224	Sound_AddAmbientEmitter	0
0x00113920	232		0
0x00113a08	80	AmbientSound_AddStatResponse	0
0x00113a58	208		0
0x00113b28	80		0
0x00113b78	76	AmbientSound_AddOneOff	0
0x00113bc8	56	Audio_EnableAmbientEmitter	0
0x00113c00	48	Sound_SetAmbientEmitterVolume	0
0x00113c30	40		0
0x00113c58	60		0
0x00113c98	76		0
0x00113ce8	44		0
0x00113d18	52		0
0x00113d50	52		0
0x00113d88	68		0
0x00113dd0	40		0
0x00113df8	52		0
0x00113e30	36		0
0x00113e60	72	Sound_SetSystemMusicState	0
0x00113ea8	40	Sound_EnableSystemMusic	0
0x00113ed0	284	Sound_SetMusicTrack	0
0x00113ff0	40		0
0x00114018	16		0
0x00114028	52		0
0x00114060	40		0
0x00114088	60	Audio_PauseSound	0
0x001140d0	8	Sound_SetSoundVolume	0
0x001140d8	160	Sound_PlayHumanCommand	0
0x00114178	52		0
0x001141b0	44		0
0x001141e0	64		0
0x00114220	772		0
0x00114528	252		0
0x00114628	152		0
0x001146c0	320		0
0x00114800	232		0
0x001148e8	324		0
0x00114a38	196		0
0x00114b00	28		0
0x00114b20	376		0
0x00114c98	3860		0
0x00115bb0	124		0
0x00115c30	80		0
0x00115c80	48		0
0x00115cb0	564		0
0x00115ee8	404		0
0x00116080	544		0
0x001162a0	404		0
0x00116438	68		0
0x00116480	36		0
0x001164a8	784		0
0x001167b8	112		0
0x00116828	28		0
0x00116848	1104		0
0x00116c98	64		0
0x00116cd8	56		0
0x00116d10	52		0
0x00116d48	376		0
0x00116ec0	292		0
0x00116fe8	256		0
0x001170e8	168		0
0x00117190	72		0
0x001171d8	44		0
0x00117208	48		0
0x00117238	72		0
0x00117280	68		0
0x001172c8	284		0
0x001173e8	56		0
0x00117420	44		0
0x00117450	11044		0
0x00119f78	68		0
0x00119fc0	120		0
0x0011a038	100		0
0x0011a0a8	168		0
0x0011a150	28		0
0x0011a170	3988	SoundTask_Update	0
0x0011b108	28		0
0x0011b128	132		0
0x0011b1b0	228		0
0x0011b298	84		0
0x0011b2f0	60		0
0x0011b330	28		0
0x0011b350	108		0
0x0011b3c0	52		0
0x0011b3f8	8		0
0x0011b400	80		0
0x0011b450	72		0
0x0011b498	188		0
0x0011b558	140		0
0x0011b5e8	116		0
0x0011b660	96		0
0x0011b6c0	128		0
0x0011b740	12		0
0x0011b750	16		0
0x0011b760	16		0
0x0011b770	200	Camera_MakeActiveByHandle	1
0x0011b838	80	Camera_GetActiveHandle	1
0x0011b888	148	Camera_DeleteScripted	1
0x0011b920	80	Camera_GetPositionByHandle	1
0x0011b970	172	Camera_TransformPoint	1
0x0011ba20	180	Camera_AttachObjectToView	1
0x0011bad8	188	Camera_ResetByHandle	1
0x0011bb98	176	Camera_SetClipping	1
0x0011bc48	376	Camera_CreateLocked	1
0x0011bdc0	84	Camera_LockLocked	1
0x0011be18	396	Camera_CreateThird	1
0x0011bfa8	268	Camera_SetupFollow	0
0x0011c0b8	440	Cam_ConfigureFollow	0
0x0011c270	128	Camera_TargetList	0
0x0011c2f0	196	Camera_SetFollowHeading	0
0x0011c3b8	184	Camera_SetFollowPitch	0
0x0011c470	452	Camera_SetFollowZoom	0
0x0011c638	124	Camera_SetFollowPosition	0
0x0011c6b8	412	Camera_CreateFixed	0
0x0011c858	388	Camera_CreateWin	1
0x0011c9e0	400	Camera_SetupPoizo	0
0x0011cb70	64	Camera_ReversePoizo	1
0x0011cbb0	180	Camera_AddPoizoPoint	0
0x0011cc68	124	Camera_AddPoizoPointCam	0
0x0011cce8	648	Camera_SetupRail	0
0x0011cf70	296	Camera_SetRailLead	0
0x0011d098	232	Camera_AddRailPoint	0
0x0011d180	164	Camera_LockRail	0
0x0011d228	1504	Camera_ModifyRail	0
0x0011d808	672	HoodCam_Setup	0
0x0011daa8	580	Camera_UseDeathCamera	1
0x0011dcf0	132	Camera_SetFollowSecondary	1
0x0011dd78	220	Camera_CanSeeObject	1
0x0011de58	592	Camera_EnableFeature	1
0x0011e0a8	52	Camera_SetSplitMode	1
0x0011e0e0	28	Camera_SetGameAspect	1
0x0011e100	28	Camera_SetHudAspect	1
0x0011e120	12	Camera_SetHudScale	1
0x0011e130	84	Camera_RegisterObject	1
0x0011e188	12	Camera_GetLastTarget	1
0x0011e198	12	Camera_AssignReverseButton	1
0x0011e1b0	652	Camera_Create	1
0x0011e440	1076	Camera_Release	1
0x0011e878	252	Cameras_Update	1
0x0011e978	72	Camera_FromObject	1
0x0011e9c0	192	Cameras_ClearSlots	1
0x0011ea80	88	Cameras_ReleaseAll	1
0x0011eae0	12	Cameras_GetViewCount	1
0x0011eaf0	620	Cameras_AddPlayer	1
0x0011ed60	164	Cameras_RemovePlayer	1
0x0011ee08	2984	Camera_MakeActive	1
0x0011f9b0	24	Camera_GetPlayerCamera	1
0x0011f9c8	24	Camera_GetPlayerBase	1
0x0011f9e0	228	Cam_GetFollow	1
0x0011fac8	228	Cam_GetTransition	1
0x0011fbb0	228	Camera_GetPlayerRail	1
0x0011fc98	228	Cam_GetPower	1
0x0011fd80	228	Cam_GetMug	1
0x0011fe68	228	Cam_GetMini	1
0x0011ff50	228	HoodCam_GetForPlayer	1
0x00120038	164	Cam_GetPoizo	1
0x001200e0	168	Cam_GetFailed	1
0x00120188	168	Cam_GetWin	1
0x00120230	184	Cameras_MinDistanceSq	1
0x001202e8	148	Camera_AnyPlayerCanSeePoint	1
0x00120380	204	Cameras_CanSeePointExcept	1
0x00120450	52	CameraStack_Push	1
0x00120488	52	CameraStack_Pop	1
0x001204c0	44	CameraStack_Top	1
0x001204f0	208	Cam3rdPerson_Construct	1
0x001205c0	40		0
0x001205e8	452	Cam3rdPerson_Update	0
0x001207b0	184	Cam3rdPerson_SetAngle	0
0x00120868	360		0
0x001209d0	92		0
0x00120a30	56		0
0x00120a68	44		0
0x00120a98	436		0
0x00120c50	1192		0
0x001210f8	416		0
0x00121298	1156		0
0x00121720	356		0
0x00121888	1444		0
0x00121e30	284		0
0x00121f50	132		0
0x00121fd8	136	Camera_FrustumTestSphere	0
0x00122060	196		0
0x00122128	116		0
0x001221a0	64		0
0x001221e0	100		0
0x00122248	100		0
0x001222b0	392	CameraTargets_Add	0
0x00122438	132		0
0x001224c0	136		0
0x00122548	476	Camera_CanSeePoint	0
0x00122728	1108		0
0x00122b80	288		0
0x00122ca0	152	Cameras_SetAspectAll	1
0x00122d38	12	Camera_StoreHudAspect	1
0x00122d48	388		0
0x00122ed0	1264		0
0x001233c0	36	CameraObjects_Add	1
0x001233e8	64	CameraObjects_Remove	1
0x00123428	180	CameraObjects_SendMessage12	1
0x001234e0	32	CameraObjects_Clear	1
0x00123500	132		0
0x00123588	136		0
0x00123610	32		0
0x00123630	132		0
0x001236b8	40		0
0x001236e0	420		0
0x00123888	28	CamFailed_SetTarget	1
0x001238a8	756		0
0x00123ba0	76		0
0x00123bf0	684		0
0x00123ea0	100		0
0x00123f08	40		0
0x00123f30	136		0
0x00123fb8	72		0
0x00124000	580	CamFixed_ComputeLookAt	0
0x00124248	1096		0
0x00124690	228	CamFixed_Update	0
0x00124778	1124		0
0x00124be0	72		0
0x00124c28	216		0
0x00124d00	568		0
0x00124f38	368		0
0x001250a8	1092		0
0x001254f0	152		0
0x00125588	108		0
0x001255f8	632		0
0x00125870	8		0
0x00125888	352		0
0x001259e8	84		0
0x00125a40	136		0
0x00125ac8	148		0
0x00125b60	236		0
0x00125c50	112		0
0x00125cc0	400		0
0x00125e50	660		0
0x001260e8	644		0
0x00126370	120		0
0x001263e8	100		0
0x00126450	56		0
0x00126488	152		0
0x00126520	52		0
0x00126558	796		0
0x00126878	436		0
0x00126a30	56		0
0x00126a68	28		0
0x00126a88	440		0
0x00126c40	2656		0
0x001276a0	1060		0
0x00127ac8	324		0
0x00127c10	200		0
0x00127cd8	108		0
0x00127d48	60		0
0x00127d88	1296		0
0x00128298	8		0
0x001282a0	984		0
0x00128678	1192		0
0x00128b20	460		0
0x00128cf0	860		0
0x00129050	2160		0
0x001298c0	948		0
0x00129c78	780		0
0x00129f88	1144		0
0x0012a400	984		0
0x0012a7d8	776		0
0x0012aae0	372		0
0x0012ac58	408		0
0x0012adf0	100		0
0x0012ae58	9564		0
0x0012d3b8	300		0
0x0012d4e8	412		0
0x0012d688	288		0
0x0012d7a8	348		0
0x0012d908	276		0
0x0012da20	1064		0
0x0012de48	140		0
0x0012ded8	660		0
0x0012e170	2104		0
0x0012e9a8	676		0
0x0012ec50	1936		0
0x0012f3e0	1140		0
0x0012f858	1220		0
0x0012fd20	1704		0
0x001303c8	1476		0
0x00130990	16668		0
0x00134ab0	188		0
0x00134b70	32		0
0x00134b90	236		0
0x00134c80	40		0
0x00134ca8	128		0
0x00134d28	76		0
0x00134d78	400	HoodCam_PlaceOnMount	0
0x00134f08	284	HoodCam_AimAtTargets	0
0x00135028	272		0
0x00135138	440	HoodCam_Update	0
0x001352f0	156		0
0x00135390	40		0
0x001353b8	40		0
0x001353e0	536		0
0x001355f8	132		0
0x00135680	588		0
0x001358d0	136		0
0x00135960	840		0
0x00135ca8	916	LockedCam_KeepHumansInView	0
0x00136068	244		0
0x00136160	40		0
0x00136188	28		0
0x001361a8	572		0
0x001363e8	1692		0
0x00136a88	1248		0
0x00136f68	1392		0
0x001374d8	408		0
0x00137670	408		0
0x00137808	1116		0
0x00137c68	68		0
0x00137cb0	32		0
0x00137cd0	236		0
0x00137dc0	40		0
0x00137de8	28		0
0x00137e08	624		0
0x00138078	2836		0
0x00138b90	4464		0
0x00139d00	68		0
0x00139d48	32		0
0x00139d68	144		0
0x00139df8	40		0
0x00139e20	28		0
0x00139e40	76		0
0x00139e90	100		0
0x00139ef8	628		0
0x0013a170	572		0
0x0013a3b0	148		0
0x0013a448	256		0
0x0013a548	716		0
0x0013a818	2304		0
0x0013b118	372		0
0x0013b290	40		0
0x0013b2b8	160	CamRail_Reset	0
0x0013b358	428		0
0x0013b508	208		0
0x0013b5d8	192		0
0x0013b698	92		0
0x0013b6f8	120		0
0x0013b770	12		0
0x0013b780	52	CamRail_AppendPoint	0
0x0013b7b8	684	CamRail_GatherTargets	0
0x0013ba68	100		0
0x0013bad0	1292	CamRail_UpdateTargetPoint	0
0x0013bfe0	1456		0
0x0013c590	20		0
0x0013c5a8	360		0
0x0013c710	1476		0
0x0013ccd8	416		0
0x0013ce78	164		0
0x0013cf20	236		0
0x0013d010	1692	CamRail_Update	0
0x0013d6b0	1560	CamRail_UpdatePosition	0
0x0013dcc8	2620		0
0x0013e708	4644	CamRail_PlaceLeading	0
0x0013f930	128	CamRail_EaseValue	0
0x0013f9b0	276		0
0x0013fac8	100		0
0x0013fb30	108		0
0x0013fba0	1896	CamRail_ChooseSegment	0
0x00140308	1012	CamRail_ProjectOnSegment	0
0x00140708	296		0
0x00140830	668		0
0x00140ad0	664		0
0x00140d68	5196		0
0x001421b8	88		0
0x00142210	40		0
0x00142238	36		0
0x00142260	128		0
0x001422e0	40		0
0x00142308	92		0
0x00142368	524		0
0x00142578	280	PoizoCam_Reverse	0
0x00142690	48		0
0x001426c0	916	PoizoCam_Update	0
0x00142a58	112	PoizoCam_AddPoint	0
0x00142ac8	604		0
0x00142d28	144		0
0x00142db8	476		0
0x00142f98	180		0
0x00143050	40		0
0x00143078	24		0
0x00143090	160		0
0x00143130	160		0
0x001431d0	160		0
0x00143270	140		0
0x00143300	576		0
0x00143540	76		0
0x00143590	900		0
0x00143918	152		0
0x001439b0	40		0
0x001439d8	632		0
0x00143c58	32		0
0x00143c78	548		0
0x00143ea0	96	Crc32_BuildTable	1
0x00143f00	96	Crc32_Buffer	1
0x00143f68	104	Crc32_Hash	1
0x00143fd8	116	Crc32_Lowercase	1
0x00144050	48	Crc32_StaticInit	1
0x00144080	32	Crc32_StaticInitStub	1
0x001440a0	40	ChunkSystem_PopObject	0
0x001440c8	40	ChunkSystem_PushObject	0
0x001440f0	44	ChunkSystem_PeekChunkType	0
0x00144120	40	ChunkSystem_PopChunk	0
0x00144148	56	ChunkSystem_PushChunk	0
0x00144180	452	ChunkSystem_LoadContainer	0
0x00144348	36	ChunkSystem_SetHandlers	0
0x00144370	40	ChunkSystem_RetagAsNullPointer	1
0x00144398	800	ChunkSystem_LoadGroupedContainer	0
0x001446d0	504	main	0
0x001448c8	36	Frame_MarkCamerasSetUp	1
0x001448f0	12	Frame_ClearCamerasSetUp	1
0x00144910	56	DebugStream_WriteString	1
0x00144948	80	DebugStream_WritePointer	1
0x001449b0	56	Main_StaticInit	1
0x001449e8	32	Main_StaticInitStub	1
0x00144a08	40	Pad_GetHistory	0
0x00144a30	76	Pad_Released	0
0x00144a80	76	Pad_Pressed	0
0x00144ad0	176	Pad_PressedWithRepeat	0
0x00144b88	28	Pad_IsHeld	0
0x00144ba8	68		0
0x00144bf0	68		0
0x00144c38	164		0
0x00144ce0	128		0
0x00144d60	240		0
0x00144e50	168		0
0x00144ef8	76		0
0x00144f48	76		0
0x00144f98	20		0
0x00144fb0	1268	Pad_Update	0
0x001454a8	452	Pads_Update	0
0x00145670	28		0
0x00145698	232		0
0x00145780	12		0
0x00145790	240	DS_PS2Device_Init	0
0x00145888	32		0
0x001458b0	12		0
0x001458c0	8		0
0x001458c8	16		0
0x001458d8	100	Loading_SetCallback	0
0x00145940	64		0
0x00145980	140		0
0x00145a10	952	GameTimer_Update	0
0x00145dc8	224	GameTimer_TogglePause	0
0x00145ea8	180	GameTimer_Freeze	0
0x00145f60	64		0
0x00145fa0	96		0
0x00146000	88		0
0x00146058	28		0
0x00146078	360		0
0x001461e0	508	Commands_Reset	0
0x001463e0	968	PlayerCommand_EnableAllForHuman	0
0x001467a8	996	PlayerCommand_EnableForHuman	0
0x00146b90	1672	PlayerCommand_Remove	0
0x00147218	536		0
0x00147430	528	PlayerCommand_Add	0
0x00147640	28		0
0x00147660	144	PlayerCommand_ForceForHuman	0
0x001476f0	68		0
0x00147738	520		0
0x00147940	1456		0
0x00147ef0	8	PlayerRecord_SetCommand	0
0x00147ef8	8		0
0x00147f00	20	PlayerRecord_GetCommandOrPending	0
0x00147f18	52		0
0x00147f50	68		0
0x00147f98	56		0
0x00147fd0	56		0
0x00148008	56		0
0x00148040	96		0
0x001480a0	60		0
0x001480e0	300	PadHandlerEx_DispatchCommand	0
0x00148210	28		0
0x00148230	168		0
0x001482d8	8		0
0x001482e0	108		0
0x00148358	140		0
0x001483e8	116		0
0x00148460	120		0
0x001484d8	160		0
0x00148580	40		0
0x001485a8	32		0
0x001485c8	64		0
0x00148608	180		0
0x001486c0	72		0
0x00148708	60		0
0x00148748	104		0
0x001487b0	104		0
0x00148820	8		0
0x00148828	112		0
0x001488f8	40		0
0x00148920	304		0
0x00148a50	32		0
0x00148a70	48		0
0x00148aa0	260	PS2StreamFileSys_Open	0
0x00148ba8	68		0
0x00148bf0	68		0
0x00148c38	36		0
0x00148c60	48		0
0x00148c90	284		0
0x00148db0	128		0
0x00148e30	216		0
0x00148f60	52		0
0x00148f98	44		0
0x00148fc8	12		0
0x00148fd8	100		0
0x00149040	112		0
0x001490b8	156		0
0x00149160	220		0
0x00149248	124		0
0x001492c8	28		0
0x001492e8	28		0
0x00149308	28		0
0x00149328	32		0
0x00149348	36		0
0x00149370	120		0
0x00149410	192		0
0x001494d0	8		0
0x001494d8	40		0
0x00149500	28		0
0x00149520	328		0
0x00149668	180		0
0x00149720	80		0
0x00149770	308		0
0x001498a8	320		0
0x001499e8	160		0
0x00149a88	40		0
0x00149ab0	88		0
0x00149b08	80		0
0x00149b58	104		0
0x00149bc0	108		0
0x00149c30	104		0
0x00149c98	84		0
0x00149cf0	72		0
0x00149d38	104		0
0x00149da0	184		0
0x00149e58	152		0
0x00149ef0	8		0
0x00149ef8	56		0
0x00149f30	596		0
0x0014a188	32		0
0x0014a1a8	60		0
0x0014a1e8	64		0
0x0014a228	300		0
0x0014a358	228		0
0x0014a440	108		0
0x0014a4b8	668		0
0x0014a758	152		0
0x0014a7f0	228		0
0x0014a8d8	416		0
0x0014aa78	456		0
0x0014ac50	312		0
0x0014ad90	968		0
0x0014b158	332		0
0x0014b2a8	104		0
0x0014b310	76		0
0x0014b360	112		0
0x0014b3d0	248		0
0x0014b4c8	488		0
0x0014b6b0	188		0
0x0014b770	132		0
0x0014b7f8	132		0
0x0014b880	104		0
0x0014b8e8	228		0
0x0014b9d0	72		0
0x0014ba18	408		0
0x0014bbb0	40		0
0x0014bbd8	936		0
0x0014bf88	152		0
0x0014c020	76		0
0x0014c070	164		0
0x0014c120	28		0
0x0014c140	272		0
0x0014c250	264		0
0x0014c358	28		0
0x0014c378	8		0
0x0014c380	56		0
0x0014c3b8	144		0
0x0014c448	368		0
0x0014c5e0	28		0
0x0014c600	28		0
0x0014c620	664		0
0x0014c8f8	28		0
0x0014c918	80		0
0x0014c968	88		0
0x0014c9c0	96		0
0x0014ca20	100		0
0x0014ca88	44		0
0x0014cab8	64		0
0x0014caf8	1256		0
0x0014cfe0	228		0
0x0014d0c8	32		0
0x0014d0e8	32		0
0x0014d108	28		0
0x0014d128	32		0
0x0014d148	28		0
0x0014d168	28		0
0x0014d188	36		0
0x0014d1b0	212		0
0x0014d288	44		0
0x0014d3e0	36		0
0x0014d408	28		0
0x0014d428	40		0
0x0014d450	40		0
0x0014d478	32		0
0x0014d498	36		0
0x0014d4d8	48		0
0x0014d508	32		0
0x0014d528	104		0
0x0014d590	388		0
0x0014d718	28		0
0x0014d738	28		0
0x0014d760	616		0
0x0014d9c8	28		0
0x0014d9e8	76		0
0x0014da38	112		0
0x0014daa8	480		0
0x0014dc88	112		0
0x0014dcf8	128		0
0x0014dd78	176		0
0x0014de28	800		0
0x0014e148	268		0
0x0014e260	120		0
0x0014e2d8	148		0
0x0014e370	320		0
0x0014e4b0	372		0
0x0014e628	120		0
0x0014e6a0	204		0
0x0014e770	96		0
0x0014e7d0	132		0
0x0014e858	52		0
0x0014e890	52		0
0x0014e8c8	52		0
0x0014e900	140		0
0x0014e998	132		0
0x0014ea28	276		0
0x0014eb40	292		0
0x0014ec68	456		0
0x0014ee30	88		0
0x0014ee88	2732		0
0x0014f938	256		0
0x0014fa38	128		0
0x0014fac8	28		0
0x0014fae8	496		0
0x0014fcd8	472		0
0x0014feb0	108		0
0x0014ff20	120		0
0x0014ff98	72		0
0x0014ffe0	72		0
0x00150028	72		0
0x00150078	32	RateToPitch	0
0x001500a8	136		0
0x001501a8	108		0
0x00150218	72		0
0x00150260	60		0
0x001502a0	52		0
0x001502d8	52		0
0x00150310	52		0
0x00150348	48		0
0x00150380	200		0
0x00150448	480		0
0x00150628	52		0
0x00150660	236		0
0x00150768	104		0
0x001507d0	104		0
0x00150838	764		0
0x00150b48	36		0
0x00150b70	88		0
0x00150bc8	88		0
0x00150c28	52		0
0x00150c60	52		0
0x00150ca8	60		0
0x00150cf0	468		0
0x00150ed0	60		0
0x00150f18	96		0
0x00150fc8	248		0
0x001510c8	220		0
0x001511a8	24		0
0x001511c0	140		0
0x00151250	132		0
0x001512d8	76		0
0x001513d0	208		0
0x00151640	260		0
0x00151750	72		0
0x00151798	52		0
0x001517f0	200		0
0x001518c0	96		0
0x00151930	12		0
0x00151980	16		0
0x00151990	244		0
0x00151a98	112		0
0x00151bc0	172		0
0x00151c70	92		0
0x00151cd8	80		0
0x00151d28	96		0
0x00151d88	56		0
0x00151dc0	88		0
0x00151e68	100		0
0x00151ed0	140		0
0x001520b0	264		0
0x001521b8	80		0
0x00152208	176		0
0x001522b8	284		0
0x001523d8	236		0
0x001524c8	244		0
0x001525c0	380		0
0x00152740	604		0
0x001529a0	592		0
0x00152bf0	904		0
0x00152f78	416		0
0x00153118	228		0
0x00153f60	68		0
0x00153fa8	192	FSToStreamFile_Read	0
0x00154080	48		0
0x001540b0	8		0
0x001540c0	12		0
0x001540d0	44		0
0x00154100	44		0
0x00154130	56		0
0x00154168	36		0
0x001541e0	136	FS_MemoryFile_CreateWithCapacity	0
0x00154268	40	FS_MemoryFile_WrapBuffer	0
0x00154290	140		0
0x00154320	76		0
0x00154370	88		0
0x001543c8	8		0
0x001543d0	8		0
0x001543e0	88		0
0x00154440	128	Stream_SkipBytes	0
0x001544c0	108		0
0x00154530	32		0
0x00154550	80		0
0x001545a0	48		0
0x001545d0	92		0
0x00154630	200	BufferedStream_Read	0
0x00154718	8		0
0x001547b0	268		0
0x001548c0	140		0
0x00154950	88		0
0x001549a8	8		0
0x001549b0	72		0
0x001549f8	44		0
0x00154a28	44		0
0x00154a68	116		0
0x00154ae0	624	FileManager_Service	0
0x00154d50	404	FileManager_Request	0
0x00154ee8	60		0
0x00154f28	600	PauseMenu_Toggle	0
0x00155180	96	MissionSelect_Show	0
0x001551e0	68	GameStats_Show	0
0x00155228	136	RumbleMenu_Show	0
0x001552b0	84	ProfileManager_Show	0
0x00155308	112		0
0x00155378	68		0
0x001553c0	68		0
0x00155408	576		0
0x00155648	428		0
0x001557f8	660	ANGameOver_Toggle	0
0x00155a90	124		0
0x00155b10	32		0
0x00155b30	100		0
0x00155b98	36		0
0x00155bc0	184		0
0x00155c78	504		0
0x00155e70	68		0
0x00155eb8	32		0
0x00155ed8	112		0
0x00155f48	48		0
0x00155f78	120		0
0x00155ff0	136		0
0x00156078	72		0
0x001560c0	60		0
0x00156100	72		0
0x00156148	176		0
0x001561f8	8		0
0x00156200	28		0
0x00156220	128		0
0x001562a0	36		0
0x001562c8	320		0
0x00156408	312		0
0x00156540	276		0
0x00156658	416		0
0x001567f8	384		0
0x00156978	68		0
0x001569c0	860		0
0x00156d20	100		0
0x00156d88	80		0
0x00156dd8	440		0
0x00156f90	252		0
0x00157090	400		0
0x00157220	452		0
0x001573e8	416		0
0x00157588	44		0
0x001575b8	680		0
0x00157860	204		0
0x00157930	120		0
0x001579a8	632		0
0x00157c20	472		0
0x00157df8	48		0
0x00157e28	32		0
0x00157e48	60		0
0x00157e88	108		0
0x00157ef8	244		0
0x00157ff0	504		0
0x001581e8	48		0
0x00158218	64	GameMode_PushFreeze	0
0x00158258	48		0
0x00158288	32		0
0x001582a8	56		0
0x001582e0	420		0
0x00158488	244		0
0x00158580	224		0
0x00158660	200		0
0x00158728	3392		0
0x00159468	36		0
0x00159490	48		0
0x001594c0	32		0
0x001594e0	60	GameStats_SetCloseCallback	0
0x00159520	12		0
0x001595f8	52		0
0x00159630	156	GameStats_Exit	0
0x001596d0	724		0
0x001599a8	144		0
0x00159a38	32		0
0x00159a58	96		0
0x00159ab8	36		0
0x00159ae0	296		0
0x00159c08	1532		0
0x0015a208	68		0
0x0015a250	32		0
0x0015a270	12		0
0x0015a280	12		0
0x0015a290	12		0
0x0015a2a0	12		0
0x0015a2b0	108		0
0x0015a328	68		0
0x0015a370	156		0
0x0015a410	56		0
0x0015a508	668		0
0x0015a7a8	344		0
0x0015a900	148		0
0x0015a998	84		0
0x0015a9f0	144		0
0x0015aa80	144		0
0x0015ab10	248		0
0x0015ac08	128		0
0x0015ac88	244		0
0x0015ada0	380		0
0x0015af20	144		0
0x0015afb0	144		0
0x0015b040	112		0
0x0015b0b0	440		0
0x0015b268	112		0
0x0015b2d8	440		0
0x0015b490	148		0
0x0015b528	112		0
0x0015b598	180		0
0x0015b650	84		0
0x0015b6a8	308		0
0x0015b7e0	148		0
0x0015b8c0	24		0
0x0015b8d8	64		0
0x0015b918	392		0
0x0015baa0	464		0
0x0015bc70	52		0
0x0015bca8	344		0
0x0015be00	1216		0
0x0015c2c0	320		0
0x0015c400	80		0
0x0015c450	32		0
0x0015c470	64		0
0x0015c4b0	328		0
0x0015c5f8	136		0
0x0015c680	8		0
0x0015c688	60		0
0x0015c6c8	44		0
0x0015c6f8	132		0
0x0015c780	36		0
0x0015c7a8	8		0
0x0015c7b0	164		0
0x0015c858	564		0
0x0015ca90	48		0
0x0015cac0	32		0
0x0015cae0	132		0
0x0015cb68	36		0
0x0015cb90	232		0
0x0015cc78	648		0
0x0015cf00	80		0
0x0015cf50	32		0
0x0015cf70	384		0
0x0015d0f0	52		0
0x0015d128	52		0
0x0015d160	704		0
0x0015d420	96	MissionComplete_Launch	0
0x0015d480	68		0
0x0015d4c8	32		0
0x0015d4e8	12		0
0x0015d4f8	68		0
0x0015d540	12		0
0x0015d550	12		0
0x0015d560	12		0
0x0015d570	12		0
0x0015d580	12		0
0x0015d590	12		0
0x0015d5a0	12		0
0x0015d5b0	44		0
0x0015d5e0	104	MissionSelect_SetCallbacks	0
0x0015d648	184	MissionSelect_Enter	0
0x0015d700	36		0
0x0015d728	360	MissionSelect_Exit	0
0x0015d890	724	MissionSelect_Update	0
0x0015db68	48		0
0x0015db98	32		0
0x0015dbb8	340	PauseMode_Enter	0
0x0015dd10	36		0
0x0015dd38	92	PauseMode_Exit	0
0x0015dd98	460	PauseMode_Update	0
0x0015df68	68		0
0x0015dfb0	32		0
0x0015dfd0	116		0
0x0015e048	172		0
0x0015e0f8	52		0
0x0015e130	264		0
0x0015e238	760		0
0x0015e530	152		0
0x0015e5c8	32		0
0x0015e5e8	100	GameModeStack_Push	0
0x0015e650	104	GameModeStack_Pop	0
0x0015e6b8	92	GameModeStack_RunUntilEmpty	0
0x0015e718	44		0
0x0015e748	68		0
0x0015e790	84		0
0x0015e7e8	76		0
0x0015e838	116		0
0x0015e8b0	344		0
0x0015ea08	52		0
0x0015ea40	608		0
0x0015eca0	1080		0
0x0015f0d8	168		0
0x0015f180	32		0
0x0015f1a0	124		0
0x0015f220	36		0
0x0015f248	188		0
0x0015f308	492		0
0x0015f4f8	68		0
0x0015f540	32		0
0x0015f560	12		0
0x0015f590	80		0
0x0015f658	112		0
0x0015f6c8	92		0
0x0015f728	8		0
0x0015f760	204		0
0x0015f830	256		0
0x0015f930	36		0
0x0015f958	968		0
0x0015fd20	192		0
0x0015fde0	80		0
0x0015fe30	32		0
0x0015fe50	60		0
0x0015fe90	2340		0
0x001607b8	1348		0
0x00160d00	56		0
0x00160d38	64		0
0x00160d78	52		0
0x00160db0	40		0
0x00160dd8	32		0
0x00160df8	1056	Game_InitializeSubsystems	0
0x00161218	152		0
0x001612b0	144	LoadScreen_Begin	0
0x00161340	52	LoadScreen_TickCallback	0
0x00161378	120	LoadScreen_End	0
0x001613f0	524		0
0x00161600	556	Preload_DrawLoadingIndicator	0
0x00161830	52		0
0x00161868	80		0
0x001618b8	56		0
0x001618f0	224	MemCardLoadScreen_Finish	0
0x001619d0	1744	MemCardLoadScreen_Tick	0
0x001620a0	1088	MemCardLoadScreen_Start	0
0x001624e0	52		0
0x00162518	80		0
0x00162568	48		0
0x00162598	240	LevelLoadScreen_Finish	0
0x00162688	1276	LevelLoadScreen_DrawProgressBar	0
0x00162b88	1768	LevelLoadScreen_Tick	0
0x00163270	864	LoadScreen_FormatTextureName	0
0x001635d0	696	LoadScreen_FormatTextureNameEx	0
0x00163888	896	LevelLoadScreen_Start	0
0x00163c08	60		0
0x00163c48	32		0
0x00163c68	556	Cheat_CheckSequence	0
0x00163e98	60	Cheat_SetCallback	0
0x00163ed8	48		0
0x00163f10	172		0
0x00163fc0	320		0
0x00164100	56		0
0x00164138	64		0
0x00164178	312		0
0x001642b0	64		0
0x001642f0	124		0
0x00164370	148		0
0x00164410	72		0
0x00164458	36		0
0x00164480	20		0
0x00164498	20		0
0x001644b0	20		0
0x001644c8	20		0
0x001644e0	20		0
0x001644f8	20		0
0x00164510	20		0
0x00164528	20		0
0x00164540	20		0
0x00164558	20		0
0x00164570	20		0
0x00164588	20		0
0x001645a0	20		0
0x001645b8	20		0
0x001645d0	60		0
0x00164610	24		0
0x00164630	252		0
0x00164738	168		0
0x001647e0	40	Gang_ClearMsgHandlers	0
0x00164808	540		0
0x00164a28	316	Gang_SetAlertState	0
0x00164b68	76		0
0x00164bb8	88		0
0x00164c10	16		0
0x00164c20	1432	Gang_OnEvent	0
0x001651b8	104		0
0x00165220	60		0
0x00165260	60		0
0x001652a0	68		0
0x001652e8	128	Gang_IsPointInTurf	0
0x00165368	196	Gang_HasIntruderInTurf	0
0x00165430	280	Gang_AreMembersReady	0
0x00165548	152		0
0x001655e0	92		0
0x00165640	52	Gang_SetTactic	0
0x00165678	192		0
0x00165738	476		0
0x00165918	260		0
0x00165a20	124		0
0x00165aa0	204		0
0x00165b70	276		0
0x00165c88	112		0
0x00165cf8	68		0
0x00165d40	572		0
0x00165f80	352		0
0x001660e0	116		0
0x00166158	196		0
0x00166220	212	Gang_CountStanding	0
0x00166308	460	Gang_AddMember	0
0x001664d8	380		0
0x00166708	1108	Gang_CachePlayerInfo	0
0x00166b60	408		0
0x00166cf8	276		0
0x00166e10	436		0
0x00166fc8	40		0
0x00166ff8	684	Gang_AddSpawner	0
0x001672a8	200	GangSpawner_OnHumanGone	0
0x00167370	72		0
0x001673b8	1580		0
0x001679e8	1212		0
0x00167ea8	684		0
0x00168158	68		0
0x001681a0	2300	GangSpawner_Update	0
0x00168aa0	180	Gang_FindSpawnerByName	0
0x00168b58	132	Gang_HasSpawnerNamed	0
0x00168be0	236		0
0x00168cd0	304	Gang_SetSpawnerState	0
0x00168e00	84		0
0x00168e68	76	GangSpawner_SetMustBeOffScreen	0
0x00168eb8	80	GangSpawner_SetMaxConcurrent	0
0x00168f08	40		0
0x00168f30	40		0
0x00168f58	132	Gang_AreFriends	0
0x00168fe0	124		0
0x00169060	104		0
0x001690c8	104	Gang_SetEnemyBit	0
0x00169130	108	Gang_ClearRelationBits	0
0x001691a0	712		0
0x00169468	44		0
0x00169498	32		0
0x001694b8	44		0
0x001694e8	32		0
0x00169508	104		0
0x00169570	68		0
0x001695b8	44		0
0x001695e8	32		0
0x00169608	40		0
0x00169630	40		0
0x00169658	136		0
0x001696e0	404	Gang_IsBeingHunted	0
0x00169878	40	Gang_SetWantedTimer	0
0x001698a0	40		0
0x001698c8	40	Gang_SetSecondWantedTimer	0
0x001698f0	304	Gang_UpdateWanted	0
0x00169a20	224	Gang_ClearWanted	0
0x00169b00	452	Gang_CalmMembers	0
0x00169cc8	104	Gang_ClearMembersBrainByte290	0
0x00169d30	168		0
0x00169dd8	200		0
0x00169ea0	316		0
0x00169fe0	28		0
0x0016a000	132		0
0x0016a088	320		0
0x0016a1c8	32		0
0x0016a1e8	48		0
0x0016a220	60		0
0x0016a260	68		0
0x0016a2a8	60		0
0x0016a2e8	60	Gang_SetRespondPercentage	0
0x0016a328	120		0
0x0016a3a8	80	Gang_RemoveTurfBox	0
0x0016a3f8	96	Gang_AddMemberByHandle	0
0x0016a458	80		0
0x0016a4a8	64	Gang_GetStandingCount	0
0x0016a4e8	80	Gang_IsGoodToGoById	0
0x0016a538	60		0
0x0016a578	108		0
0x0016a5e8	132	Gang_SetSightRange	0
0x0016a670	504		0
0x0016a870	160	Gang_EngageEnemy	0
0x0016a910	392	Gang_LookAt	0
0x0016aa98	156		0
0x0016ab38	88		0
0x0016ab90	172	Gang_ClearHandlers	0
0x0016ac40	80		0
0x0016ac98	80	Gang_SetEnemyById	0
0x0016acf0	140	Gang_MakeEnemies	0
0x0016ad80	140	Gang_MakeFriends	0
0x0016ae10	80	Gang_SetNeutral	0
0x0016ae60	44	Gang_MakeEnemiesOfType	0
0x0016ae90	44	Gang_MakeNeutralOfTypeById	0
0x0016aec0	260		0
0x0016afc8	76	Gang_StartSpawner	0
0x0016b018	60		0
0x0016b070	60	Gang_SetSpawnerMustBeOffScreen	0
0x0016b0b0	68	Gang_SetSpawnerMaxConcurrent	0
0x0016b108	112	Cfg_SetGangMusic	0
0x0016b178	256	Cfg_SetGang	0
0x0016b280	68		0
0x0016b2c8	144		0
0x0016b358	116		0
0x0016b3d0	140	Gang_SetThreatResponse	0
0x0016b460	140		0
0x0016b4f0	140		0
0x0016b580	96		0
0x0016b5e0	56		0
0x0016b618	76	Gang_HasSpawnerById	0
0x0016b678	176		0
0x0016b728	388	Gang_Respond	0
0x0016b8b0	28		0
0x0016b8d0	176	Gang_ClearBums	0
0x0016b980	148		0
0x0016ba18	164		0
0x0016bac0	148		0
0x0016bb58	148	Gang_SetAttackable	0
0x0016bbf0	248	Gang_SetHearRange	0
0x0016bcf0	72	Gang_SetCanFlee	0
0x0016bd38	176		0
0x0016bde8	72	Gang_SetAlwaysSeen	0
0x0016be30	172		0
0x0016bee0	148	Gang_SetReactToViolence	0
0x0016bf78	76		0
0x0016bfc8	172		0
0x0016c078	168		0
0x0016c120	372		0
0x0016c298	88		0
0x0016c2f0	104		0
0x0016c358	44		0
0x0016c388	32	Gang_Get	0
0x0016c3a8	200	Gang_SetHostileToKind	0
0x0016c470	328	Gang_MakeNeutralWithType	0
0x0016c5b8	368		0
0x0016c730	212		0
0x0016c808	368		0
0x0016c978	212		0
0x0016ca50	296		0
0x0016cb78	228		0
0x0016cc60	400		0
0x0016cdf0	628		0
0x0016d068	116		0
0x0016d0e0	144		0
0x0016d170	668	Gangs_Update	0
0x0016d410	72		0
0x0016d458	64		0
0x0016d498	168		0
0x0016d548	116		0
0x0016d5c0	8	KillHumans_Stub	0
0x0016d5d0	96		0
0x0016d630	32		0
0x0016d650	124		0
0x0016d6d8	64		0
0x0016d718	64		0
0x0016d758	64		0
0x0016d798	64		0
0x0016d7d8	44		0
0x0016d808	8		0
0x0016d810	76		0
0x0016d860	720		0
0x0016db30	320		0
0x0016dc70	308	Spawner_QueueCall	0
0x0016dda8	136		0
0x0016de30	196		0
0x0016def8	112		0
0x0016df68	388	Responders_Queue	0
0x0016e0f0	356	Responders_QueueGangCall	0
0x0016e258	300		0
0x0016e388	148		0
0x0016e420	644		0
0x0016e6a8	148		0
0x0016e740	432		0
0x0016e8f0	300		0
0x0016ea20	236		0
0x0016eb10	1556		0
0x0016f128	312		0
0x0016f260	260		0
0x0016f368	1556		0
0x0016f980	124		0
0x0016fa00	708		0
0x0016fcc8	192		0
0x0016fd90	584		0
0x0016ffd8	804		0
0x00170300	36		0
0x00170330	500		0
0x00170528	12		0
0x00170538	20		0
0x00170550	172		0
0x00170600	1316		0
0x00170b28	348		0
0x00170c88	1588		0
0x001712c0	636		0
0x00171540	192		0
0x00171608	764		0
0x00171908	16		0
0x00171920	300		0
0x00171a50	12		0
0x00171a68	172		0
0x00171b18	544		0
0x00171d38	544		0
0x00171f58	624		0
0x001721c8	140		0
0x00172258	40		0
0x00172280	140		0
0x00172388	180		0
0x00172440	180		0
0x001724f8	220		0
0x001725d8	280		0
0x001726f0	212		0
0x001727c8	280		0
0x001728e0	96		0
0x00172940	812		0
0x00172c70	240		0
0x00172d60	416		0
0x00172f00	36		0
0x00172f28	200		0
0x00172ff0	120		0
0x00173068	264		0
0x00173170	1316		0
0x001736a0	108		0
0x00173718	336		0
0x00173878	176		0
0x00173928	92		0
0x00173988	40		0
0x001739b0	236		0
0x00173aa0	300		0
0x00173bd0	1584		0
0x00174200	56		0
0x00174238	12		0
0x00174248	212		0
0x00174320	2008	HumanRender_Draw	0
0x00174af8	288		0
0x00174c18	228		0
0x00174d00	368		0
0x00174e70	208		0
0x00174f40	320		0
0x00175080	160		0
0x00175120	84		0
0x00175178	8		0
0x00175180	8		0
0x00175188	52		0
0x001751c0	68		0
0x00175208	8		0
0x00175210	72		0
0x00175258	108		0
0x001752c8	184		0
0x00175380	84		0
0x001753d8	268		0
0x001754e8	288		0
0x00175610	560		0
0x00175840	8		0
0x00175848	8		0
0x00175850	52		0
0x00175888	68		0
0x001758d0	72		0
0x00175928	84		0
0x00175980	228		0
0x00175a68	264		0
0x00175b78	112		0
0x00175be8	112		0
0x00175c58	1588		0
0x00176290	1624		0
0x001768e8	1144		0
0x00176d60	724		0
0x00177038	128		0
0x001770b8	28		0
0x001770d8	192		0
0x001771a0	112		0
0x00177210	44		0
0x00177240	656		0
0x001774d0	264		0
0x001775d8	1316		0
0x00177b00	128		0
0x00177b80	460		0
0x00177d50	176		0
0x00177e00	180		0
0x00177eb8	236		0
0x00177fa8	236		0
0x00178098	56		0
0x001780d0	8		0
0x001780d8	16		0
0x001780e8	132		0
0x00178178	140		0
0x00178208	224		0
0x001782e8	232		0
0x001783d0	288		0
0x001784f0	1556		0
0x00178b30	152		0
0x00178bc8	120		0
0x00178c48	256		0
0x00178d48	416		0
0x00178ee8	80		0
0x00178f38	8		0
0x00178f40	152		0
0x00178fd8	208		0
0x001790a8	144		0
0x00179138	280		0
0x00179250	188		0
0x00179310	100		0
0x00179378	636	Embers_Update	0
0x001795f8	348		0
0x00179758	144	Embers_Init	0
0x001797e8	28	Embers_Term	0
0x00179808	240		0
0x001798f8	84	Font_GetDefault	0
0x00179958	720		0
0x00179c30	1408		0
0x0017a1b0	20		0
0x0017a1c8	24		0
0x0017a1e0	120		0
0x0017a258	360		0
0x0017a3c0	312		0
0x0017a4f8	100	Device_GetScreenSize	0
0x0017a560	176		0
0x0017a610	112		0
0x0017a680	180		0
0x0017a738	180		0
0x0017a7f0	184		0
0x0017a8a8	48		0
0x0017a8d8	672		0
0x0017ab78	104		0
0x0017abe0	200		0
0x0017aca8	136		0
0x0017ad30	128		0
0x0017adb0	132		0
0x0017ae38	904		0
0x0017b1c0	32		0
0x0017b1e0	252	GroundRing_Queue	0
0x0017b2e0	1480	GroundRing_DrawQueued	0
0x0017b8a8	892	Im2D_DrawTexturedRing	0
0x0017bc28	668	Im2D_DrawTexturedDisc	0
0x0017bec8	988		0
0x0017c2a8	92		0
0x0017c308	192		0
0x0017c3c8	156		0
0x0017c468	32		0
0x0017c488	120		0
0x0017c508	392	Light_InitFromDescriptor	0
0x0017c690	108		0
0x0017c700	316	Light_GetDescriptor	0
0x0017c840	592	Light_ApplyDescriptor	0
0x0017ca90	8		0
0x0017ca98	12		0
0x0017caa8	1544	Light_UpdateFlickerAndCorona	0
0x0017d0b0	648	Light_SetFlickerTiming	0
0x0017d338	468		0
0x0017d510	100		0
0x0017d578	28		0
0x0017d598	164		0
0x0017d640	564		0
0x0017d880	1420	LightManager_CullForViewport	0
0x0017de10	1664	LightManager_SelectLights	0
0x0017e490	496		0
0x0017e680	60		0
0x0017e6c0	296		0
0x0017e7e8	40		0
0x0017e810	288	LightManager_UploadSelected	0
0x0017e930	304		0
0x0017ea60	472	LightManager_BeginViewport	0
0x0017ec38	64		0
0x0017ec78	8		0
0x0017ec80	64		0
0x0017ecc0	8		0
0x0017ecc8	152		0
0x0017ed60	292	LightManager_SetColourOffsets	0
0x0017ee88	144		0
0x0017ef20	576	Light_SetFromScript	0
0x0017f160	88	Light_SetState	0
0x0017f1b8	92	Light_SetFlicker	0
0x0017f218	68	LightManager_SetWorldAmbient	0
0x0017f260	8	Shadow_SetColour_Stub	0
0x0017f268	8	Shadow_SetLightOffset_Stub	0
0x0017f270	8	Shadow_Enable_Stub	0
0x0017f278	68		0
0x0017f2c0	192		0
0x0017f380	284		0
0x0017f4a0	356		0
0x0017f608	60		0
0x0017f650	124		0
0x0017f6d0	56		0
0x0017f708	152		0
0x0017f7a0	16		0
0x0017f7b0	8		0
0x0017f7b8	8		0
0x0017f7c0	8		0
0x0017f7c8	300		0
0x0017f8f8	160		0
0x0017f998	76		0
0x0017f9e8	148		0
0x0017fa80	120	ObjectRender_ApplyFadeDistance	0
0x0017faf8	208		0
0x0017fbc8	40		0
0x0017fbf0	392		0
0x0017fd78	2580	ObjectRender_Draw	0
0x00180790	80		0
0x001807e0	120		0
0x00180858	92		0
0x001808b8	264	ObjectModel_IsLoaded	0
0x001809c0	1300	ObjectModel_Request	0
0x00180ee0	108		0
0x00180f58	340	ObjectModel_MakeInstance	0
0x001810c0	176		0
0x00181170	56		0
0x001811a8	8		0
0x001811b0	120	ObjectList_FindByHash	0
0x00181228	20		0
0x00181248	92		0
0x001812a8	40		0
0x001812d0	300		0
0x00181400	236		0
0x001814f0	1584		0
0x00181b20	72		0
0x00181b68	308		0
0x00181ca0	372		0
0x00181e18	16		0
0x00181e28	16		0
0x00181e38	24		0
0x00181e50	240		0
0x00181f40	108		0
0x00181fb0	304		0
0x001820e0	236		0
0x001821d0	1612		0
0x00182820	144		0
0x001828b0	16		0
0x001828c0	24		0
0x001828e0	364		0
0x00182a50	120		0
0x00182ac8	88		0
0x00182b20	8		0
0x00182b28	8		0
0x00182b30	8		0
0x00182b38	8		0
0x00182b40	12		0
0x00182b50	132		0
0x00182bd8	96		0
0x00182c38	100		0
0x00182ca0	104		0
0x00182d08	76		0
0x00182d60	8		0
0x00182d70	12		0
0x00182d80	8		0
0x00182d88	8		0
0x00182d90	8		0
0x00182d98	8		0
0x00182da0	8		0
0x00182da8	8		0
0x00182db0	8		0
0x00182db8	8		0
0x00182dc0	8		0
0x00182dc8	8		0
0x00182dd0	8		0
0x00182dd8	8		0
0x00182de0	596		0
0x00183038	392		0
0x001831c0	848	Instance_DrawOneSpriteIm3D	0
0x00183510	192		0
0x001835d8	52		0
0x00183618	12		0
0x00183628	8		0
0x00183630	16	Raindrops_Configure	0
0x00183640	284		0
0x00183760	104		0
0x001837c8	108		0
0x00183838	844		0
0x00183b88	208		0
0x00183c58	748		0
0x00183f48	1568		0
0x00184568	744	Raindrops_Update	0
0x00184890	64		0
0x001848d0	68		0
0x00184918	1428		0
0x00184eb0	1060		0
0x001852d8	1716		0
0x00185990	12		0
0x001859a0	272		0
0x00185ab0	44		0
0x00185ae0	84		0
0x00185b38	400	ResourceMgr_Render3DSprites	0
0x00185cc8	84		0
0x00185d20	836		0
0x00186068	148		0
0x00186110	1496		0
0x001866e8	40		0
0x00186710	1908		0
0x00186e88	356		0
0x00186ff0	168		0
0x00187098	2248		0
0x00187960	88		0
0x001879b8	36		0
0x001879e0	100		0
0x00187a48	92		0
0x00187aa8	396		0
0x00187c38	236		0
0x00187d28	2476		0
0x001886d8	224		0
0x001887b8	188		0
0x00188878	112		0
0x001888f0	220		0
0x001889d0	212		0
0x00188aa8	2636		0
0x001894f8	44		0
0x00189528	252		0
0x00189628	152		0
0x001896c0	88		0
0x00189718	56		0
0x00189750	88		0
0x001897a8	1836	ResourceManager_LoadNearestModel	0
0x00189ed8	984		0
0x0018a2b0	384		0
0x0018a430	444		0
0x0018a5f0	300		0
0x0018a720	272		0
0x0018a830	208		0
0x0018a900	128		0
0x0018a980	412		0
0x0018ab20	172		0
0x0018abd0	364		0
0x0018ad40	384		0
0x0018aec0	200		0
0x0018af88	44		0
0x0018afb8	76		0
0x0018b008	76		0
0x0018b058	272		0
0x0018b168	116	ScreenFx_Queue	0
0x0018b1e0	640		0
0x0018b460	72		0
0x0018b4a8	416		0
0x0018b648	388		0
0x0018b7d0	380		0
0x0018b950	188		0
0x0018ba10	204		0
0x0018bae0	616		0
0x0018bd48	132		0
0x0018bdd0	136		0
0x0018be58	272		0
0x0018bf68	240		0
0x0018c058	684		0
0x0018c310	244		0
0x0018c408	1216		0
0x0018c8c8	188		0
0x0018c988	196		0
0x0018ca50	292		0
0x0018cb78	164		0
0x0018cc20	60		0
0x0018cc60	500		0
0x0018ce58	456		0
0x0018d020	52		0
0x0018d058	376		0
0x0018d1d0	636		0
0x0018d450	420		0
0x0018d5f8	620		0
0x0018d868	168		0
0x0018d910	364		0
0x0018da80	60		0
0x0018dac0	512		0
0x0018dcc0	116	ScreenFx_EnableHeat	0
0x0018dd38	28	ScreenFx_SpawnRainPlane	0
0x0018dd58	72	ScreenFx_SetRaindrops	0
0x0018dda0	268	ScreenFx_StartRain	0
0x0018deb0	80	ScreenFx_EndRain	0
0x0018df00	164	ScreenFx_StartFog	0
0x0018dfa8	80	ScreenFx_EndFog	0
0x0018dff8	76	ScreenFx_StartFilmGrain_Stub	0
0x0018e048	36	ScreenFx_EndFilmGrain	0
0x0018e070	132	ScreenFx_StartRoomSmoke	0
0x0018e0f8	80	ScreenFx_EndRoomSmoke	0
0x0018e148	412	Fog3D_Start	0
0x0018e2f0	212	Fog3D_SetMaxParticles	0
0x0018e3c8	164	Fog3D_End	0
0x0018e470	188		0
0x0018e530	188		0
0x0018e5f0	196	ScreenFx_SetColourOverlay	0
0x0018e6b8	196		0
0x0018e780	80		0
0x0018e7d0	8	Gamma_SetRamp_Stub	0
0x0018e7e8	172		0
0x0018e898	316		0
0x0018e9d8	8		0
0x0018e9e0	300		0
0x0018eb10	236		0
0x0018ec00	1584		0
0x0018f230	48		0
0x0018f268	960		0
0x0018f628	380		0
0x0018f7b0	8		0
0x0018f7b8	688		0
0x0018fa68	1144		0
0x0018fee0	1704	Human_TraceThrowAim	0
0x00190588	352		0
0x001906e8	136	ChunkReader_TextureDictionaryTid	0
0x00190770	148	ChunkReader_RenderwareTextureDic	0
0x00190810	2372		0
0x00191158	212		0
0x00191230	768	WaterEffect_Init	0
0x00191530	80		0
0x00191580	32		0
0x001915a0	392	WaterEffect_SetFrame	0
0x00191728	36		0
0x00191750	36		0
0x00191778	32		0
0x00191798	368		0
0x00191908	344		0
0x00191a60	884		0
0x00191dd8	1964	WaterEffect_Update	0
0x00192588	40		0
0x001925b0	28		0
0x001925d0	68		0
0x00192688	180		0
0x00192740	144		0
0x001927d8	128		0
0x00192858	24		0
0x00192870	20		0
0x00192888	24		0
0x001928a8	24		0
0x001928c0	20		0
0x001928d8	24		0
0x001928f0	20		0
0x00192908	252	RwMemory_Alloc	0
0x00192a08	192		0
0x00192ac8	204		0
0x00192b98	132		0
0x00192c20	820		0
0x00192f58	672		0
0x00193298	1820		0
0x001939b8	616		0
0x00193c20	352		0
0x00193d80	1796		0
0x00194488	200		0
0x00194558	2048		0
0x00194d58	204		0
0x00194e28	400		0
0x00194fb8	116		0
0x00195038	36		0
0x00195060	260		0
0x001951c0	120		0
0x00195238	244		0
0x00195330	120		0
0x001953a8	88		0
0x00195400	1200		0
0x001958b0	72		0
0x001958f8	44		0
0x00195928	84		0
0x00195980	40		0
0x001959a8	564		0
0x00195be0	28		0
0x00195c00	28		0
0x00195c20	36		0
0x00195c78	2028		0
0x00196468	56		0
0x001964a0	28		0
0x001964c0	132		0
0x001965d8	340		0
0x001968c0	520		0
0x00196ac8	140		0
0x00196b58	372	Im3D_DrawFlatFanPerViewport	0
0x00196cd0	40		0
0x00196cf8	32		0
0x00196d18	60		0
0x00196d60	44		0
0x00196d90	332		0
0x00196ee0	100		0
0x00196f48	72		0
0x00196f90	108		0
0x00197000	264		0
0x00197108	96		0
0x00197168	328		0
0x001972b0	1068		0
0x001976e8	224		0
0x001977c8	308		0
0x00197900	108		0
0x00197970	444		0
0x00197b30	68		0
0x00197b78	36		0
0x00197ba0	296		0
0x00197cd0	48		0
0x00197d00	84		0
0x00197d60	56		0
0x00197d98	44		0
0x00197dc8	36		0
0x00197df0	56		0
0x00197e28	148		0
0x00197ec0	176		0
0x00197f70	268		0
0x00198080	28		0
0x001980a0	52		0
0x001980e0	176		0
0x00198190	140		0
0x00198220	312		0
0x00198358	76		0
0x001983a8	40		0
0x001983d0	88		0
0x00198428	48		0
0x00198458	8		0
0x00198460	232		0
0x00198548	104		0
0x001985b0	144		0
0x00198658	84		0
0x001986b0	52		0
0x001986e8	80		0
0x00198738	24		0
0x00198750	100		0
0x001987b8	76		0
0x00198808	136		0
0x00198890	96		0
0x001988f0	28		0
0x00198910	28		0
0x00198940	32		0
0x00198960	32		0
0x00198980	44		0
0x001989b0	168		0
0x00198a58	176		0
0x00198b60	40		0
0x00198c80	180		0
0x00198e20	172		0
0x00198ed0	148		0
0x00198f70	128		0
0x00198ff0	24		0
0x00199008	24		0
0x00199020	24		0
0x00199038	24		0
0x00199050	24		0
0x00199068	76		0
0x001990b8	332		0
0x00199208	40		0
0x00199230	40		0
0x00199258	296		0
0x00199380	572		0
0x001995c0	40		0
0x001995e8	112		0
0x00199658	88		0
0x001996b0	292		0
0x001997d8	628		0
0x00199a50	340		0
0x00199ba8	608		0
0x00199e08	72		0
0x00199e50	504		0
0x0019a048	208		0
0x0019a118	160		0
0x0019a1b8	1164		0
0x0019a648	312		0
0x0019a780	348		0
0x0019a8e0	868		0
0x0019ac48	392		0
0x0019add0	508	OE_RoomSmoke_Construct	0
0x0019afd0	40		0
0x0019aff8	116		0
0x0019b070	292		0
0x0019b198	272	OE_RoomSmoke_PickDrift	0
0x0019b2a8	536		0
0x0019b4c0	484	OE_RoomSmoke_Update	0
0x0019b6a8	304		0
0x0019b7d8	232		0
0x0019b8c0	168		0
0x0019b968	264		0
0x0019ba70	72		0
0x0019bab8	244		0
0x0019bbb0	72		0
0x0019bbf8	24		0
0x0019bc10	380		0
0x0019bd90	148		0
0x0019be28	108		0
0x0019bea0	48		0
0x0019bed0	8		0
0x0019bee0	112		0
0x0019bf50	220		0
0x0019c030	64		0
0x0019c070	352		0
0x0019c1d0	340		0
0x0019c328	112		0
0x0019c398	84		0
0x0019c3f0	72		0
0x0019c438	352		0
0x0019c598	48		0
0x0019c5c8	32		0
0x0019c5e8	28		0
0x0019c608	48		0
0x0019c638	260		0
0x0019c740	176		0
0x0019c7f0	720		0
0x0019cac0	796		0
0x0019cde0	40		0
0x0019ce08	324		0
0x0019cf50	60		0
0x0019cf90	544		0
0x0019d1b0	48		0
0x0019d1e0	312		0
0x0019d318	116		0
0x0019d390	528		0
0x0019d5a0	36		0
0x0019d5c8	288		0
0x0019d6e8	64		0
0x0019d728	40		0
0x0019d750	132		0
0x0019d9d0	532		0
0x0019dbe8	100		0
0x0019dc50	860		0
0x0019dfb0	116		0
0x0019e030	1476		0
0x0019e5f8	104		0
0x0019e660	248		0
0x0019e758	1484		0
0x0019ed28	232		0
0x0019ee10	60		0
0x0019ee50	32		0
0x0019ee70	44	GlobalString_Get	0
0x0019eea0	60	GlobalString_Set	0
0x0019eee0	24		0
0x0019eef8	60		0
0x0019ef38	68		0
0x0019ef80	376	ActionPrompt_Setup	0
0x0019f0f8	48		0
0x0019f128	132		0
0x0019f1b0	192	ActionPrompt_SetText	0
0x0019f270	176	ActionPrompt_StartCycle	0
0x0019f320	8	ActionPrompt_StopCycle	0
0x0019f328	260	ActionPrompt_UpdateCycle	0
0x0019f430	152	ActionPrompt_SetRaise	0
0x0019f4c8	92		0
0x0019f528	808	ActionPrompt_Update	0
0x0019f850	100		0
0x0019f8b8	108		0
0x0019f928	92		0
0x0019f988	356		0
0x0019faf0	188		0
0x0019fbb0	336		0
0x0019fd00	160		0
0x0019fda0	1544		0
0x001a03a8	116		0
0x001a0420	972		0
0x001a07f0	216		0
0x001a08c8	80		0
0x001a0918	484		0
0x001a0b00	92		0
0x001a0b60	300		0
0x001a0c90	152		0
0x001a0d28	680		0
0x001a0fd0	56	Bar_Construct	0
0x001a1008	144	HudBar_Construct	0
0x001a1098	156		0
0x001a1138	2732	HudBar_Draw	0
0x001a1be8	16		0
0x001a1bf8	52	BaseWidget_Construct	0
0x001a1c30	80		0
0x001a1c80	312		0
0x001a1db8	340		0
0x001a1f10	144		0
0x001a1fc8	148		0
0x001a2060	164		0
0x001a2118	8		0
0x001a2120	112		0
0x001a2190	40		0
0x001a21b8	44		0
0x001a21e8	848		0
0x001a2538	124		0
0x001a25b8	8		0
0x001a25c0	120		0
0x001a2638	16		0
0x001a2648	20		0
0x001a2660	44		0
0x001a2690	636		0
0x001a2910	8		0
0x001a2918	164		0
0x001a29c0	1448		0
0x001a2f68	900		0
0x001a32f0	28		0
0x001a3310	36		0
0x001a3338	36		0
0x001a3360	248		0
0x001a3458	520		0
0x001a3660	76		0
0x001a36b0	108		0
0x001a3720	440		0
0x001a38d8	60		0
0x001a3918	8		0
0x001a3920	12		0
0x001a3930	92		0
0x001a3990	620		0
0x001a3c00	68		0
0x001a3c48	84		0
0x001a3ca0	96		0
0x001a3d00	776		0
0x001a4008	68		0
0x001a4050	348		0
0x001a41b0	352	ChaseHud_SetState	0
0x001a4310	56		0
0x001a4348	140		0
0x001a43d8	676		0
0x001a4690	60		0
0x001a46d0	116		0
0x001a4748	40		0
0x001a4770	8		0
0x001a47a8	40		0
0x001a47d0	192		0
0x001a4890	72		0
0x001a48d8	84		0
0x001a4930	556		0
0x001a4b60	92		0
0x001a4bc0	352		0
0x001a4d20	572		0
0x001a4f68	264		0
0x001a5070	732		0
0x001a5358	100		0
0x001a53c0	252		0
0x001a54c0	28		0
0x001a54e0	8		0
0x001a54e8	224		0
0x001a55c8	608		0
0x001a5828	480		0
0x001a5a08	416		0
0x001a5ba8	48		0
0x001a5bd8	332		0
0x001a5d28	56		0
0x001a5d60	32		0
0x001a5d80	64		0
0x001a5dc0	120		0
0x001a5e38	544		0
0x001a6058	60		0
0x001a6098	228		0
0x001a6180	316		0
0x001a62c0	2240		0
0x001a6b80	184		0
0x001a6c38	32	WarCommandDisplay_SetAllowed	0
0x001a6c58	208		0
0x001a6d28	724		0
0x001a7000	32		0
0x001a7020	28		0
0x001a7040	1900		0
0x001a77b0	1196		0
0x001a7d10	308		0
0x001a7e48	1768		0
0x001a8530	92		0
0x001a8590	1012		0
0x001a8988	448		0
0x001a8b48	708		0
0x001a8e10	32		0
0x001a8e30	68		0
0x001a8e78	48		0
0x001a8ea8	44		0
0x001a8ed8	68		0
0x001a8f20	12		0
0x001a8f30	8		0
0x001a8f38	12		0
0x001a8f48	44		0
0x001a8f78	12		0
0x001a8f88	8		0
0x001a8f90	36		0
0x001a8fb8	320		0
0x001a90f8	56		0
0x001a9130	848	Credits_Load	0
0x001a9480	100	Credits_Start	0
0x001a94e8	280		0
0x001a9608	108		0
0x001a9678	120		0
0x001a96f0	208		0
0x001a97c0	204		0
0x001a9890	204		0
0x001a9960	280		0
0x001a9a78	244		0
0x001a9b70	216		0
0x001a9c48	60		0
0x001a9c88	240		0
0x001a9d78	276		0
0x001a9e90	632		0
0x001aa108	300		0
0x001aa238	24		0
0x001aa250	60		0
0x001aa290	812		0
0x001aa5c0	108		0
0x001aa630	68		0
0x001aa678	64	HudCrimePanel_SetCustomText	0
0x001aa6b8	8		0
0x001aa6c0	44		0
0x001aa6f0	44		0
0x001aa720	560		0
0x001aa950	92		0
0x001aa9b0	500		0
0x001aaba8	324		0
0x001aacf0	128		0
0x001aad70	32		0
0x001aad90	92		0
0x001aadf0	64		0
0x001aae30	40		0
0x001aae58	204		0
0x001aaf28	92		0
0x001aaf88	132		0
0x001ab010	40		0
0x001ab038	204		0
0x001ab108	264		0
0x001ab210	96		0
0x001ab270	216		0
0x001ab348	728		0
0x001ab620	128		0
0x001ab6a0	40		0
0x001ab6c8	80		0
0x001ab718	64		0
0x001ab758	60		0
0x001ab798	84		0
0x001ab7f0	72		0
0x001ab838	68		0
0x001ab8e0	76		0
0x001ab930	296		0
0x001aba58	120		0
0x001abad0	156		0
0x001abb70	132		0
0x001abbf8	312		0
0x001abd30	224		0
0x001abe10	216		0
0x001abee8	120		0
0x001abf60	160		0
0x001ac000	232		0
0x001ac0e8	236		0
0x001ac1d8	284		0
0x001ac2f8	264		0
0x001ac400	232		0
0x001ac4e8	60		0
0x001ac528	244		0
0x001ac620	144		0
0x001ac6b0	140		0
0x001ac7d0	84		0
0x001ac828	868		0
0x001acb90	152		0
0x001acc28	52		0
0x001acc60	152		0
0x001accf8	28		0
0x001acd20	60		0
0x001acd60	380	ActionPrompt_FindNearbyHuman	0
0x001acee0	1700		0
0x001ad588	3568		0
0x001ae378	348		0
0x001ae4d8	196		0
0x001ae5a0	152		0
0x001ae638	496		0
0x001ae828	112		0
0x001ae898	60		0
0x001ae8d8	168		0
0x001ae980	1488		0
0x001aef50	192		0
0x001af010	9772		0
0x001b1640	68		0
0x001b1688	2220		0
0x001b1f38	244		0
0x001b2030	84		0
0x001b2088	84		0
0x001b20e0	20		0
0x001b20f8	172		0
0x001b21a8	84		0
0x001b2200	236		0
0x001b22f0	60		0
0x001b2330	76		0
0x001b2380	76		0
0x001b23d0	44		0
0x001b2400	44		0
0x001b2430	48		0
0x001b2460	48		0
0x001b2490	52		0
0x001b24d0	36		0
0x001b2500	28		0
0x001b2520	240		0
0x001b2610	68		0
0x001b2658	80		0
0x001b26a8	228		0
0x001b2790	132		0
0x001b2818	136	HUD_SetFixedCamIconVisible	0
0x001b28a0	24	HUD_SetReticuleRequest	0
0x001b28b8	48		0
0x001b28e8	48		0
0x001b2918	52		0
0x001b2950	60		0
0x001b2990	392		0
0x001b2b18	64		0
0x001b2b58	152		0
0x001b2bf0	80		0
0x001b2c40	96		0
0x001b2ca0	212		0
0x001b2d80	140		0
0x001b2e10	36	HudManager_SetRadarRange	0
0x001b2e38	48		0
0x001b2e68	48		0
0x001b2e98	80		0
0x001b2ee8	312		0
0x001b3020	568		0
0x001b3258	136		0
0x001b32e0	816		0
0x001b3610	552		0
0x001b3838	60		0
0x001b3878	8		0
0x001b3880	52		0
0x001b38b8	32		0
0x001b38d8	32		0
0x001b38f8	32		0
0x001b3918	40		0
0x001b3940	32		0
0x001b3960	64		0
0x001b39a0	64		0
0x001b39e0	344		0
0x001b3b38	48		0
0x001b3b68	60		0
0x001b3ba8	84		0
0x001b3c00	44		0
0x001b3c30	68		0
0x001b3c78	56		0
0x001b3cb0	96	HUD_ShowAnnouncement	0
0x001b3d10	20		0
0x001b3d28	40		0
0x001b3d58	36		0
0x001b3d80	36		0
0x001b3da8	36		0
0x001b3dd0	40		0
0x001b3df8	40		0
0x001b3e20	88		0
0x001b3e78	48		0
0x001b3ea8	32		0
0x001b3ec8	8		0
0x001b3ed0	32	HUD_HideAll	0
0x001b3ef0	32	HUD_HidePlayerPanels	0
0x001b3f10	32	HUD_ShowPlayerPanels	0
0x001b3f30	40	HUD_ForceShowPlayer	0
0x001b3f58	28	HUD_FlashRageBar	0
0x001b3f78	32	HUD_ShowAll	0
0x001b3f98	36	HUD_RadarAddObjective	0
0x001b3fc0	40		0
0x001b3fe8	76		0
0x001b4038	92	HUD_RadarSetIcon	0
0x001b4098	36	HUD_RadarRemove	0
0x001b40c0	32	HUD_SetRadarRange	0
0x001b40e0	20	HUD_SetRadarZoomScale	0
0x001b40f8	84		0
0x001b4168	304	HUD_RadarAddHuman	0
0x001b4298	52	HUD_RadarFlash	0
0x001b42d8	36		0
0x001b4300	36		0
0x001b4328	124	HUD_RadarOn	0
0x001b43a8	116	HUD_RadarOff	0
0x001b4438	156		0
0x001b44d8	436	HUD_ANLaunchEndScreen	0
0x001b4690	12	HUD_ANSetGOSignMode	0
0x001b46a0	60	HUD_ANEnableJoinMsg	0
0x001b46e0	28	HUD_ANSetCredits	0
0x001b4700	28	HUD_ANGetCredits	0
0x001b4720	28		0
0x001b4740	36	HUD_EnableFixedCamIcon	0
0x001b4768	40		0
0x001b4790	40	HUD_PanelAlloc	0
0x001b47b8	36	HUD_PanelRelease	0
0x001b47e0	36	HUD_PanelSetValue	0
0x001b4808	48		0
0x001b4838	152	Gamma_Set	0
0x001b48d0	56	Gamma_Get	0
0x001b4908	64	LightManager_SetColourOffset	0
0x001b4948	52	HUD_ShowWarCommand	0
0x001b4980	40	Tutorial_QueueText	0
0x001b49a8	36	Tutorial_Contains	0
0x001b49d0	36	Tutorial_Flush	0
0x001b49f8	48		0
0x001b4a28	84		0
0x001b4a88	48	ChaseHud_Destroy	0
0x001b4ab8	232		0
0x001b4ba0	212	HUD_EnableRedBar	0
0x001b4c78	32		0
0x001b4c98	568	HUD_EnableLabelledBar	0
0x001b4ed0	44		0
0x001b4f00	192	HUD_EnableGaugeBar	0
0x001b4fc0	72		0
0x001b5008	888	HUD_EnableBarStack	0
0x001b5380	44		0
0x001b53b0	156	HUD_EnableBar	0
0x001b5450	160	HUD_SetBarPercentage	0
0x001b54f0	160	HUD_SetBarProperty	0
0x001b5590	568	HUD_EnableTextProgress	0
0x001b57c8	708	HUD_SetTextProgress	0
0x001b5a90	76	HUD_TurnOnActionCycleAnim	0
0x001b5ae0	36	HUD_TurnOffActionCycleAnim	0
0x001b5b08	120	HUD_SetAnnounceMessage	0
0x001b5b80	144	HUD_SetANBossTexture	0
0x001b5c10	28	Cfg_SetAnnounceMessage	0
0x001b5c30	148	HUD_EnableInstructionArrow	0
0x001b5cc8	36		0
0x001b5cf0	72		0
0x001b5d38	60		0
0x001b5d78	92		0
0x001b5dd8	132		0
0x001b5e60	48		0
0x001b5e90	12	Tutorial_SetCallback	0
0x001b5ea8	220	HUD_SetActionTextHigh	0
0x001b5f88	40		0
0x001b5fb0	32		0
0x001b5fd0	32		0
0x001b5ff0	16	GameState_SetTutorialText	0
0x001b6000	16		0
0x001b6010	84		0
0x001b6078	108		0
0x001b6100	28		0
0x001b6120	28		0
0x001b6140	28		0
0x001b6168	496		0
0x001b6358	904		0
0x001b66e0	144		0
0x001b6770	68		0
0x001b67b8	996		0
0x001b6ba0	176		0
0x001b6c50	412		0
0x001b6df0	80		0
0x001b6e40	152		0
0x001b6ed8	132		0
0x001b6f60	76		0
0x001b6fb0	272		0
0x001b70c0	40		0
0x001b70e8	240		0
0x001b71d8	244		0
0x001b72d0	92		0
0x001b7330	324		0
0x001b7478	120		0
0x001b74f0	144		0
0x001b7580	108		0
0x001b75f0	20		0
0x001b7608	644		0
0x001b7890	8		0
0x001b7898	192		0
0x001b7958	160		0
0x001b79f8	32		0
0x001b7a18	332	LockPickDial_SetDifficulty	0
0x001b7b68	32		0
0x001b7b88	132		0
0x001b7c10	668		0
0x001b7eb0	964		0
0x001b8278	168		0
0x001b8320	260		0
0x001b8428	264		0
0x001b8530	2052	LockPickDial_Draw	0
0x001b8d38	408	LockPickDial_Judge	0
0x001b8ed0	124		0
0x001b8f50	40		0
0x001b8f78	32		0
0x001b8f98	164		0
0x001b9040	80		0
0x001b9090	500		0
0x001b9288	8		0
0x001b9290	224		0
0x001b9370	40		0
0x001b93a0	8		0
0x001b93a8	204		0
0x001b9478	8		0
0x001b9480	80		0
0x001b94d0	8		0
0x001b94d8	8		0
0x001b94e0	100		0
0x001b9548	180		0
0x001b9600	5664		0
0x001bac20	700		0
0x001baee0	236		0
0x001bafd0	44		0
0x001bb000	52		0
0x001bb038	392		0
0x001bb1c0	28		0
0x001bb1e0	112		0
0x001bb250	92	MarkupText_SetText	0
0x001bb2b0	64		0
0x001bb2f0	156	MarkupText_IsExpired	0
0x001bb390	172		0
0x001bb440	92		0
0x001bb4a0	260		0
0x001bb5a8	164		0
0x001bb650	364		0
0x001bb7c0	184		0
0x001bb878	44		0
0x001bb8a8	776		0
0x001bbbb0	1140		0
0x001bc028	76		0
0x001bc078	136		0
0x001bc168	160		0
0x001bc208	180		0
0x001bc2c0	48		0
0x001bc2f0	52		0
0x001bc328	144		0
0x001bc3b8	132		0
0x001bc440	116		0
0x001bc4b8	116		0
0x001bc530	116		0
0x001bc5a8	900		0
0x001bc930	256		0
0x001bca30	60		0
0x001bca70	472		0
0x001bcc48	388		0
0x001bcdd8	1616		0
0x001bd428	704		0
0x001bd6e8	84		0
0x001bd740	244		0
0x001bd838	980		0
0x001bdc10	52		0
0x001bdc48	132		0
0x001bdcd0	100		0
0x001bdd38	220	MissionSelect_OnAccept	0
0x001bde18	600		0
0x001be070	192		0
0x001be130	96		0
0x001be198	1708		0
0x001be848	268		0
0x001be970	144		0
0x001bea00	484		0
0x001bebe8	76		0
0x001bec38	116		0
0x001becb0	948		0
0x001bf068	40		0
0x001bf090	1872		0
0x001bf7e0	1244		0
0x001bfcc0	112		0
0x001bfd30	2316		0
0x001c0640	8		0
0x001c0648	944		0
0x001c09f8	436		0
0x001c0bb0	888		0
0x001c0f28	768		0
0x001c1228	1120		0
0x001c1688	32		0
0x001c16a8	68		0
0x001c16f0	40		0
0x001c1718	32		0
0x001c1738	196		0
0x001c1800	108		0
0x001c1870	80		0
0x001c18c0	64		0
0x001c1900	476		0
0x001c1ae0	48		0
0x001c1b10	68		0
0x001c1b58	372		0
0x001c1cd0	92		0
0x001c1d30	108		0
0x001c1da0	480		0
0x001c1f80	676		0
0x001c2228	72		0
0x001c2270	28		0
0x001c2290	32		0
0x001c22b0	52	HudGenericBar_SetWidth	0
0x001c22e8	292		0
0x001c2410	92		0
0x001c2470	176		0
0x001c2520	12		0
0x001c2530	52	HudGenericBar_SetFill	0
0x001c2568	28		0
0x001c2588	92		0
0x001c25e8	80		0
0x001c2638	336		0
0x001c2788	84		0
0x001c27e0	8		0
0x001c27e8	80		0
0x001c2838	144		0
0x001c28c8	60		0
0x001c2908	56		0
0x001c2940	72		0
0x001c2988	8		0
0x001c2990	8		0
0x001c2998	92		0
0x001c29f8	24		0
0x001c2a10	28		0
0x001c2a30	136		0
0x001c2ab8	60		0
0x001c2af8	80		0
0x001c2b48	408		0
0x001c2ce0	52		0
0x001c2d18	52		0
0x001c2d50	60		0
0x001c2d90	60		0
0x001c2dd0	96		0
0x001c2e38	244		0
0x001c2f30	96		0
0x001c2f90	244		0
0x001c3088	24		0
0x001c30a0	476		0
0x001c3280	904		0
0x001c3608	492		0
0x001c37f8	112		0
0x001c3868	112		0
0x001c38d8	148		0
0x001c3978	132		0
0x001c3a00	96		0
0x001c3a60	120		0
0x001c3ae0	8		0
0x001c3ae8	28		0
0x001c3b08	560		0
0x001c3d38	136		0
0x001c3dc0	32		0
0x001c3de0	960	Radar_Setup	0
0x001c41a0	316		0
0x001c42e0	8		0
0x001c42e8	156		0
0x001c4388	188		0
0x001c4448	180		0
0x001c4500	40		0
0x001c4528	120		0
0x001c45a0	148		0
0x001c4640	76		0
0x001c4690	216		0
0x001c4768	344		0
0x001c48c0	160		0
0x001c4960	112		0
0x001c49d0	108		0
0x001c4a40	412		0
0x001c4be0	164		0
0x001c4c88	116		0
0x001c4d00	760		0
0x001c4ff8	268		0
0x001c5108	76		0
0x001c5158	48		0
0x001c5188	136		0
0x001c5210	3740		0
0x001c60b0	1664		0
0x001c6730	324		0
0x001c6878	112		0
0x001c68e8	64		0
0x001c6928	40		0
0x001c6950	204		0
0x001c6a20	156		0
0x001c6ac0	120		0
0x001c6b38	60		0
0x001c6b78	8		0
0x001c6b80	104		0
0x001c6be8	40		0
0x001c6c10	8		0
0x001c6c18	704		0
0x001c6ed8	128		0
0x001c6f58	76		0
0x001c6fa8	28		0
0x001c6fc8	352		0
0x001c7128	584		0
0x001c7370	120		0
0x001c73e8	32		0
0x001c7408	124		0
0x001c7488	424		0
0x001c7630	120		0
0x001c76a8	136		0
0x001c7730	300		0
0x001c7860	48		0
0x001c7890	148		0
0x001c7928	1304		0
0x001c7e40	60		0
0x001c7e80	400	ScreenFlowController_Construct	1
0x001c8010	184	ScreenFlowController_AddTransition	1
0x001c80c8	28	ScreenFlowController_PushState	1
0x001c80e8	256	ScreenFlowController_Push	1
0x001c81e8	252	ScreenFlowController_UnwindTo	1
0x001c82e8	220	ScreenFlowController_Pop	1
0x001c83c8	452	ScreenFlowController_Update	1
0x001c8590	152	ScreenFlowController_Destroy	1
0x001c8628	44	ScreenFlowController_GetTop	1
0x001c8658	184	ScreenFlowController_SetShared	1
0x001c8710	224	ScreenFlowController_GetShared	1
0x001c87f0	68		0
0x001c8838	72		0
0x001c8880	544		0
0x001c8aa0	92		0
0x001c8b08	680		0
0x001c8db0	20		0
0x001c8dc8	64		0
0x001c8e08	148		0
0x001c8ea0	392		0
0x001c9028	1180		0
0x001c94c8	348		0
0x001c9628	180		0
0x001c96e0	64		0
0x001c9720	40		0
0x001c9748	204		0
0x001c9818	140		0
0x001c98a8	204		0
0x001c9978	340		0
0x001c9ad0	1608		0
0x001ca118	100		0
0x001ca180	140		0
0x001ca210	16		0
0x001ca220	60		0
0x001ca260	112		0
0x001ca2d0	1476		0
0x001ca898	108		0
0x001ca908	68		0
0x001ca950	572	Captions_Draw	0
0x001cab90	44		0
0x001cabc0	180	Captions_Init	0
0x001cac78	72		0
0x001cacc0	120	Captions_SelectLanguage	0
0x001cad38	284	Captions_SelectScene	0
0x001cae58	8		0
0x001cae60	316	Captions_WaitTitleCard	0
0x001cafa0	92		0
0x001cb000	8		0
0x001cb008	8		0
0x001cb010	380	Captions_SetKind	0
0x001cb190	200	Captions_Next	0
0x001cb2a8	140		0
0x001cb340	88		0
0x001cb398	124		0
0x001cb418	80		0
0x001cb468	648		0
0x001cb6f0	136		0
0x001cb778	28		0
0x001cb798	2564		0
0x001cc1a0	112		0
0x001cc210	48		0
0x001cc240	172		0
0x001cc2f0	1700		0
0x001cc998	108		0
0x001cca08	116		0
0x001cca80	648		0
0x001ccd08	132		0
0x001ccd90	160		0
0x001cce30	52		0
0x001cce68	40		0
0x001cce90	40		0
0x001cceb8	88		0
0x001ccf10	120		0
0x001ccf88	52		0
0x001ccfc0	48		0
0x001ccff0	108		0
0x001cd060	288		0
0x001cd180	8		0
0x001cd188	8		0
0x001cd190	12		0
0x001cd1b0	8		0
0x001cd1b8	8		0
0x001cd1c0	8		0
0x001cd1c8	12		0
0x001cd1d8	8		0
0x001cd1e0	156		0
0x001cd280	8		0
0x001cd288	316		0
0x001cd3c8	52		0
0x001cd400	376		0
0x001cd578	112		0
0x001cd5e8	348	StopWatchHud_UpdateMinutes	0
0x001cd748	320	StopWatchHud_UpdateSeconds	0
0x001cd888	60		0
0x001cd8c8	24		0
0x001cd8e0	76		0
0x001cd930	84		0
0x001cd988	664		0
0x001cdc20	96		0
0x001cdc80	1380	HintBox_Update	0
0x001ce1e8	48	HintBox_QueueGameHint	0
0x001ce218	424	HintBox_InsertByPriority	0
0x001ce3c0	396	HintBox_Queue	0
0x001ce550	108	HintBox_Contains	0
0x001ce5c0	340	HintBox_Withdraw	0
0x001ce718	44	HintBox_WithdrawGameHint	0
0x001ce748	368	HintBox_FlushPriority	0
0x001ce8b8	240		0
0x001ce9a8	144	Tutorial_CallCallback	0
0x001cea38	56		0
0x001cea70	60		0
0x001ceab0	80		0
0x001ceb00	60		0
0x001ceb40	232		0
0x001cec28	76		0
0x001cec78	32		0
0x001cec98	20		0
0x001cecb0	28		0
0x001cecd0	100		0
0x001ced38	8		0
0x001ced40	68		0
0x001ced88	96		0
0x001cede8	28	HUD_LaunchANGameOver	0
0x001cee08	80		0
0x001cee58	104		0
0x001ceec0	44		0
0x001ceef0	28		0
0x001cef10	1096		0
0x001cf358	76		0
0x001cf3a8	188		0
0x001cf468	2060	ANGameOver_Update	0
0x001cfc78	468		0
0x001cfe50	80		0
0x001cfea0	32		0
0x001cfec0	136		0
0x001cff48	80		0
0x001cff98	104		0
0x001d0010	1076		0
0x001d0448	56		0
0x001d0480	200		0
0x001d0548	1168		0
0x001d09d8	92		0
0x001d0a38	80		0
0x001d0a88	32		0
0x001d0aa8	196		0
0x001d0b70	248		0
0x001d0c68	172		0
0x001d0d18	716		0
0x001d0fe8	28		0
0x001d1008	140		0
0x001d1098	112		0
0x001d1108	112		0
0x001d1178	28		0
0x001d1198	48		0
0x001d11c8	48		0
0x001d11f8	84		0
0x001d1250	1172		0
0x001d16e8	352		0
0x001d1848	140	GameMenu_Construct	0
0x001d18d8	128		0
0x001d1958	76		0
0x001d19a8	64		0
0x001d19e8	48		0
0x001d1a18	132		0
0x001d1aa0	420		0
0x001d1c48	144		0
0x001d1cd8	44		0
0x001d1d08	32		0
0x001d1d28	604		0
0x001d1f88	48	MissionFailed_Launch	0
0x001d1fb8	52		0
0x001d1ff0	40		0
0x001d2018	88		0
0x001d2070	88		0
0x001d20c8	92		0
0x001d2128	576		0
0x001d2368	48		0
0x001d2398	52		0
0x001d23d0	1440	MissionFailedMenu_Open	0
0x001d2970	160		0
0x001d2a10	384		0
0x001d2b90	468	MissionFailedMenu_Update	0
0x001d2d68	72		0
0x001d2db0	48		0
0x001d2de0	32		0
0x001d2e00	124		0
0x001d2e80	140		0
0x001d2f10	728		0
0x001d31e8	708		0
0x001d34b0	56		0
0x001d34e8	8		0
0x001d34f0	100		0
0x001d3558	68		0
0x001d35a0	84		0
0x001d35f8	1200		0
0x001d3aa8	132		0
0x001d3b30	96		0
0x001d3b90	32		0
0x001d3bb0	104		0
0x001d3c18	40		0
0x001d3c40	76		0
0x001d3c90	64		0
0x001d3cd0	72		0
0x001d3d18	68		0
0x001d3d60	52		0
0x001d3d98	60		0
0x001d3dd8	8		0
0x001d3de0	76		0
0x001d3e30	92		0
0x001d3e90	92		0
0x001d3ef0	132		0
0x001d3f78	132		0
0x001d4000	272		0
0x001d4110	240		0
0x001d4200	48		0
0x001d4230	440		0
0x001d43e8	8		0
0x001d43f0	40		0
0x001d4418	156		0
0x001d44b8	116		0
0x001d4530	60		0
0x001d4570	28		0
0x001d4590	56		0
0x001d45c8	48		0
0x001d45f8	48		0
0x001d4628	356		0
0x001d4790	332		0
0x001d48e0	336		0
0x001d4a30	340		0
0x001d4b88	180		0
0x001d4c40	232		0
0x001d4d28	144		0
0x001d4db8	140		0
0x001d4e48	216		0
0x001d4f20	936		0
0x001d52c8	136		0
0x001d5350	72		0
0x001d5398	92		0
0x001d53f8	88		0
0x001d5450	408		0
0x001d55f8	168		0
0x001d56a0	96		0
0x001d5700	264		0
0x001d5808	100		0
0x001d5870	56		0
0x001d58a8	88		0
0x001d5900	556		0
0x001d5b30	152		0
0x001d5bc8	108		0
0x001d5c38	180		0
0x001d5cf0	212		0
0x001d5dc8	664		0
0x001d6060	132		0
0x001d60e8	116		0
0x001d6160	116		0
0x001d61d8	256		0
0x001d62d8	280		0
0x001d63f0	60		0
0x001d6430	80		0
0x001d6480	44		0
0x001d64b0	188		0
0x001d6570	28		0
0x001d6590	56		0
0x001d65c8	28		0
0x001d65e8	56		0
0x001d6620	80		0
0x001d6670	92		0
0x001d66d0	104		0
0x001d6738	460		0
0x001d6908	8		0
0x001d6910	80		0
0x001d6960	28		0
0x001d6980	208		0
0x001d6a60	48		0
0x001d6a90	60		0
0x001d6ad0	48		0
0x001d6b00	268		0
0x001d6c10	488	YesNoBox_OnCommand	0
0x001d6df8	136		0
0x001d6e80	120		0
0x001d6ef8	796		0
0x001d7218	28		0
0x001d7238	12		0
0x001d7248	40		0
0x001d7270	220		0
0x001d7350	92		0
0x001d73b0	112		0
0x001d7420	112		0
0x001d7490	440		0
0x001d7648	76		0
0x001d7698	104		0
0x001d7700	600		0
0x001d7958	788		0
0x001d7c70	60		0
0x001d7cb0	48		0
0x001d7ce0	48		0
0x001d7d10	216		0
0x001d7de8	60		0
0x001d7e28	108		0
0x001d7e98	88		0
0x001d7ef0	160		0
0x001d7f90	92		0
0x001d7ff0	92		0
0x001d8050	84		0
0x001d80e0	296		0
0x001d8258	388		0
0x001d83e0	44		0
0x001d8410	44		0
0x001d8440	96		0
0x001d84a0	184		0
0x001d8558	200		0
0x001d8620	56		0
0x001d8658	68		0
0x001d86a8	7328		0
0x001da348	176		0
0x001da3f8	604		0
0x001da658	552		0
0x001da880	312		0
0x001da9b8	24		0
0x001da9d0	100		0
0x001daa38	24		0
0x001daa50	84		0
0x001daaa8	104		0
0x001dab10	32		0
0x001dab30	596		0
0x001dad88	1216	HUD_SetObjective	0
0x001db248	36		0
0x001db278	324	PauseMenu_OnConfirm	0
0x001db3c0	240	PauseMenu_Construct	0
0x001db4b0	156		0
0x001db550	664		0
0x001db7e8	132		0
0x001db870	120		0
0x001db8e8	48		0
0x001db918	16		0
0x001db928	592		0
0x001dbb78	872		0
0x001dbee0	3036	PauseMenu_Open	0
0x001dcac0	96		0
0x001dcb20	216	PauseMenu_Close	0
0x001dcc00	40		0
0x001dcc28	596		0
0x001dce80	564		0
0x001dd0b8	188		0
0x001dd178	40		0
0x001dd1a0	44		0
0x001dd1d0	40		0
0x001dd1f8	96		0
0x001dd258	124		0
0x001dd2e0	248		0
0x001dd3d8	248		0
0x001dd4d0	1772		0
0x001ddbc0	312	PauseMenu_FadeOut	0
0x001ddcf8	1932	PauseMenu_Update	0
0x001de488	568		0
0x001de6c0	1600	PauseMenu_SelectItem	0
0x001ded00	72		0
0x001ded48	28		0
0x001ded68	148		0
0x001dee00	1444	PauseMenu_OnCommand	0
0x001df3a8	156		0
0x001df448	104		0
0x001df4b0	20		0
0x001df4c8	20		0
0x001df4e0	264		0
0x001df5e8	228		0
0x001df6d0	44		0
0x001df700	1284	PauseMenu_Render	0
0x001dfc08	52		0
0x001dfc40	64		0
0x001dfc80	380		0
0x001dfe00	32		0
0x001dfe20	100		0
0x001dfe88	100		0
0x001dfef0	80		0
0x001dff40	104		0
0x001dffa8	44		0
0x001dffd8	44		0
0x001e0008	1060		0
0x001e0430	44		0
0x001e0460	252		0
0x001e0560	536		0
0x001e0778	544		0
0x001e0998	48		0
0x001e09c8	32		0
0x001e09e8	112		0
0x001e0a58	52		0
0x001e0a98	88		0
0x001e0af0	40		0
0x001e0b18	64		0
0x001e0b58	300		0
0x001e0c90	440		0
0x001e0e48	104		0
0x001e0eb0	100		0
0x001e0f18	128		0
0x001e0f98	772		0
0x001e12a0	152		0
0x001e1338	284		0
0x001e1458	244		0
0x001e1550	412		0
0x001e16f0	272		0
0x001e1800	48		0
0x001e1830	516		0
0x001e1a38	288		0
0x001e1be0	96		0
0x001e1c40	120		0
0x001e1cb8	184		0
0x001e1d70	212		0
0x001e1e48	224		0
0x001e1f28	60		0
0x001e1f68	60		0
0x001e1fa8	56		0
0x001e1fe0	176		0
0x001e2090	156		0
0x001e2130	140		0
0x001e21c0	12		0
0x001e21d8	3140		0
0x001e2e40	256		0
0x001e2f40	84		0
0x001e2f98	80		0
0x001e2fe8	136		0
0x001e3070	204		0
0x001e3140	64		0
0x001e31e0	60		0
0x001e3248	84		0
0x001e32a0	296		0
0x001e33c8	144		0
0x001e3458	104		0
0x001e34c0	92		0
0x001e3520	180		0
0x001e35d8	28		0
0x001e35f8	116		0
0x001e3670	56		0
0x001e36a8	172		0
0x001e3758	208		0
0x001e3828	1388		0
0x001e3d98	192		0
0x001e3e60	112		0
0x001e3ed0	100		0
0x001e3f38	96		0
0x001e3f98	180		0
0x001e4050	224		0
0x001e4130	1040		0
0x001e4540	180		0
0x001e45f8	32		0
0x001e4618	164		0
0x001e46c0	352		0
0x001e4820	232		0
0x001e4908	128		0
0x001e4988	152		0
0x001e4a30	1016		0
0x001e4e28	124		0
0x001e4ea8	108		0
0x001e4f18	532		0
0x001e5130	452		0
0x001e52f8	8		0
0x001e5300	312		0
0x001e5438	60		0
0x001e5478	32		0
0x001e5498	168		0
0x001e5540	216		0
0x001e5618	3860		0
0x001e6530	204		0
0x001e6600	148		0
0x001e6698	224		0
0x001e6778	1400		0
0x001e6cf0	8		0
0x001e6cf8	296		0
0x001e6e20	84		0
0x001e6e78	32		0
0x001e6e98	84		0
0x001e6ef0	92		0
0x001e6f50	880		0
0x001e72c0	60		0
0x001e7300	48		0
0x001e7330	8		0
0x001e7338	28		0
0x001e7358	8		0
0x001e7360	28		0
0x001e7380	28		0
0x001e73a0	100		0
0x001e7408	92		0
0x001e7468	740		0
0x001e7750	68		0
0x001e77a0	100		0
0x001e7808	92		0
0x001e7868	48		0
0x001e7898	360		0
0x001e7a00	364		0
0x001e7b70	520		0
0x001e7d78	116		0
0x001e7df0	104		0
0x001e7e58	28		0
0x001e7e78	44		0
0x001e7ea8	76		0
0x001e7ef8	88		0
0x001e7f50	204		0
0x001e8020	256		0
0x001e8120	156		0
0x001e81c0	420		0
0x001e8368	640		0
0x001e85e8	112		0
0x001e8658	112		0
0x001e86c8	1588		0
0x001e8d00	208		0
0x001e8dd0	272		0
0x001e8ee0	420		0
0x001e9088	108		0
0x001e90f8	56		0
0x001e9130	172		0
0x001e91e8	100		0
0x001e9250	72		0
0x001e9298	56		0
0x001e92d0	40		0
0x001e92f8	52		0
0x001e9330	56		0
0x001e9368	88		0
0x001e93c0	164		0
0x001e9468	172		0
0x001e9518	168		0
0x001e95c0	1072		0
0x001e99f8	164		0
0x001e9aa8	24		0
0x001e9ac0	24		0
0x001e9ae8	80		0
0x001e9b38	80		0
0x001e9b88	8		0
0x001e9bf0	408		0
0x001e9da0	460		0
0x001e9f70	2164		0
0x001ea7e8	284		0
0x001ea908	220		0
0x001ea9e8	68		0
0x001eaa30	388		0
0x001eabc0	1288		0
0x001eb0c8	1868		0
0x001eb818	432		0
0x001eb9c8	48		0
0x001eb9f8	224		0
0x001ebad8	28		0
0x001ebaf8	40		0
0x001ebb20	108		0
0x001ebb90	124		0
0x001ebc10	496		0
0x001ebe00	404		0
0x001ebf98	36		0
0x001ebfc0	104		0
0x001ec028	260		0
0x001ec130	264		0
0x001ec238	304		0
0x001ec368	220		0
0x001ec448	68		0
0x001ec490	1264		0
0x001ec980	352		0
0x001ecae0	8668		0
0x001eecc0	916		0
0x001ef058	240		0
0x001ef150	680		0
0x001ef3f8	148		0
0x001ef490	188		0
0x001ef550	84		0
0x001ef5a8	184		0
0x001ef660	120		0
0x001ef6d8	228		0
0x001ef7c0	1476		0
0x001efd88	28		0
0x001efda8	40		0
0x001efdd0	108		0
0x001efe40	1504		0
0x001f0420	2624		0
0x001f0e60	416		0
0x001f1000	1860		0
0x001f1748	892		0
0x001f1ac8	152		0
0x001f1b60	44		0
0x001f1b90	120		0
0x001f1c08	112		0
0x001f1c78	388		0
0x001f1e00	424		0
0x001f1fa8	1044		0
0x001f23c0	164		0
0x001f2468	488		0
0x001f2650	88		0
0x001f26a8	56		0
0x001f26e0	60		0
0x001f2720	144		0
0x001f27b0	32		0
0x001f27d0	260		0
0x001f28d8	220		0
0x001f29b8	68		0
0x001f2a00	1168		0
0x001f2e90	356		0
0x001f2ff8	196		0
0x001f30c0	100		0
0x001f3128	132		0
0x001f31b0	28		0
0x001f31d0	40		0
0x001f31f8	88		0
0x001f3250	172		0
0x001f3300	184		0
0x001f33b8	304		0
0x001f34e8	220		0
0x001f35c8	68		0
0x001f3610	4532		0
0x001f47c8	520		0
0x001f49d0	136		0
0x001f4a58	300		0
0x001f4b88	104		0
0x001f4bf0	104		0
0x001f4c58	252		0
0x001f4d58	620		0
0x001f4fc8	100		0
0x001f5030	104		0
0x001f5098	264		0
0x001f51a0	356		0
0x001f5308	328		0
0x001f5450	28		0
0x001f5470	40		0
0x001f5498	88		0
0x001f54f0	752		0
0x001f57e0	944		0
0x001f5b90	64		0
0x001f5bd0	32		0
0x001f5bf0	304		0
0x001f5d20	220		0
0x001f5e00	68		0
0x001f5e48	3908		0
0x001f6d90	460		0
0x001f6f60	136		0
0x001f6fe8	224		0
0x001f70c8	364		0
0x001f7238	204		0
0x001f7308	172		0
0x001f73b8	152		0
0x001f7450	100		0
0x001f74b8	124		0
0x001f7538	360		0
0x001f76a0	424		0
0x001f7848	28		0
0x001f7868	40		0
0x001f7890	88		0
0x001f78e8	640		0
0x001f7b68	844		0
0x001f7eb8	36		0
0x001f7ee0	260		0
0x001f7fe8	220		0
0x001f80c8	68		0
0x001f8110	428		0
0x001f82c0	764		0
0x001f85c0	1388		0
0x001f8b30	488		0
0x001f8d18	100		0
0x001f8d80	376		0
0x001f8ef8	28		0
0x001f8f18	40		0
0x001f8f40	88		0
0x001f8f98	208		0
0x001f9068	444		0
0x001f9228	372		0
0x001f93a0	116		0
0x001f9418	260		0
0x001f9520	56		0
0x001f9558	1500		0
0x001f9b38	428		0
0x001f9ce8	140		0
0x001f9d78	140		0
0x001f9e08	872		0
0x001fa170	1488		0
0x001fa740	620		0
0x001fa9b0	908		0
0x001fad40	472		0
0x001faf18	328		0
0x001fb060	260		0
0x001fb168	220		0
0x001fb248	68		0
0x001fb290	1280		0
0x001fb790	212		0
0x001fb868	132		0
0x001fb8f0	388		0
0x001fba78	28		0
0x001fba98	40		0
0x001fbac0	88		0
0x001fbb18	172		0
0x001fbbc8	184		0
0x001fbc80	260		0
0x001fbd88	220		0
0x001fbe68	524		0
0x001fc078	148		0
0x001fc118	72		0
0x001fc160	28		0
0x001fc180	40		0
0x001fc1a8	88		0
0x001fc200	244		0
0x001fc2f8	136		0
0x001fc380	260		0
0x001fc488	220		0
0x001fc568	68		0
0x001fc5b0	2632		0
0x001fcff8	356		0
0x001fd160	100		0
0x001fd1c8	412		0
0x001fd368	28		0
0x001fd388	40		0
0x001fd3b0	88		0
0x001fd408	1776		0
0x001fdaf8	280		0
0x001fdc10	108		0
0x001fdc80	12		0
0x001fdc90	12		0
0x001fdca0	12		0
0x001fdcb0	12		0
0x001fdcc0	12		0
0x001fdcd0	12		0
0x001fdce0	560		0
0x001fdf10	12		0
0x001fdf20	12		0
0x001fdf30	12		0
0x001fdf40	12		0
0x001fdf50	12		0
0x001fdf60	12		0
0x001fdf70	12		0
0x001fdf80	12		0
0x001fdf90	12		0
0x001fdfa0	12		0
0x001fdfb0	12		0
0x001fdfc0	12		0
0x001fdfd0	12		0
0x001fdfe0	88		0
0x001fe038	12		0
0x001fe048	12		0
0x001fe060	12		0
0x001fe070	84		0
0x001fe0c8	12		0
0x001fe0d8	84		0
0x001fe130	12		0
0x001fe140	84		0
0x001fe198	12		0
0x001fe1a8	12		0
0x001fe1b8	12		0
0x001fe1c8	12		0
0x001fe1d8	12		0
0x001fe1e8	12		0
0x001fe1f8	12		0
0x001fe208	12		0
0x001fe218	12		0
0x001fe228	44		0
0x001fe258	12		0
0x001fe268	56		0
0x001fe2a0	32		0
0x001fe2c0	12		0
0x001fe2d0	24		0
0x001fe2e8	24		0
0x001fe300	204		0
0x001fe3d0	364		0
0x001fe548	132		0
0x001fe5d0	108		0
0x001fe640	224		0
0x001fe720	160		0
0x001fe7c0	88		0
0x001fe818	32		0
0x001fe838	304		0
0x001fe968	220		0
0x001fea48	68		0
0x001fea90	92		0
0x001feaf0	60		0
0x001feb30	240		0
0x001fec20	492		0
0x001fee10	952		0
0x001ff1c8	976		0
0x001ff598	5084		0
0x00200978	716		0
0x00200c48	860		0
0x00200fa8	724		0
0x00201280	132		0
0x00201308	676		0
0x002015b0	28		0
0x002015d0	40		0
0x002015f8	88		0
0x00201650	44		0
0x00201680	1232		0
0x00201b50	1132		0
0x00201fc0	100		0
0x00202028	104		0
0x00202090	696		0
0x00202348	76		0
0x00202398	84		0
0x002023f0	208		0
0x002024e0	84		0
0x00202538	932		0
0x002028e0	196		0
0x002029a8	132		0
0x00202a30	148		0
0x00202ac8	64		0
0x00202b08	72		0
0x00202b50	20		0
0x00202b68	92		0
0x00202bc8	92		0
0x00202c28	8		0
0x00202c30	8		0
0x00202c38	8		0
0x00202c40	8		0
0x00202c48	128		0
0x00202cc8	20		0
0x00202ce0	28		0
0x00202d00	40		0
0x00202d28	120		0
0x00202da0	44		0
0x00202dd0	224		0
0x00202eb0	268		0
0x00202fc0	124		0
0x00203040	124		0
0x002030c0	48		0
0x002030f0	32		0
0x00203110	272		0
0x00203220	220		0
0x00203300	984		0
0x002036d8	172		0
0x00203788	116		0
0x00203800	272		0
0x00203910	44		0
0x00203940	40		0
0x00203968	88		0
0x002039c0	148		0
0x00203a58	160		0
0x00203af8	12		0
0x00203b08	12		0
0x00203b18	12		0
0x00203b28	12		0
0x00203b38	12		0
0x00203b48	12		0
0x00203b58	12		0
0x00203b68	12		0
0x00203b78	12		0
0x00203b88	12		0
0x00203b98	940		0
0x00203f48	12		0
0x00203f58	12		0
0x00203f78	12		0
0x00203f88	12		0
0x00203f98	12		0
0x00203fa8	12		0
0x00203fb8	12		0
0x00203fc8	12		0
0x00203fd8	12		0
0x00203fe8	12		0
0x00203ff8	12		0
0x00204008	12		0
0x00204018	12		0
0x00204028	12		0
0x00204038	12		0
0x00204048	12		0
0x00204058	12		0
0x00204068	12		0
0x00204078	12		0
0x00204088	12		0
0x00204098	48		0
0x002040c8	12		0
0x002040f0	2440		0
0x00204a78	292		0
0x00204ba0	128		0
0x00204c20	44		0
0x00204c50	116		0
0x00204d18	344		0
0x00204e70	56		0
0x00204ea8	44		0
0x00204ed8	44		0
0x00204f08	260		0
0x00205010	220		0
0x002050f0	940		0
0x002054a0	272		0
0x002055b0	172		0
0x00205660	116		0
0x002056d8	144		0
0x00205768	44		0
0x00205798	40		0
0x002057c0	88		0
0x00205818	148		0
0x002058b0	160		0
0x00205950	260		0
0x00205a58	220		0
0x00205b38	1452		0
0x002060e8	212		0
0x002061c0	116		0
0x00206238	416		0
0x002063d8	44		0
0x00206408	40		0
0x00206430	88		0
0x00206488	172		0
0x00206538	184		0
0x002065f0	260		0
0x002066f8	220		0
0x002067d8	1160		0
0x00206c60	172		0
0x00206d10	116		0
0x00206d88	128		0
0x00206e08	44		0
0x00206e38	40		0
0x00206e60	88		0
0x00206eb8	148		0
0x00206f50	160		0
0x00206ff0	260		0
0x002070f8	220		0
0x002071d8	528		0
0x002073e8	148		0
0x00207480	116		0
0x002074f8	260		0
0x00207600	44		0
0x00207630	40		0
0x00207658	88		0
0x002076b0	124		0
0x00207730	136		0
0x002077b8	260		0
0x002078c0	220		0
0x002079a0	788		0
0x00207cb8	132		0
0x00207d48	84		0
0x00207da0	48		0
0x00207dd0	88		0
0x00207e28	1116		0
0x00208288	148		0
0x00208320	272		0
0x00208430	220		0
0x00208510	1584		0
0x00208b40	204		0
0x00208c18	168		0
0x00208cc0	320		0
0x00208e00	44		0
0x00208e30	40		0
0x00208e58	88		0
0x00208eb0	196		0
0x00208f78	236		0
0x00209068	260		0
0x00209170	220		0
0x00209250	1336		0
0x00209788	172		0
0x00209838	116		0
0x002098b0	292		0
0x002099d8	44		0
0x00209a08	40		0
0x00209a30	88		0
0x00209a88	148		0
0x00209b20	160		0
0x00209bc0	260		0
0x00209cc8	220		0
0x00209da8	944		0
0x0020a158	148		0
0x0020a1f0	116		0
0x0020a268	416		0
0x0020a408	44		0
0x0020a438	40		0
0x0020a460	88		0
0x0020a4b8	124		0
0x0020a538	136		0
0x0020a5c0	260		0
0x0020a6c8	220		0
0x0020a7a8	1184		0
0x0020ac48	228		0
0x0020ad30	148		0
0x0020adc8	112		0
0x0020ae38	44		0
0x0020ae68	40		0
0x0020ae90	88		0
0x0020aee8	148		0
0x0020af80	160		0
0x0020b020	260		0
0x0020b128	220		0
0x0020b208	992		0
0x0020b5e8	172		0
0x0020b698	116		0
0x0020b710	304		0
0x0020b840	44		0
0x0020b870	40		0
0x0020b898	88		0
0x0020b8f0	748		0
0x0020bbe0	160		0
0x0020bc80	260		0
0x0020bd88	220		0
0x0020be68	1528		0
0x0020c460	172		0
0x0020c510	116		0
0x0020c588	316		0
0x0020c6c8	44		0
0x0020c6f8	40		0
0x0020c720	116		0
0x0020c798	148		0
0x0020c830	160		0
0x0020c8d0	260		0
0x0020c9d8	220		0
0x0020cab8	844		0
0x0020ce08	172		0
0x0020ceb8	116		0
0x0020cf30	160		0
0x0020cfd0	44		0
0x0020d000	40		0
0x0020d028	88		0
0x0020d080	148		0
0x0020d118	160		0
0x0020d1b8	260		0
0x0020d2c0	220		0
0x0020d3a0	1032		0
0x0020d7a8	228		0
0x0020d890	148		0
0x0020d928	136		0
0x0020d9b0	44		0
0x0020d9e0	40		0
0x0020da08	88		0
0x0020da60	148		0
0x0020daf8	160		0
0x0020db98	36		0
0x0020dbc0	32		0
0x0020dbe0	180		0
0x0020dc98	820		0
0x0020dfd0	8		0
0x0020dfd8	8		0
0x0020dfe0	8		0
0x0020dfe8	28		0
0x0020e008	28		0
0x0020e028	44		0
0x0020e058	160		0
0x0020e0f8	112		0
0x0020e168	8		0
0x0020e170	156	TargetPanel_Init	0
0x0020e210	40		0
0x0020e238	892		0
0x0020e5b8	316		0
0x0020e6f8	5320	TargetPanel_Update	0
0x0020fbc0	212		0
0x0020fc98	164	TargetPanel_SetBossTexture	0
0x0020fd40	32		0
0x0020fd60	32		0
0x0020fd80	616	ANHud_Construct	0
0x0020ffe8	776		0
0x002102f0	1256		0
0x002107e8	920		0
0x00210b80	400		0
0x00210d10	172		0
0x00210dc0	28	ANHud_SetBossTexture	0
0x00210de0	100		0
0x00210e48	2800		0
0x00211938	340	ANHud_Draw	0
0x00211a90	492		0
0x00211c80	32		0
0x00211ca0	596		0
0x00211ef8	2372		0
0x00212840	2080		0
0x00213060	396		0
0x002131f0	160		0
0x00213290	1160		0
0x00213718	88		0
0x00213770	1784		0
0x00213e68	720		0
0x00214138	2704		0
0x00214bc8	96		0
0x00214c28	132		0
0x00214cb0	56		0
0x00214ce8	32		0
0x00214d08	112		0
0x00214d78	116		0
0x00214df0	116		0
0x00214e68	116		0
0x00214ee0	116		0
0x00214f58	500		0
0x00215150	832		0
0x00215490	276		0
0x002155a8	1784		0
0x00215ca0	72		0
0x00215ce8	180		0
0x00215da0	212		0
0x00215e78	2132		0
0x002166d0	568		0
0x00216908	160		0
0x002169a8	52		0
0x002169e0	128		0
0x00216a60	740		0
0x00216d48	184		0
0x00216e00	144		0
0x00216e90	32		0
0x00216eb0	1184		0
0x00217350	680		0
0x002175f8	188		0
0x002176b8	120		0
0x00217730	84		0
0x00217788	604		0
0x002179e8	132		0
0x00217a70	40		0
0x00217a98	828	Human_AttachInstance	0
0x00217dd8	236		0
0x00217ec8	64		0
0x00217f08	92		0
0x00217f68	160		0
0x00218008	4656	Human_Init	0
0x00219238	228	Human_StartBurning	0
0x00219320	704		0
0x002195e0	36		0
0x00219608	44	Human_StoreScale	0
0x00219638	552		0
0x00219860	44		0
0x00219890	32		0
0x002198b8	260		0
0x002199c0	100		0
0x00219a28	168		0
0x00219ad0	52		0
0x00219b08	584		0
0x00219d50	1856	Human_OnContact	0
0x0021a490	2320	Human_PushOutInAir	0
0x0021ada0	8		0
0x0021ada8	8		0
0x0021adb0	68		0
0x0021adf8	588		0
0x0021b048	108		0
0x0021b0b8	68	Object_SetPosition	0
0x0021b100	68		0
0x0021b148	168		0
0x0021b1f0	56		0
0x0021b228	104		0
0x0021b290	3484	Strike_Contact	0
0x0021c030	40		0
0x0021c058	40		0
0x0021c080	40		0
0x0021c0a8	408		0
0x0021c240	468		0
0x0021c418	344		0
0x0021c570	600		0
0x0021c7c8	940	Human_Destroy	0
0x0021cb78	368		0
0x0021cce8	188		0
0x0021cda8	92	Human_StoreName	0
0x0021ce08	280		0
0x0021cf20	84		0
0x0021cf80	160		0
0x0021d020	96	Human_GetScale	0
0x0021d080	96	Human_GetPosition	0
0x0021d0e0	48		0
0x0021d118	132		0
0x0021d1a0	136		0
0x0021d228	228		0
0x0021d310	212		0
0x0021d3e8	28	Human_GetPlayerRecord	0
0x0021d408	28	Human_GetBrain	0
0x0021d428	76		0
0x0021d480	172	Human_OnEvent	0
0x0021d530	28		0
0x0021d550	28		0
0x0021d570	76		0
0x0021d5c0	188		0
0x0021d680	456		0
0x0021d848	52		0
0x0021d880	164		0
0x0021d928	1308		0
0x0021de48	1372		0
0x0021e3a8	88		0
0x0021e400	660		0
0x0021e698	680		0
0x0021e940	752		0
0x0021ec30	8		0
0x0021ec38	148		0
0x0021ecd0	84		0
0x0021ed28	180	Human_SayCopLine	0
0x0021ede0	112		0
0x0021ee50	56		0
0x0021ee88	204		0
0x0021ef58	84		0
0x0021efb0	168		0
0x0021f058	72		0
0x0021f0a0	292		0
0x0021f1d0	52		0
0x0021f208	136		0
0x0021f290	384		0
0x0021f410	308		0
0x0021f548	436		0
0x0021f700	3164		0
0x00220360	208	Human_HasIdleDialogLine	0
0x00220430	420	Human_PlayIdleDialogLine	0
0x002205e0	496		0
0x002207d0	284		0
0x002208f0	468	Human_SayStateResponse	0
0x00220ac8	808		0
0x00220df0	572		0
0x00221038	68		0
0x00221080	136		0
0x00221108	340		0
0x002212d0	264		0
0x002213d8	420		0
0x00221580	80		0
0x002215d0	80		0
0x00221620	80		0
0x00221670	80		0
0x002216c0	80		0
0x00221710	80		0
0x00221760	140		0
0x002217f0	348		0
0x00221950	104		0
0x002219b8	72		0
0x00221a00	156		0
0x00221aa0	332	Human_SetAnimOverride	0
0x00221bf0	40		0
0x00221c20	184		0
0x00221cd8	252		0
0x00221dd8	248		0
0x00221ed0	176		0
0x00221f80	556		0
0x002221b0	48		0
0x002221e0	168		0
0x00222288	228		0
0x00222370	116		0
0x002223e8	284	Human_CanSeeHuman	0
0x00222508	204	Human_CanSeePoint	0
0x002225d8	260		0
0x002226e0	44		0
0x00222710	260		0
0x00222818	76		0
0x00222868	160		0
0x00222908	116	Human_GetCuffCount	0
0x00222980	180	Human_AddCuffs	0
0x00222a48	68		0
0x00222a90	68		0
0x00222ad8	60		0
0x00222b18	60		0
0x00222b58	28		0
0x00222b78	48		0
0x00222ba8	120		0
0x00222c20	120		0
0x00222c98	424		0
0x00222e40	28		0
0x00222e60	28		0
0x00222e80	108	Human_SetHealthPercentRaw	0
0x00222ef0	84	Human_GetHealthPercentRaw	0
0x00222f48	84		0
0x00222fa0	84		0
0x00222ff8	112		0
0x00223068	288		0
0x00223188	212		0
0x00223260	32		0
0x00223280	196		0
0x00223348	96		0
0x002233a8	32		0
0x002233c8	32		0
0x002233e8	20		0
0x00223400	60		0
0x00223440	180		0
0x002234f8	80		0
0x00223548	80		0
0x002235a0	88		0
0x002235f8	48	Human_CounterChance	0
0x00223628	160	Human_BlockChance	0
0x002236c8	84		0
0x00223720	112	Human_GetStunTime	0
0x00223790	112		0
0x00223800	192	Human_AttackDelay	0
0x002238c0	28		0
0x002238e0	28		0
0x00223900	28		0
0x00223920	28		0
0x00223940	28		0
0x00223960	28		0
0x00223980	28		0
0x002239a0	28		0
0x002239c0	28		0
0x002239e0	28		0
0x00223a00	28		0
0x00223a20	12		0
0x00223a30	16		0
0x00223a40	16		0
0x00223a50	16		0
0x00223a60	56		0
0x00223a98	56		0
0x00223ad0	88		0
0x00223b28	28		0
0x00223b48	40		0
0x00223b70	40		0
0x00223b98	40		0
0x00223bc0	76		0
0x00223c10	28		0
0x00223c30	28		0
0x00223c50	92		0
0x00223cb0	132	Human_IsBusy	1
0x00223d38	116		0
0x00223db8	104		0
0x00223e20	40		0
0x00223e48	40		0
0x00223e78	36		0
0x00223ea0	180		0
0x00223f58	164		0
0x00224000	92		0
0x00224060	32		0
0x00224080	100		0
0x002240e8	1680		0
0x00224778	1828		0
0x00224ea0	36		0
0x00224ec8	96		0
0x00224f28	164		0
0x00224fd0	96		0
0x00225030	112		0
0x002250a0	352		0
0x00225200	400		0
0x00225390	260		0
0x00225498	100		0
0x00225500	32		0
0x00225520	380		0
0x002256a0	400		0
0x00225830	192		0
0x002258f0	168		0
0x00225998	180		0
0x00225a50	448		0
0x00225c10	432		0
0x00225dc0	404		0
0x00225f58	108		0
0x00225fc8	40		0
0x00225ff0	372	Mug_CanMugVictim	0
0x00226168	392		0
0x002262f0	228		0
0x002263d8	100		0
0x00226448	196		0
0x00226510	192		0
0x002265d0	32		0
0x002265f0	48	Human_HasStateFlag	0
0x00226620	32		0
0x00226640	32		0
0x00226660	36		0
0x00226688	32		0
0x002266a8	12		0
0x002266b8	28		0
0x002266d8	124		0
0x00226760	64		0
0x002267a0	40		0
0x002267c8	28		0
0x002267e8	292		0
0x00226910	64	Human_SetPartner	0
0x00226950	40		0
0x00226978	28		0
0x00226998	64		0
0x002269d8	40		0
0x00226a00	28		0
0x00226a20	128		0
0x00226aa0	84		0
0x00226af8	312		0
0x00226c30	160		0
0x00226cd0	336		0
0x00226e20	60		0
0x00226e60	72		0
0x00226ea8	64		0
0x00226ee8	132		0
0x00226f70	124		0
0x00226ff0	28		0
0x00227010	76		0
0x00227060	28		0
0x00227080	76		0
0x002270d0	172		0
0x00227180	60		0
0x002271c0	44		0
0x002271f0	404		0
0x00227388	124		0
0x00227408	32		0
0x00227428	116		0
0x002274a0	8		0
0x002274a8	236		0
0x00227598	412		0
0x00227738	364		0
0x002278a8	396		0
0x00227a38	36		0
0x00227a60	36		0
0x00227a90	156		0
0x00227b30	72		0
0x00227b78	32		0
0x00227b98	140		0
0x00227c28	32		0
0x00227c48	32		0
0x00227c68	28		0
0x00227c88	76		0
0x00227cd8	76		0
0x00227d28	80	Human_IsInSceneState	0
0x00227d78	28		0
0x00227d98	64		0
0x00227dd8	64		0
0x00227e18	72		0
0x00227e60	80	Human_IsDownOrDead	0
0x00227eb0	72		0
0x00227ef8	72		0
0x00227f40	36		0
0x00227f68	36		0
0x00227f90	36		0
0x00227fb8	28	Human_IsOnFire	0
0x00227fd8	36		0
0x00228000	36		0
0x00228028	36		0
0x00228050	28		0
0x00228070	28		0
0x00228090	28		0
0x002280b0	28		0
0x002280d0	28		0
0x002280f0	36		0
0x00228118	36		0
0x00228140	36		0
0x00228168	28		0
0x00228188	76		0
0x002281d8	76		0
0x00228228	48	HumanRecord_AreActionsBlocked	0
0x00228258	124		0
0x002282d8	100		0
0x00228340	28		0
0x00228360	28		0
0x00228388	28		0
0x002283a8	28		0
0x002283c8	28		0
0x002283e8	28		0
0x00228408	28		0
0x00228428	32		0
0x00228448	28		0
0x00228468	28		0
0x00228488	116		0
0x00228500	28		0
0x00228520	28		0
0x00228540	28		0
0x00228560	28		0
0x00228588	56		0
0x002285c0	56		0
0x002285f8	56		0
0x00228630	40		0
0x00228658	40		0
0x00228680	32		0
0x002286a0	144		0
0x00228730	176		0
0x002287e0	32		0
0x00228800	24		0
0x00228818	24		0
0x00228830	24		0
0x00228848	24		0
0x00228860	12		0
0x00228870	24		0
0x00228888	56	Cfg_SetSpeedClass	0
0x002288c0	432	Cfg_SetPowerClass	0
0x00228a70	100	Cfg_SetWarriorClass	0
0x00228ad8	28	Cfg_SetWarriorUpgrade	0
0x00228af8	432	Cfg_SetCharacterClass	0
0x00228ca8	24	Cfg_SetAttackDelay	0
0x00228cc0	176		0
0x00228d70	244	Cfg_AddHatFit	0
0x00228e68	100		0
0x00228ed0	56		0
0x00228f08	56		0
0x00228f40	232		0
0x00229028	232		0
0x00229110	952		0
0x002294c8	136		0
0x00229550	32		0
0x00229570	172		0
0x00229620	156		0
0x002296c0	176		0
0x00229770	172		0
0x00229820	72		0
0x00229868	72		0
0x002298b8	168		0
0x00229960	176		0
0x00229a10	144		0
0x00229aa8	172		0
0x00229b60	48		0
0x00229b90	172	Human_ScaleAttackDamages	0
0x00229c40	1640		0
0x0022a2a8	1224		0
0x0022a770	524		0
0x0022a980	244		0
0x0022aa78	108		0
0x0022aae8	840		0
0x0022ae30	16		0
0x0022ae40	112	Human_SpeedForGait	0
0x0022aeb0	152		0
0x0022af48	596		0
0x0022b1a0	388		0
0x0022b328	640		0
0x0022b5a8	440		0
0x0022b760	508		0
0x0022b960	896		0
0x0022bce0	220		0
0x0022bdc0	528		0
0x0022bfd0	952	Pair_LinkMount	0
0x0022c388	448		0
0x0022c548	208		0
0x0022c618	276		0
0x0022c730	976		0
0x0022cb00	632		0
0x0022cd78	316		0
0x0022ceb8	372		0
0x0022d030	452		0
0x0022d1f8	220		0
0x0022d2d8	52		0
0x0022d310	52		0
0x0022d348	52		0
0x0022d380	120		0
0x0022d3f8	560		0
0x0022d628	356	MiniGame_Abort	0
0x0022d790	376	LockPick_Start	0
0x0022d908	824	LockPick_End	0
0x0022dc40	196	MiniGame_Start	0
0x0022dd08	144		0
0x0022dd98	496	StereoTheft_Start	0
0x0022df88	152		0
0x0022e020	784	StereoTheft_End	0
0x0022e330	208		0
0x0022e400	188	MiniGame_End	0
0x0022e4c0	152		0
0x0022e558	180		0
0x0022e610	568		0
0x0022e848	760	Tag_End	0
0x0022eb40	212		0
0x0022ec18	828		0
0x0022ef58	424		0
0x0022f100	708		0
0x0022f3c8	300		0
0x0022f4f8	352		0
0x0022f658	636	Human_Stun	0
0x0022f8d8	260	Human_EndStun	0
0x0022f9e0	152		0
0x0022fa78	388	Human_StartWounded	0
0x0022fc00	232	Human_EndWounded	0
0x0022fce8	292	Human_Ignite	0
0x0022fe10	56	Human_Extinguish	0
0x0022fe48	48		0
0x0022fe80	80	Human_EnterFightStance	0
0x0022fed0	28		0
0x0022fef0	152	Human_LeaveFightStance	0
0x0022ff88	308		0
0x002300c0	124		0
0x00230140	172		0
0x002301f0	180		0
0x002302a8	128		0
0x00230328	624	Human_KnockOut	0
0x00230598	336	Human_WakeUp	0
0x002306e8	88		0
0x00230740	488		0
0x00230930	976		0
0x00230d00	904		0
0x00231090	260	AttackKind_ToCommand	0
0x00231198	1016	AttackKind_ChainDelay	0
0x00231590	1188		0
0x00231a38	68		0
0x00231a80	68		0
0x00231ac8	148		0
0x00231b60	120		0
0x00231bd8	72		0
0x00231c20	52		0
0x00231c58	120		0
0x00231cd0	972		0
0x002320a0	396		0
0x00232230	412	Humans_CullCorpses	0
0x002323d0	84		0
0x00232430	256		0
0x00232538	168		0
0x002325e0	1432		0
0x00232b78	108		0
0x00232be8	116		0
0x00232c60	2156	Human_DropCarried	0
0x002334d0	864		0
0x00233830	96		0
0x00233890	628		0
0x00233b08	308		0
0x00233c40	12		0
0x00233c50	268		0
0x00233d60	396	Human_Create	0
0x00233ef0	112	Human_Delete	0
0x00233f60	216	Human_SwapPlayerControl	0
0x00234038	112	Human_SetNoTarget	0
0x002340a8	112	Human_SetNoAutoLock	0
0x00234118	112	Human_SetAutoCombat	0
0x00234188	400	Human_SetWheelchairControl	0
0x00234318	536	Human_SetButtonTapControl	0
0x00234530	164	Cfg_SetWorkoutParams	0
0x002345d8	28	Human_SetWorkoutParams	0
0x002345f8	164	Human_SetWorkoutCallbacks	0
0x002346a0	196	Workout_CallStart	0
0x00234768	196	Workout_CallRep	0
0x00234830	196	Workout_CallEnd	0
0x002348f8	164	Human_SetSpecialCallbacks	0
0x002349a0	196		0
0x00234a68	196		0
0x00234b30	196		0
0x00234bf8	180	Human_StartSpecial	0
0x00234cb0	84	Human_StopSpecial	0
0x00234d08	104		0
0x00234d70	228	Human_MakeBeatUp	0
0x00234e58	160	Human_MakeGrounded	0
0x00234ef8	112		0
0x00234f68	76		0
0x00234fb8	84		0
0x00235010	180		0
0x002350c8	104	Human_SetTireless	0
0x00235130	104	Human_SetManualStun	0
0x00235198	100	Human_SetNoReact	0
0x00235200	104	Human_SetAutoEscape	0
0x00235268	68	Human_SetPushable	0
0x002352b0	68	Human_GetPositionRef	0
0x002352f8	316		0
0x00235438	64	Human_GetGangId	0
0x00235478	64	Human_GetGangType	0
0x002354b8	116	Human_SetStunned	0
0x00235530	108	Human_GetHat	0
0x002355a0	60	Human_SetStrong	0
0x002355e0	72	Human_IsGrabbed	0
0x00235628	92	Human_IsAlive	0
0x00235688	64	Human_IsDead	0
0x002356c8	64	Human_IsInScene	0
0x00235718	64	Human_IsArrested	0
0x00235758	60	Human_IsPlayer	0
0x00235798	64	Human_IsHidden	0
0x002357d8	64		0
0x00235818	116		0
0x00235890	52	Human_GetCharType	0
0x002358c8	216	Human_SetDamage	0
0x002359a0	136	Human_SetDemiGodMode	0
0x00235a28	96	Human_SetGodMode	0
0x00235a88	96	Human_SetKillerMode	0
0x00235ae8	128		0
0x00235b68	96	Human_SetFastClimber	0
0x00235bc8	96	Human_SetUngrabbable	0
0x00235c28	96	Human_SetUngroundable	0
0x00235c88	96	Human_SetUnstunnable	0
0x00235ce8	100	Human_SetIncreasedReact	0
0x00235d50	96	Human_SetReducedReact	0
0x00235db0	96	Human_SetRevivable	0
0x00235e10	96	Human_SetDoubleDamage	0
0x00235e70	160	Human_SetUnarrestable	0
0x00235f10	12		0
0x00235f20	92	Human_SetOnFire	0
0x00235f80	64	HumanHandle_IsOnFire	0
0x00235fc0	120	Human_SetFireProof	0
0x00236038	192	Human_ApplyDamageModifier	0
0x002360f8	144		0
0x00236188	96	Human_SetUnlockedGear	0
0x002361e8	564	Cfg_SetGearData	0
0x00236420	48	Cfg_SetButtonHeldFrames	0
0x00236450	12		0
0x00236460	12	Cfg_SetPlayerRunButton	0
0x00236470	12	Cfg_SetStickDeflection	0
0x00236480	12	Cfg_SetPlayerCombatWalkOnly	0
0x00236490	12		0
0x002364a0	36	Cfg_SetAnimSpeeds	0
0x002364d8	12	Cfg_SetAttackFromIdle	0
0x002364e8	12		0
0x002364f8	12	Cfg_SetPowerEndurance	0
0x00236508	60	Cfg_SetStereoTheftHandler	0
0x00236548	168		0
0x002365f0	164		0
0x00236698	60		0
0x002366d8	168		0
0x00236780	168		0
0x00236828	168		0
0x002368d0	168		0
0x00236978	64	Human_ForceEnableReticule	0
0x002369b8	176	Human_SetRageFrac	0
0x00236a68	104	Human_SetFullRage	0
0x00236ad0	100	Human_SetPreventRage	0
0x00236b38	168	Human_SetLockedRage	0
0x00236be0	68		0
0x00236c28	28	Cfg_SetRagePoints	0
0x00236c48	12	Cfg_SetRagePowerMode	0
0x00236c58	208	Cfg_SetRageHandlers	0
0x00236d28	416		0
0x00236ec8	236		0
0x00236fb8	368		0
0x00237128	172	Human_SetRageMode	0
0x002371d8	188	Human_SetBlurMode	0
0x002372a8	124	Human_GiveCuffs	0
0x00237328	96	Human_SetKeepWeapon	0
0x00237388	112	Human_SetKeepHat	0
0x002373f8	112	Human_SetHardToStun	0
0x00237468	112	Human_SetNoThrowWeapon	0
0x002374d8	112	Human_SetNoEscape	0
0x00237548	112		0
0x002375b8	112		0
0x00237628	116	Human_SetWounded	0
0x002376a0	96	Human_SetWoundable	0
0x00237700	116	Human_SetArrested	0
0x00237778	124	Human_SetConscious	0
0x002377f8	80	Human_Revive	0
0x00237848	96	Human_SetHealth	0
0x002378a8	172	Human_SetHealthPercent	0
0x00237958	104	Human_SetBlockJump	0
0x002379c0	104		0
0x00237a28	112	Human_BlockGrab	0
0x00237a98	104	Human_SetBlockFrontGrab	0
0x00237b00	112	Human_SetBlockRearGrab	0
0x00237b70	112	Human_SetBlockTackle	0
0x00237be0	84	Human_SetMaxHealth	0
0x00237c38	64	Human_GetHealthPercent	0
0x00237c78	140	Human_SetMass	0
0x00237d08	64	Human_GetHeldObjectType	0
0x00237d48	104	Human_GetHeldObject	0
0x00237db8	72	Human_IsInCombat	0
0x00237e00	112	Human_SetIdleAnim	0
0x00237e70	40	Human_Kill	0
0x00237e98	408		0
0x00238030	72	Human_SetShadow	0
0x00238078	68	Human_SetName	0
0x002380c0	64	Human_GetControlName	0
0x00238100	88	Human_SetMoney	0
0x00238158	52	Human_GetMoney	0
0x00238190	92	Human_SetPocketItem	0
0x002381f0	52	Human_RemoveItemInPocket	0
0x00238230	88	Human_SetCarriedItemName	0
0x00238288	276	Human_CanSee	0
0x002383a0	72	Human_SetLOSRange	0
0x002383e8	72	Human_SetHearRange	0
0x00238430	72	Human_SetHelpHearRange	0
0x00238478	128	Human_ExitWorld	0
0x002384f8	72	Human_EnableController	0
0x00238540	184	Human_PlaceItemInHand	0
0x002385f8	68		0
0x00238640	76	Human_SetPedReaction	0
0x00238690	180	Human_UseAnim	0
0x00238748	96	Human_UseAnyAnim	0
0x002387a8	64	Human_AreActionsBlocked	0
0x002387e8	64	Human_IsTagging	0
0x00238828	284	Human_PlayDynPair	0
0x00238948	156	Human_PlayDynAnim	0
0x002389e8	156	Human_PlayDynamicAnim	0
0x00238a88	84	Human_AttachSpinningIcon	0
0x00238ae0	56	Human_RemoveSpinningIcon	0
0x00238b18	188	Human_SetSpinningIconColor	0
0x00238bd8	252	Human_StartWorkout	0
0x00238cd8	88	Human_SetWorkoutBlend	0
0x00238d30	124	Human_StopWorkout	0
0x00238db0	352	Human_Tag	0
0x00238f10	60	Cfg_SetTagStartCallback	0
0x00238f50	300		0
0x00239080	124	Human_SetTagColour	0
0x00239100	132	Human_SetColour	0
0x00239188	28	Tag_SetPattern	0
0x002391a8	24	Human_SetTagDifficulty	0
0x002391c0	64	Human_SetIdleDialogMaxIter	0
0x00239200	60	Human_EnableSpeaking	0
0x00239240	60	Human_EnableSoundCommands	0
0x00239280	60	Human_EnableOnFireSpeech	0
0x002392c0	60	Human_EnableTagDoneSpeech	0
0x00239300	60	Human_EnableTagCheer	0
0x00239340	44	Human_Say	0
0x00239370	484	Human_Speak	0
0x00239558	68	Human_ShutUp	0
0x002395a0	484	Human_SpeakInterrupt	0
0x00239788	188	Human_ActionDialog	0
0x00239850	52		0
0x00239888	40	GameState_SetWarChiefHUD	0
0x002398b0	716	Human_SetWarChief	0
0x00239b80	648	Players_ChangeGang	0
0x00239e08	40	GameState_SwitchPlayer	0
0x00239e30	72	Human_MarkReachable	0
0x00239e78	104	Human_SetMugCallback	0
0x00239ee0	60	Human_SetMug	0
0x00239f20	312	Human_SetInterrogation	0
0x0023a058	340	Human_TeleportFollowers	0
0x0023a1b0	96	Human_SetCombatMode	0
0x0023a210	68	Human_SetNormalMode	0
0x0023a258	104	Human_SetRubberNeck	0
0x0023a2c0	100	Human_SetBlockLook	0
0x0023a328	104	Human_SetForceLook	0
0x0023a390	40	Human_SetLookPos	0
0x0023a3b8	168	Human_SetLookTarget	0
0x0023a460	8	Human_ClearLook_Stub	0
0x0023a468	116	Human_IsAimingAt	0
0x0023a4e0	52	SetDeathTimer	0
0x0023a540	12		0
0x0023a550	16	Cfg_SetSnap	0
0x0023a560	28	Cfg_SetButtonMash	0
0x0023a588	12		0
0x0023a598	12		0
0x0023a5a8	12	Cfg_SetAutoLockAndCombat	0
0x0023a5b8	12		0
0x0023a5c8	12		0
0x0023a5d8	12		0
0x0023a5e8	12		0
0x0023a5f8	56	Cfg_SetTurnRate	0
0x0023a630	40	Cfg_SetCombatDistances	0
0x0023a658	328	Cfg_SetBurnRates	0
0x0023a7a0	464	Cfg_SetTurnRates	0
0x0023a970	12	Cfg_SetJumpIsAction	0
0x0023a980	12	Cfg_SetPickupIsAction	0
0x0023a990	12	Cfg_SetPickupIsGrab	0
0x0023a9a0	12	Cfg_SetBurnTime	0
0x0023a9b8	60	AnimCallback_ClearAll	0
0x0023a9f8	184	AnimCallback_Add	0
0x0023aab0	208	AnimCallback_AddForAll	0
0x0023ab80	208	AnimCallback_Remove	0
0x0023ac50	312	AnimCallback_Dispatch	0
0x0023ad88	60	Human_SetVoiceIndex	0
0x0023adc8	52	Human_GetVoiceIndex	0
0x0023ae00	60	Human_SetStateRespVoiceIndex	0
0x0023ae40	76	Human_LockPad	0
0x0023ae90	76	Human_LockPadMovement	0
0x0023aee0	512	Human_StartButtonMiniGame	0
0x0023b0e0	68	Human_SetScale	0
0x0023b128	12	CNS_SetMissionInfoEnabled	0
0x0023b138	1596	Human_TeleportNear	0
0x0023b778	188	Human_SetSlowMo	0
0x0023b838	1096		0
0x0023bc80	32		0
0x0023bca0	76		0
0x0023bcf0	132		0
0x0023bd78	64		0
0x0023bdb8	48		0
0x0023bde8	172		0
0x0023be98	100		0
0x0023bf00	3580	Human_PickUpObject	0
0x0023cd30	392		0
0x0023ceb8	68		0
0x0023cf00	108		0
0x0023cf70	20		0
0x0023cf88	816		0
0x0023d2b8	392		0
0x0023d440	484	Human_SetTransform	0
0x0023d630	28		0
0x0023d660	300		0
0x0023d790	308		0
0x0023d8c8	636		0
0x0023db48	264		0
0x0023dc50	8		0
0x0023dc58	1080		0
0x0023e090	884	Human_Land	0
0x0023e408	732		0
0x0023e6e8	244		0
0x0023e7e0	724		0
0x0023eab8	1688		0
0x0023f158	224		0
0x0023f238	936		0
0x0023f5e0	1004	Human_ApplyTurnAndSlide	0
0x0023f9d0	300	Brain_CheckMoveArrival	0
0x0023fb00	932	Human_ControlHandlerName	0
0x0023fea8	2392		0
0x00240800	76	Human_RegisterContextAction	0
0x00240850	56	Human_UnregisterContextAction	0
0x00240888	8		0
0x00240890	8		0
0x00240898	1436		0
0x00240e38	3412		0
0x00241b90	3160		0
0x002427e8	1268		0
0x00242ce0	1488	Human_ButtonTapMove	0
0x002432b0	172		0
0x00243360	192		0
0x00243420	1064		0
0x00243848	3452		0
0x002445f8	40		0
0x00244620	32		0
0x00244640	104		0
0x002446a8	8		0
0x002446b0	188		0
0x00244770	1796		0
0x00244e78	1172		0
0x00245310	1552		0
0x00245920	8244	Human_HandleMessage	0
0x00247958	176		0
0x00247a08	72		0
0x00247a50	404		0
0x00247be8	980		0
0x00247fc0	336		0
0x00248110	96		0
0x00248170	256		0
0x00248270	112		0
0x002482e0	324	Human_CanHeadLook	0
0x00248428	1368	Human_UpdateHeadLook	0
0x00248980	1136		0
0x00248df0	604		0
0x00249050	184		0
0x00249108	2696	Humans_Update	1
0x00249b98	96		0
0x00249bf8	184		0
0x00249cb0	1404	Reticule_AddRumbleTeamDisc	0
0x0024a230	3396	Reticule_QueueHealthRings	0
0x0024af78	536	Reticule_AddTargetMarker	0
0x0024b190	276	Reticule_FindRecentFadeIn	0
0x0024b2a8	300		0
0x0024b3d8	932		0
0x0024b780	2040	Reticules_Update	0
0x0024bf78	40		0
0x0024bfa0	32		0
0x0024bfc0	476		0
0x0024c1a0	220		0
0x0024c280	732		0
0x0024c560	376		0
0x0024c6d8	216		0
0x0024c7b0	652		0
0x0024ca40	132		0
0x0024cac8	232		0
0x0024cbb0	384		0
0x0024cd30	268		0
0x0024ce40	176		0
0x0024cef0	1104		0
0x0024d340	224		0
0x0024d420	272		0
0x0024d530	732	ContextAction_Use	0
0x0024d810	1736		0
0x0024dee8	84		0
0x0024df40	308		0
0x0024e078	380		0
0x0024e1f8	32		0
0x0024e218	604		0
0x0024e478	396	Nav_GetWalkingDistance	0
0x0024e608	280		0
0x0024e720	536		0
0x0024e938	296		0
0x0024ea60	1164		0
0x0024eef0	928		0
0x0024f290	1156		0
0x0024f718	1248		0
0x0024fbf8	1288		0
0x00250100	652	PathPolygon_FindAtPoint	0
0x00250398	536		0
0x002505b0	344		0
0x00250708	88		0
0x00250760	340		0
0x002508b8	156		0
0x00250960	432		0
0x00250b10	84	NavLink_ClearAvoidByKind	0
0x00250b68	80	NavLink_SetAvoidByKind	0
0x00250bb8	72		0
0x00250c00	76		0
0x00250c50	172		0
0x00250d00	176		0
0x00250db0	76	NavLink_ConvertJumpToDoor	0
0x00250e00	72	NavLink_DisableDoor	0
0x00250e48	72	NavLink_EnableDoor	0
0x00250e98	468		0
0x00251070	56		0
0x002510a8	76		0
0x002510f8	88		0
0x00251150	52		0
0x00251188	48		0
0x002511b8	12	Climb_SetFilter	0
0x002511c8	476		0
0x002513a8	724		0
0x00251680	80		0
0x002516d0	32		0
0x002516f0	32		0
0x00251710	8		0
0x00251718	80		0
0x00251768	72		0
0x002517b0	108		0
0x00251820	108		0
0x00251890	364		0
0x00251a00	108		0
0x00251a70	692		0
0x00251d28	988		0
0x00252108	772		0
0x00252410	1744		0
0x00252ae0	36		0
0x00252b08	288		0
0x00252c28	104	NavLink_SetBlocked	0
0x00252c90	980		0
0x00253068	12		0
0x00253078	160		0
0x00253118	84		0
0x00253170	32		0
0x00253190	40		0
0x002531b8	8		0
0x002531c0	164		0
0x00253268	228		0
0x00253350	68		0
0x00253398	12		0
0x002533b8	196		0
0x00253480	40		0
0x002534a8	20		0
0x002534c0	16		0
0x002534d0	76		0
0x00253528	8		0
0x00253538	40		0
0x00253560	16		0
0x00253598	40		0
0x002535c0	12		0
0x002535f0	20		0
0x00253608	124		0
0x00253688	2012		0
0x00253e68	100		0
0x00253ed0	88		0
0x00253f28	76		0
0x00253f78	232		0
0x00254060	20		0
0x00254078	336		0
0x002541c8	288		0
0x002542e8	40		0
0x00254310	264		0
0x00254418	128		0
0x002544a0	24	AttackTable_GetReach	0
0x002544b8	76		0
0x00254508	92	AttackTable_GetFarRange	0
0x00254568	64		0
0x002545a8	56		0
0x002545e0	744		0
0x002548c8	36		0
0x002548f0	1136		0
0x00254d60	188		0
0x00254e20	84		0
0x00254e78	1736	Human_UpdateActions	0
0x00255540	1976	Human_UpdateWorkout	0
0x00255cf8	524		0
0x00255f08	968	MiniGame_Update	0
0x002562d0	1936		0
0x00256a60	1224		0
0x00256f28	448		0
0x002570e8	3072	Human_ComputeThrowVelocity	0
0x00257ce8	136		0
0x00257d70	200		0
0x00257e38	180		0
0x00257ef0	72		0
0x00257f38	1012	Human_DropHeld	0
0x00258330	932	Human_KnockOffHat	0
0x002586d8	656	Human_ReleaseThrow	0
0x00258968	288		0
0x00258a88	904		0
0x00258e10	116		0
0x00258e88	620		0
0x002590f8	620		0
0x00259368	528		0
0x00259578	3060		0
0x0025a178	408		0
0x0025a310	208		0
0x0025a3e0	1236		0
0x0025a8c0	1316		0
0x0025ade8	208		0
0x0025aeb8	212		0
0x0025af90	620		0
0x0025b200	2040		0
0x0025b9f8	1772		0
0x0025c0e8	344	Human_BuildRunStop	0
0x0025c240	880		0
0x0025c5b8	1492		0
0x0025cb90	456		0
0x0025cd58	440		0
0x0025cf10	28		0
0x0025cf30	236		0
0x0025d020	688		0
0x0025d2d0	120		0
0x0025d348	68		0
0x0025d390	2704		0
0x0025de20	704		0
0x0025e0e0	364		0
0x0025e250	136		0
0x0025e2d8	712		0
0x0025e5a8	856		0
0x0025e900	72		0
0x0025e948	428		0
0x0025eb00	292		0
0x0025ec28	696		0
0x0025eee0	116		0
0x0025ef58	208		0
0x0025f028	396		0
0x0025f1b8	664		0
0x0025f450	104		0
0x0025f4d0	672		0
0x0025f770	724	Human_BuildIdleTasks	0
0x0025fa48	340		0
0x0025fba0	48		0
0x0025fbd0	48		0
0x0025fc00	48		0
0x0025fc30	64		0
0x0025fc70	64		0
0x0025fcb0	616		0
0x0025ff18	56		0
0x0025ff50	412		0
0x002600f0	136		0
0x00260178	212		0
0x00260250	928		0
0x002605f0	124		0
0x00260670	116		0
0x002606e8	900	Uncuff_MashSuccess	0
0x00260a70	564	Uncuff_MashFail	0
0x00260ca8	804		0
0x00260fd0	976		0
0x002613a8	460		0
0x00261578	640		0
0x002617f8	524		0
0x00261a08	620		0
0x00261c80	492		0
0x00261e78	1264		0
0x00262368	572		0
0x002625a8	788		0
0x002628c0	96		0
0x00262920	136		0
0x002629a8	140		0
0x00262a38	144		0
0x00262ac8	2228		0
0x00263380	2316		0
0x00263c90	548	Player_SpecialAttack	0
0x00263eb8	700		0
0x00264178	736		0
0x00264460	728		0
0x00264738	316		0
0x00264878	520		0
0x00264a80	340		0
0x00264bd8	288	Human_AddPendingDamage	0
0x00264cf8	680		0
0x00264fa0	1076		0
0x002653d8	2128		0
0x00265c28	176		0
0x00265cd8	248		0
0x00265dd0	412		0
0x00265f70	3040		0
0x00266b50	236		0
0x00266c40	188		0
0x00266d00	568		0
0x00266f38	156		0
0x00266fd8	464		0
0x002671a8	292		0
0x002672d0	104		0
0x00267338	392		0
0x002674c0	944		0
0x00267870	88		0
0x002678c8	308		0
0x00267a00	1096		0
0x00267e48	1508		0
0x00268430	696		0
0x002686e8	484		0
0x002688d0	480		0
0x00268ab0	216		0
0x00268b88	200		0
0x00268c50	420		0
0x00268df8	88		0
0x00268e50	88		0
0x00268ea8	584		0
0x002690f0	348		0
0x00269250	348		0
0x002693b0	348		0
0x00269510	352		0
0x00269670	312		0
0x002697a8	352		0
0x00269908	424		0
0x00269ab0	16		0
0x00269ac0	88		0
0x00269b18	100		0
0x00269b80	580		0
0x00269dc8	360		0
0x00269f30	700		0
0x0026a1f8	160		0
0x0026a298	364		0
0x0026a408	712		0
0x0026a6d0	1824		0
0x0026adf0	44		0
0x0026ae20	636		0
0x0026b0a0	204		0
0x0026b170	440		0
0x0026b328	172		0
0x0026b3d8	16		0
0x0026b3e8	1120		0
0x0026b848	652	ButtonMiniGame_Update	0
0x0026bad8	908	Grab_ConnectEnd	0
0x0026be68	848		0
0x0026c1b8	28		0
0x0026c1d8	880	Grab_IntroEnd	0
0x0026c548	664		0
0x0026c7e0	832		0
0x0026cb20	116		0
0x0026cb98	124		0
0x0026cc18	1116		0
0x0026d078	148		0
0x0026d110	60		0
0x0026d150	956		0
0x0026d510	92		0
0x0026d570	852		0
0x0026d8c8	208		0
0x0026d998	852		0
0x0026dd08	2284		0
0x0026e5f8	1448		0
0x0026eba0	112		0
0x0026ec10	852		0
0x0026ef68	160	Grab_MountClipEnd	0
0x0026f008	704	Grab_StartMountFromFront	0
0x0026f2c8	1148		0
0x0026f760	32		0
0x0026f780	176		0
0x0026f840	32		0
0x0026f860	1988		0
0x00270028	124		0
0x002700a8	452		0
0x00270270	748		0
0x00270560	580		0
0x002707a8	708		0
0x00270a70	196		0
0x00270b38	1104	Mount_StartStrike	0
0x00270f88	52		0
0x00270fc0	104		0
0x00271028	52		0
0x00271060	52		0
0x00271098	984	Mount_GetOff	0
0x00271470	920		0
0x00271808	804	Mount_ReturnToFrontGrab	0
0x00271b30	960		0
0x00271ef0	1052		0
0x00272310	152		0
0x002723a8	60		0
0x002723e8	732		0
0x002726d8	416		0
0x00272878	160		0
0x00272918	144		0
0x002729a8	1676		0
0x00273038	84		0
0x00273090	128		0
0x00273110	1368		0
0x00273668	436		0
0x00273820	436		0
0x002739d8	144	TagGame_Difficulty	0
0x00273a68	500		0
0x00273c60	832	Tag_UpdatePlayer	0
0x00273fa0	28		0
0x00273fc0	36		0
0x00273ff0	404		0
0x00274188	80		0
0x002741d8	1036	TagGame_Init	0
0x002745e8	12		0
0x002745f8	60		0
0x00274638	216		0
0x00274710	400	TagGame_SpendPaint	0
0x002748a0	8		0
0x002748a8	1420	TagGame_Update	0
0x00274e38	168		0
0x00274ee0	960		0
0x002752a0	980		0
0x00275678	836		0
0x002759c0	848		0
0x00275d10	760		0
0x00276008	448	Attack_TurnToTarget	0
0x002761c8	1252	Attack_SteerToTarget	0
0x002766b0	352		0
0x00276810	392		0
0x00276998	1024	Pair_AlignStart	0
0x00276d98	600		0
0x00276ff0	596		0
0x00277248	524		0
0x00277458	1276		0
0x00277958	456	Pair_CheckPlace	0
0x00277b20	948		0
0x00277ed8	80		0
0x00277f28	240		0
0x00278018	500		0
0x00278210	404		0
0x002783b0	620		0
0x00278628	936		0
0x002789d0	1320		0
0x00278ef8	164		0
0x00278fa0	176	Human_IsRevivableBy	0
0x00279050	40		0
0x00279078	40	Human_FindRevivableNear	0
0x002790a8	252		0
0x002792c8	328		0
0x00279410	344		0
0x00279568	308		0
0x002796a0	272		0
0x002797b0	272		0
0x002798c0	328		0
0x00279a08	296		0
0x00279b30	280		0
0x00279c48	236		0
0x00279d38	196		0
0x00279e00	332		0
0x00279f50	288		0
0x0027a070	176		0
0x0027a120	196		0
0x0027a1e8	268		0
0x0027a2f8	440		0
0x0027a4b0	524		0
0x0027a6c0	888	Player_PickTarget	0
0x0027aa38	492		0
0x0027ac30	336		0
0x0027ad80	728		0
0x0027b058	324		0
0x0027b1a0	264		0
0x0027b2a8	672		0
0x0027b548	120		0
0x0027b5c0	32		0
0x0027b5e0	36		0
0x0027b608	36		0
0x0027b630	36		0
0x0027b658	36		0
0x0027b680	36		0
0x0027b6a8	84		0
0x0027b700	36		0
0x0027b728	36		0
0x0027b750	36		0
0x0027b778	36		0
0x0027b7a0	36		0
0x0027b7c8	36		0
0x0027b7f0	36		0
0x0027b818	36		0
0x0027b840	36		0
0x0027b868	36		0
0x0027b890	36		0
0x0027b8b8	36		0
0x0027b8e0	36		0
0x0027b908	36		0
0x0027b930	36		0
0x0027b960	36		0
0x0027b988	96		0
0x0027b9e8	36		0
0x0027ba10	36		0
0x0027ba38	36		0
0x0027ba68	188		0
0x0027bb28	36		0
0x0027bb50	36		0
0x0027bb78	36		0
0x0027bba0	36		0
0x0027bbd0	36		0
0x0027bbf8	36		0
0x0027bc20	36		0
0x0027bc48	124		0
0x0027bcc8	12		0
0x0027bcd8	192		0
0x0027bd98	96		0
0x0027bdf8	84		0
0x0027be50	84		0
0x0027bea8	96		0
0x0027bf08	36		0
0x0027bf30	104		0
0x0027bf98	88		0
0x0027bff0	104		0
0x0027c058	36		0
0x0027c080	36		0
0x0027c0a8	36		0
0x0027c0d0	36		0
0x0027c0f8	36		0
0x0027c120	3120	Player_UpdateActions	0
0x0027cd50	316		0
0x0027ce90	1804	Player_UpdateSprint	0
0x0027d5a0	316		0
0x0027d6e0	288		0
0x0027d800	252		0
0x0027d900	260		0
0x0027da10	496		0
0x0027dc00	628		0
0x0027de78	192		0
0x0027df38	220	Player_UpdatePowerMove	0
0x0027e018	36		0
0x0027e040	1684		0
0x0027e6d8	560	Player_UpdateTheft	0
0x0027e908	792		0
0x0027ec20	1408	Player_UpdateMounting	0
0x0027f1a0	524		0
0x0027f3b0	2488	Player_UpdateGrabbing	0
0x0027fd68	564	Player_UpdateGrabbed	0
0x0027ffa0	196		0
0x00280068	76		0
0x002800b8	96		0
0x00280118	64		0
0x00280158	144		0
0x002801e8	176		0
0x002802a0	680		0
0x00280548	232		0
0x00280630	212		0
0x00280708	1548		0
0x00280d20	444		0
0x00280ee0	40		0
0x00280f08	40		0
0x00280f30	112		0
0x00280fa0	52		0
0x00280fd8	108		0
0x00281048	36		0
0x00281070	276		0
0x00281188	100		0
0x002811f0	376	Player_TriangleAction	0
0x00281368	232		0
0x00281450	996		0
0x00281838	1000		0
0x00281c20	1872	Climb_Start	0
0x00282370	896	Climb_ProbeTop	0
0x002826f0	756	Climb_TryStart	0
0x002829e8	380		0
0x00282b68	1296		0
0x00283078	580		0
0x002832c8	248		0
0x002833c0	1644		0
0x00283a30	1804		0
0x00284140	316		0
0x00284280	188		0
0x00284340	184		0
0x002843f8	1316		0
0x00284920	896	Player_GrabOrTackle	0
0x00284ca0	1800		0
0x002853a8	264		0
0x002854b0	108	Brain_SetInterrogateOverride	0
0x00285520	216		0
0x002855f8	192		0
0x002856b8	3732	Player_UpdateMugging	0
0x00286550	1624		0
0x00286ba8	284		0
0x00286cc8	2664	Player_Square	0
0x00287730	392	Player_Special	0
0x002878b8	352	LockPick_JudgePress	0
0x00287a18	1480	Player_Cross	0
0x00287fe0	248		0
0x002880d8	1468		0
0x00288698	416		0
0x00288838	528		0
0x00288a48	44		0
0x00288a78	84		0
0x00288ad0	68		0
0x00288b18	36		0
0x00288b40	24		0
0x00288b58	24		0
0x00288b70	112		0
0x00288be0	124		0
0x00288c60	76		0
0x00288cb0	16		0
0x00288cc8	628		0
0x00288f40	208		0
0x00289010	148		0
0x002890a8	96		0
0x00289108	44		0
0x00289138	3116	Human_SteerAroundHumans	0
0x00289d68	360		0
0x00289ed0	888		0
0x0028a248	220		0
0x0028a360	528	Brains_RegisterTypeHandlers	0
0x0028a570	1188		0
0x0028aa18	168		0
0x0028aac0	68		0
0x0028ab08	32		0
0x0028ab28	8		0
0x0028ab30	28		0
0x0028ab50	112		0
0x0028abc0	84		0
0x0028ac18	76		0
0x0028ac68	20		0
0x0028ac80	772		0
0x0028af88	972		0
0x0028b358	1776	Brain_ScanEnemies	0
0x0028ba48	268		0
0x0028bb58	152		0
0x0028bbf0	724		0
0x0028bec8	52		0
0x0028bf00	52		0
0x0028bf40	68		0
0x0028bf88	28		0
0x0028bfa8	288	Brain_CanSeekHat	0
0x0028c0c8	116		0
0x0028c140	100		0
0x0028c1a8	440	Brain_InstallHandlers	0
0x0028c360	28		0
0x0028c380	44		0
0x0028c3b0	216		0
0x0028c488	112		0
0x0028c4f8	224		0
0x0028c5d8	204		0
0x0028c6a8	212		0
0x0028c780	272		0
0x0028c890	444		0
0x0028ca50	324		0
0x0028cb98	272		0
0x0028cca8	100		0
0x0028cd10	232		0
0x0028cdf8	104		0
0x0028ce60	84		0
0x0028ceb8	28	Brain_StoreType	0
0x0028ced8	28		0
0x0028cef8	232		0
0x0028cfe0	432	Brain_SetTarget	0
0x0028d190	340	Brain_PushFightGoal	0
0x0028d2e8	112	Brain_Fight	0
0x0028d358	344		0
0x0028d4b0	132		0
0x0028d538	356	Brain_AddEnemy	0
0x0028d6a0	180		0
0x0028d758	124	Brain_PushGoal	0
0x0028d7d8	196	Brain_PopGoal	0
0x0028d8a0	32		0
0x0028d8c0	76		0
0x0028d910	76	Brain_ClearGoals	0
0x0028d960	124	Brain_FindGoal	0
0x0028d9e0	12		0
0x0028d9f0	112	Brain_AllocAction	0
0x0028da60	164	Brain_PopAction	0
0x0028db08	20		0
0x0028db20	100	Brain_ClearActions	0
0x0028db88	248		0
0x0028dc80	392		0
0x0028de08	64		0
0x0028de48	80	Brain_HasAttackSlot	0
0x0028de98	152		0
0x0028df30	688	Brain_ClaimAttackSlot	0
0x0028e1e0	100		0
0x0028e248	1212	Brain_QueueAttack	0
0x0028e708	1916	Brain_PickAttack	0
0x0028ee88	120	Brain_SetHiddenInShadow	0
0x0028ef00	28		0
0x0028ef20	16		0
0x0028ef30	24		0
0x0028ef48	184		0
0x0028f000	488		0
0x0028f1e8	84		0
0x0028f240	108	Brain_EndReactionGoal	0
0x0028f2b0	1036	Brain_UpdateReactionGoal	0
0x0028f6c0	504	Brain_Think	0
0x0028f8b8	112	Brain_Update	0
0x0028f928	96	Brain_OnEvent	0
0x0028f988	96		0
0x0028f9e8	48		0
0x0028fa18	204		0
0x0028fae8	196		0
0x0028fbb0	632	Brain_UpdateGoals	1
0x0028fe28	100	Brain_RunActions	0
0x0028fe90	116		0
0x0028ff08	16		0
0x0028ff18	32		0
0x0028ff38	28		0
0x0028ff58	28		0
0x0028ff78	124		0
0x0028fff8	316		0
0x00290138	244		0
0x00290230	244		0
0x00290328	32		0
0x00290348	104	Brain_HasFightGoal	0
0x002903b0	104		0
0x00290418	136		0
0x002904a0	60	Brain_IsEngaged	0
0x002904e0	168		0
0x00290588	268		0
0x00290698	28		0
0x002906b8	1912		0
0x00290e30	20		0
0x00290e48	44		0
0x00290e78	44		0
0x00290ea8	292	Brain_IsAttackableBy	0
0x00290fd0	52		0
0x00291008	368		0
0x00291178	44		0
0x002911a8	48		0
0x002911d8	8		0
0x002911e0	8		0
0x002911e8	12		0
0x002911f8	32	Brain_GetAttackWeight	0
0x00291218	152		0
0x002912b0	272		0
0x002913c0	676		0
0x00291668	192		0
0x00291728	564		0
0x00291960	936		0
0x00291d08	64		0
0x00291d48	112		0
0x00291db8	192		0
0x00291e78	88		0
0x00291ed0	312		0
0x00292008	60		0
0x00292048	60		0
0x00292088	44		0
0x002920b8	40		0
0x002920e0	76		0
0x00292130	40		0
0x00292158	332		0
0x002922a8	100		0
0x00292310	32		0
0x00292330	108	Brain_SetDead	0
0x002923a0	100	Brain_SetSuspended	0
0x00292410	80	Brain_SetType	0
0x00292460	72	Brain_SetPedType	0
0x002924a8	60	Brain_GetPedType	0
0x002924e8	72	Brain_SetEnabled	0
0x00292530	92	Brain_FlushAll	0
0x00292590	64	Brain_FlushActions	0
0x002925d0	68	Brain_HasGoals	0
0x00292618	64	Brain_FlushGoals	0
0x00292658	80	Brain_PopGoal	0
0x002926a8	96	Brain_ProcessTopGoal	0
0x00292708	76	Brain_SetThreatResponse	0
0x00292758	76	Brain_SetDamageResponse	0
0x002927a8	76	Brain_SetInvestigateResponse	0
0x002927f8	76	Brain_SetPlayerResponse	0
0x00292848	72	Brain_SetWantsWeapon	0
0x00292890	72	Brain_SetWantsHat	0
0x002928d8	92	Brain_SetFieldOfView	0
0x00292938	108	Brain_SetMeleeRange	0
0x002929a8	80	Brain_SetAttackSlotCount	0
0x002929f8	96	Brain_SetAttackWeight	0
0x00292a60	96	Follow_SetSlotCount	0
0x00292ac0	80	Follow_SelectSlotSet	0
0x00292b10	180	Follow_SetSlotOffset	0
0x00292bc8	72	Brain_SetReactsToViolence	0
0x00292c10	88	Brain_SetWorldFlagUse	0
0x00292c68	64	Brain_HasEnemies	0
0x00292ca8	68	Brain_HasAttackers	0
0x00292cf0	144	Brain_ClearBackoff	0
0x00292d80	2132		0
0x002935d8	104	Brain_IsInHearRange	0
0x00293640	104	Gang_BroadcastHelpCall	0
0x002936a8	192		0
0x00293768	216		0
0x00293840	272		0
0x00293950	96	Goal_Alloc	0
0x002939b0	92	Goal_Free	0
0x00293a10	96		0
0x00293a70	92		0
0x00293ad0	84		0
0x00293b28	316	Brains_Update	0
0x00293c68	100	Formations_Update	0
0x00293cd0	56		0
0x00293d08	312		0
0x00293e40	584		0
0x00294088	308		0
0x002941c0	260		0
0x002942c8	844		0
0x00294618	56		0
0x00294650	12		0
0x00294660	12		0
0x00294670	12		0
0x00294680	12		0
0x00294690	44	Cfg_SetMeleeRange	0
0x002946c0	84	Cfg_SetTargetingPoints	0
0x00294718	108	Cfg_SetTargetingPointsEx	0
0x00294788	104	Cfg_SetDefaultFollowSlotSet	0
0x002947f0	24	Cfg_SetBaseChanceToBlock	0
0x00294808	12	Cfg_SetVerticalSightModifier	0
0x00294818	12	Cfg_SetCanBeAttackedModifier	0
0x00294828	20	Cfg_SetCivilianAggression	0
0x00294840	28	Cfg_SetSearchTimes	0
0x00294860	12	Cfg_SetMercyStruggleDamage	0
0x00294870	20	Cfg_SetSearchCounts	0
0x00294888	24	Cfg_SetChanceToGetHelp	0
0x002948a0	12	Peds_SetInteractDelay	0
0x002948b0	8		0
0x002948b8	8		0
0x002948c0	352		0
0x00294a20	32		0
0x00294a40	152		0
0x00294ad8	132		0
0x00294b60	148		0
0x00294bf8	156		0
0x00294c98	68		0
0x00294ce0	436		0
0x00294e98	156		0
0x00294f38	792		0
0x00295250	372		0
0x002953c8	364		0
0x00295538	404		0
0x002956d0	1592		0
0x00295d08	168		0
0x00295db0	40		0
0x00295dd8	36		0
0x00295e00	56		0
0x00295e38	140		0
0x00295ec8	96		0
0x00295f28	252		0
0x00296028	156		0
0x002960c8	100		0
0x00296130	92		0
0x00296190	348		0
0x002962f0	100		0
0x00296358	80		0
0x002963b0	92		0
0x00296410	116		0
0x00296488	1148		0
0x00296908	192		0
0x002969c8	8		0
0x002969d0	1088		0
0x00296e10	124		0
0x00296e90	116		0
0x00296f08	188		0
0x00296fc8	136		0
0x00297050	376		0
0x002971c8	316		0
0x00297308	280		0
0x00297420	16		0
0x00297430	432		0
0x002975e0	64		0
0x00297620	296		0
0x00297748	124		0
0x002977c8	300		0
0x002978f8	352		0
0x00297a58	568		0
0x00297c90	964		0
0x00298058	100		0
0x002980c0	676		0
0x00298368	184		0
0x00298420	448		0
0x002985e0	448		0
0x002987a0	744		0
0x00298a88	732		0
0x00298d68	308		0
0x00298ea0	228		0
0x00298f88	372	Brain_UpdatePerception	0
0x00299100	284		0
0x00299220	24		0
0x00299238	8	Human_SetLookAtTarget	0
0x00299248	548	Goal_StartParlay	0
0x00299470	72		0
0x002994b8	84	Human_DropWeapon	0
0x00299510	16	GameState_SetSpawnMax	0
0x00299520	16	GameState_SetCopSpawnMax	0
0x00299530	8		0
0x00299538	572		0
0x00299778	656		0
0x00299a08	324		0
0x00299b50	328		0
0x00299c98	40		0
0x00299cc0	48		0
0x00299cf0	48		0
0x00299d20	96		0
0x00299d80	48		0
0x00299db0	60		0
0x00299df0	40		0
0x00299e18	56		0
0x00299e50	24		0
0x00299e68	32		0
0x00299e88	32		0
0x00299ea8	56		0
0x00299ee0	12		0
0x00299ef0	36		0
0x00299f18	16		0
0x00299f28	80		0
0x00299f78	32		0
0x00299f98	68		0
0x00299fe0	32		0
0x0029a000	120		0
0x0029a078	56		0
0x0029a0b0	244		0
0x0029a1a8	192		0
0x0029a268	152		0
0x0029a300	88		0
0x0029a358	44		0
0x0029a388	56		0
0x0029a3c0	44		0
0x0029a3f0	728		0
0x0029a6c8	504		0
0x0029a8c0	352		0
0x0029aa20	84		0
0x0029aa78	12		0
0x0029aa88	852		0
0x0029ade0	508	Route_SetJumpArcVelocity	0
0x0029afe0	400		0
0x0029b170	192		0
0x0029b238	12		0
0x0029b248	28		0
0x0029b268	76		0
0x0029b2b8	356	Route_GetWaypointPoint	0
0x0029b428	72		0
0x0029b470	68		0
0x0029b4b8	544		0
0x0029b6d8	368		0
0x0029b848	356		0
0x0029b9b0	236		0
0x0029baa8	500	Route_StartJumpLeg	0
0x0029bca0	440		0
0x0029be58	112		0
0x0029bec8	152		0
0x0029bf60	52		0
0x0029bf98	320		0
0x0029c0d8	136		0
0x0029c160	124		0
0x0029c2e8	40		0
0x0029c310	144		0
0x0029c3a0	84		0
0x0029c3f8	36		0
0x0029c498	92		0
0x0029c508	104		0
0x0029c570	180		0
0x0029c628	164		0
0x0029c6d0	280		0
0x0029c7e8	296		0
0x0029c910	280		0
0x0029ca28	396		0
0x0029cbb8	180		0
0x0029cc78	180		0
0x0029cd30	272		0
0x0029ce40	44		0
0x0029ce70	36		0
0x0029ce98	1172		0
0x0029d330	64		0
0x0029d3f8	64		0
0x0029d438	188		0
0x0029d4f8	96		0
0x0029d558	152		0
0x0029d5f0	824		0
0x0029d928	784		0
0x0029dc38	256		0
0x0029dd38	572		0
0x0029df78	492		0
0x0029e168	232		0
0x0029e250	92		0
0x0029e2b0	56		0
0x0029e2e8	104		0
0x0029e350	284		0
0x0029e470	64		0
0x0029e4b0	292		0
0x0029e5d8	932		0
0x0029e980	72		0
0x0029e9c8	72		0
0x0029ea10	56		0
0x0029ea48	76		0
0x0029eaa0	52		0
0x0029ead8	52		0
0x0029eb10	36		0
0x0029eb38	340		0
0x0029ec90	72		0
0x0029ecd8	96		0
0x0029ed38	32		0
0x0029ed58	124	Goal_Start	0
0x0029edd8	84	Goal_End	0
0x0029ee30	108	Goal_Resume	0
0x0029eea0	56	Goal_Suspend	0
0x0029eed8	168	Goal_Process	0
0x0029ef80	280		0
0x0029f098	404	Goal_TryBlock	1
0x0029f230	372		0
0x0029f3c8	836		0
0x0029f710	128		0
0x0029f790	128		0
0x0029f810	212		0
0x0029f8e8	228		0
0x0029f9d0	84		0
0x0029fa28	312		0
0x0029fb60	68		0
0x0029fba8	112	Goal_BossLizzies	0
0x0029fc18	504		0
0x0029fe10	8		0
0x0029fe18	3148		0
0x002a0a68	96		0
0x002a0ac8	52		0
0x002a0b08	96		0
0x002a0b68	48		0
0x002a0b98	100		0
0x002a0c00	116		0
0x002a0c78	832		0
0x002a0fb8	2800		0
0x002a1aa8	164	Goal_BossDiego	0
0x002a1b50	680		0
0x002a1df8	4808		0
0x002a30c0	40		0
0x002a30e8	260	Goal_ManWeaponPileSimple	0
0x002a31f0	304	Goal_ManWeaponPile	0
0x002a3320	376	ManWeaponPileGoal_Init	0
0x002a3498	2292	ManWeaponPileGoal_Process	0
0x002a3d90	192		0
0x002a3e50	256	Goal_ObjectThrower	0
0x002a3f50	452	ObjectThrowerGoal_Init	0
0x002a4138	248		0
0x002a4230	1128	ObjectThrowerGoal_Process	0
0x002a4aa0	40		0
0x002a4ac8	32		0
0x002a4ae8	464		0
0x002a4cb8	268	Goal_AreaWalker	0
0x002a4dc8	196		0
0x002a4e90	32		0
0x002a4eb0	1196		0
0x002a5360	116	Goal_Hooker	0
0x002a53d8	88		0
0x002a5430	948		0
0x002a57e8	192		0
0x002a58a8	176	Goal_PathBlocker	0
0x002a5958	308		0
0x002a5a90	1352		0
0x002a5fd8	192		0
0x002a6098	68		0
0x002a60e0	152	Goal_PedestrianPath	0
0x002a6178	348		0
0x002a62d8	1000		0
0x002a66c0	156	Goal_PedestrianFlag	0
0x002a6760	336		0
0x002a68b0	672		0
0x002a6b50	148		0
0x002a6be8	160		0
0x002a6c88	1696		0
0x002a7328	128	FlagNet_Clear	0
0x002a73a8	72	FlagNet_FindNode	0
0x002a73f0	104		0
0x002a7458	220	FlagNet_AddNode	0
0x002a7538	124		0
0x002a75b8	596		0
0x002a7810	184		0
0x002a78c8	372	FlagNet_StartTraverse	0
0x002a7a40	68		0
0x002a7a88	444		0
0x002a7c48	188	FlagNet_Validate	0
0x002a7d08	80	Goal_CallPolice	0
0x002a7d58	196		0
0x002a7e20	116		0
0x002a7e98	204		0
0x002a7f70	136		0
0x002a7ff8	408		0
0x002a8190	100		0
0x002a81f8	508		0
0x002a83f8	2712		0
0x002a8e90	92		0
0x002a8ef0	88		0
0x002a8f48	44		0
0x002a8f78	296		0
0x002a90a0	188		0
0x002a9160	40		0
0x002a9188	892		0
0x002a9508	2128	PedInteractGoal_Process	0
0x002a9d58	160		0
0x002a9df8	68		0
0x002a9e40	116		0
0x002a9ec0	1488		0
0x002aa490	196		0
0x002aa558	60		0
0x002aa598	416		0
0x002aa740	32		0
0x002aa760	1716		0
0x002aae30	232		0
0x002aaf18	180		0
0x002aafd0	148		0
0x002ab068	64		0
0x002ab0a8	48		0
0x002ab0d8	264		0
0x002ab1e8	156		0
0x002ab288	484		0
0x002ab470	72		0
0x002ab4b8	2172		0
0x002abd38	208	Goal_Bum	0
0x002abe08	144	Goal_BumTrigger	0
0x002abe98	92	LoadBumAnims	0
0x002abef8	264		0
0x002ac000	304		0
0x002ac130	76		0
0x002ac180	148		0
0x002ac218	88		0
0x002ac270	52		0
0x002ac2a8	132		0
0x002ac330	72		0
0x002ac378	148		0
0x002ac410	72	BumGoal_Trigger	0
0x002ac458	388		0
0x002ac5e0	800		0
0x002ac900	108		0
0x002ac970	112		0
0x002ac9e0	280		0
0x002acaf8	460		0
0x002accc8	1528		0
0x002ad2c0	184	Goal_Peddler	0
0x002ad378	280	PeddlerGoal_Init	0
0x002ad490	40		0
0x002ad4b8	36		0
0x002ad4e0	36		0
0x002ad508	40		0
0x002ad530	76		0
0x002ad580	36		0
0x002ad5a8	132	PeddlerGoal_OnAttacked	0
0x002ad630	140		0
0x002ad6c0	1024	PeddlerGoal_Process	0
0x002adac0	428		0
0x002adc70	116		0
0x002adce8	32		0
0x002add08	260	Goal_Melee	0
0x002ade10	60		0
0x002ade60	44		0
0x002ade90	404		0
0x002ae028	700		0
0x002ae2e8	2316		0
0x002aebf8	420		0
0x002aeda0	164		0
0x002aee48	228		0
0x002aef78	80		0
0x002aefc8	80		0
0x002af018	160		0
0x002af0b8	448		0
0x002af278	672		0
0x002af528	132	Goal_EngageEnemy	0
0x002af5b0	192	EngageEnemyGoal_Init	0
0x002af670	604		0
0x002af8d0	52		0
0x002af928	224		0
0x002afa08	60		0
0x002afa48	2728		0
0x002b04f0	280		0
0x002b0608	440		0
0x002b07c0	432		0
0x002b0970	496		0
0x002b0b60	144		0
0x002b0bf0	148		0
0x002b0c88	592		0
0x002b0ed8	248		0
0x002b0fd0	608		0
0x002b1230	580		0
0x002b1478	996		0
0x002b1860	2296		0
0x002b2158	112		0
0x002b21c8	236		0
0x002b22b8	68		0
0x002b2300	64		0
0x002b2340	204		0
0x002b2410	1920		0
0x002b2b90	144	Brain_StartFight	0
0x002b2c20	180	FightGoal_Init	0
0x002b2cd8	40		0
0x002b2d00	112		0
0x002b2d70	104		0
0x002b2dd8	76		0
0x002b2e28	412		0
0x002b2fc8	920		0
0x002b3360	1872		0
0x002b3ab0	1508	FightGoal_Process	0
0x002b4098	188		0
0x002b4158	164		0
0x002b4200	240		0
0x002b42f0	64		0
0x002b4330	1736		0
0x002b49f8	60		0
0x002b4a38	96		0
0x002b4aa0	8		0
0x002b4aa8	224		0
0x002b4b88	44		0
0x002b4bb8	72		0
0x002b4c00	132		0
0x002b4c98	680		0
0x002b4f40	460		0
0x002b5110	56		0
0x002b5148	72		0
0x002b5190	132		0
0x002b5218	104		0
0x002b5280	28		0
0x002b52a0	28		0
0x002b52c0	536		0
0x002b54d8	68	BlockGoal_Init	0
0x002b5520	328	BlockGoal_Start	0
0x002b5698	124		0
0x002b5718	236		0
0x002b5808	656	BlockGoal_Process	0
0x002b5a98	52		0
0x002b5ad0	136		0
0x002b5b58	64		0
0x002b5b98	1300		0
0x002b60b0	16		0
0x002b60c0	1336		0
0x002b65f8	44		0
0x002b6638	480		0
0x002b6818	48		0
0x002b6848	828		0
0x002b6b88	44		0
0x002b6bb8	520		0
0x002b6dc0	52		0
0x002b6df8	124		0
0x002b6e78	56		0
0x002b6eb0	240		0
0x002b6fa0	416		0
0x002b7140	56		0
0x002b7178	60		0
0x002b71b8	32		0
0x002b71d8	128		0
0x002b7258	860		0
0x002b75b8	180		0
0x002b7670	44		0
0x002b76a0	572		0
0x002b78e0	28		0
0x002b7900	184		0
0x002b79b8	216	Goal_GuardFlag	0
0x002b7a90	120	GuardFlagGoal_Init	0
0x002b7b08	184		0
0x002b7bc0	84		0
0x002b7c18	356	GuardFlagGoal_Process	0
0x002b7d80	128		0
0x002b7e00	124		0
0x002b7e80	668		0
0x002b8120	28		0
0x002b8140	160		0
0x002b81e0	816		0
0x002b8518	368		0
0x002b8688	476		0
0x002b8868	456		0
0x002b8a30	164		0
0x002b8ad8	2624		0
0x002b9538	152	Goal_HoldFlag	0
0x002b95d0	72		0
0x002b9618	144		0
0x002b96a8	116		0
0x002b9730	144	HoldFlagGoal_FilterTarget	0
0x002b97c0	300	HoldFlagGoal_MoveToFlag	0
0x002b98f0	412	HoldFlagGoal_Process	0
0x002b9a90	184		0
0x002b9b48	288		0
0x002b9c68	308		0
0x002b9da0	224		0
0x002b9e90	288		0
0x002b9fb0	360		0
0x002ba118	1124		0
0x002ba580	136	Goal_StandGround	0
0x002ba608	232		0
0x002ba6f0	76		0
0x002ba740	80		0
0x002ba7a0	112	StandGroundGoal_FilterTarget	0
0x002ba810	100		0
0x002ba878	1324	StandGroundGoal_Process	0
0x002bada8	144		0
0x002bae38	72		0
0x002baec8	60		0
0x002baf20	240		0
0x002bb010	960		0
0x002bb3d0	136	Goal_GrabTarget	0
0x002bb458	104	GrabTargetGoal_Init	0
0x002bb4c0	184	GrabTargetGoal_Start	0
0x002bb598	176	GrabTargetGoal_End	0
0x002bb668	188		0
0x002bb728	144		0
0x002bb7b8	156		0
0x002bb858	1384	GrabTargetGoal_Process	0
0x002bbdc0	64		0
0x002bbe00	148		0
0x002bbe98	140		0
0x002bbf30	112		0
0x002bbfa0	500		0
0x002bc198	2180		0
0x002bca20	152		0
0x002bcab8	204		0
0x002bcb88	156		0
0x002bcc28	28		0
0x002bcc48	112		0
0x002bccb8	720		0
0x002bcf88	500		0
0x002bd180	876		0
0x002bd4f0	156		0
0x002bd590	628		0
0x002bd808	3460		0
0x002be590	172	Goal_HoldPosition	0
0x002be640	60		0
0x002be688	40		0
0x002be6b0	80		0
0x002be700	280		0
0x002be818	1084		0
0x002bec58	92		0
0x002becb8	116		0
0x002bed30	124		0
0x002bedb0	88		0
0x002bee08	108		0
0x002bee78	668		0
0x002bf118	1584		0
0x002bf748	1276		0
0x002bfc48	152		0
0x002bfce0	284		0
0x002bfe00	152		0
0x002bfe98	108		0
0x002bff08	1320		0
0x002c0430	172		0
0x002c04e8	96		0
0x002c0548	56		0
0x002c0580	32		0
0x002c05a0	420		0
0x002c0748	456		0
0x002c0910	156	Goal_CopGuard	0
0x002c09b0	92		0
0x002c0a10	436		0
0x002c0bc8	84		0
0x002c0c20	136	Goal_CopRespondSimple	0
0x002c0ca8	296		0
0x002c0dd8	384		0
0x002c0f58	128	Goal_ArrestHuman	0
0x002c0fd8	120		0
0x002c1060	176	Goal_CopPatrol	0
0x002c1110	196	GoalCopPatrol_Init	0
0x002c11d8	348	GoalCopPatrol_Process	0
0x002c1338	160		0
0x002c13d8	152		0
0x002c1470	132		0
0x002c14f8	64		0
0x002c1538	28		0
0x002c1558	220		0
0x002c1638	388		0
0x002c17c0	152		0
0x002c1858	1464		0
0x002c1e10	112		0
0x002c1e80	484		0
0x002c2068	72		0
0x002c20b0	284		0
0x002c21d0	40		0
0x002c21f8	564		0
0x002c2430	2308		0
0x002c2d38	72	Goal_CopRespond	0
0x002c2d80	176		0
0x002c2e30	76		0
0x002c2e80	276		0
0x002c3008	692		0
0x002c32c0	648		0
0x002c3548	1040		0
0x002c3958	92		0
0x002c39d0	52		0
0x002c3a08	1624		0
0x002c4060	192		0
0x002c4120	80		0
0x002c4170	452		0
0x002c4360	944		0
0x002c4710	316		0
0x002c4850	60		0
0x002c4890	440		0
0x002c4a58	160		0
0x002c4af8	40		0
0x002c4b20	932		0
0x002c4ec8	228		0
0x002c4fb0	84		0
0x002c5008	280		0
0x002c5120	56		0
0x002c5160	652		0
0x002c53f0	92		0
0x002c5450	136		0
0x002c54d8	40		0
0x002c5500	68		0
0x002c5548	80		0
0x002c5598	544		0
0x002c57b8	760		0
0x002c5ab0	72		0
0x002c5af8	108		0
0x002c5b68	116		0
0x002c5be0	44		0
0x002c5c10	512		0
0x002c5e10	64		0
0x002c5e50	40		0
0x002c5e78	896		0
0x002c61f8	1728		0
0x002c68b8	140		0
0x002c6948	72		0
0x002c69b0	720		0
0x002c6c88	264	Goal_Dealer	0
0x002c6d90	232		0
0x002c6e78	284		0
0x002c6f98	136		0
0x002c7020	128		0
0x002c70a0	180		0
0x002c7158	236		0
0x002c7248	364		0
0x002c73b8	288		0
0x002c74d8	1864		0
0x002c7c20	456		0
0x002c7de8	244		0
0x002c7ee0	248		0
0x002c7fd8	2252		0
0x002c88a8	196		0
0x002c8970	52		0
0x002c89a8	312		0
0x002c8af0	808		0
0x002c8e18	48		0
0x002c8e48	132		0
0x002c8ed0	76		0
0x002c8f28	208		0
0x002c8ff8	1408		0
0x002c9578	96		0
0x002c95d8	40		0
0x002c9600	40		0
0x002c9628	120		0
0x002c96a0	100		0
0x002c9708	1612		0
0x002c9d58	44		0
0x002c9d88	68		0
0x002c9dd0	68		0
0x002c9e18	316		0
0x002c9f60	768		0
0x002ca260	96		0
0x002ca2c0	40		0
0x002ca2e8	40		0
0x002ca310	112		0
0x002ca380	100		0
0x002ca3e8	2548		0
0x002cade0	36		0
0x002cae08	160		0
0x002caea8	208		0
0x002caf78	156		0
0x002cb020	196		0
0x002cb0e8	80		0
0x002cb138	496		0
0x002cb328	8		0
0x002cb338	8		0
0x002cb348	472		0
0x002cb538	152		0
0x002cb5d0	1416		0
0x002cc348	192	Goal_AddressPerson	0
0x002cc408	128		0
0x002cc488	252		0
0x002cc588	796		0
0x002cc8a8	92		0
0x002cc908	132		0
0x002cc990	1156		0
0x002cce18	108		0
0x002cce88	168	Goal_Tag	0
0x002ccf30	176	Goal_TagEx	0
0x002ccfe0	224	TagGoal_Init	0
0x002cd0c0	56		0
0x002cd108	40		0
0x002cd130	100		0
0x002cd198	192		0
0x002cd258	672	TagGoal_Process	0
0x002cd4f8	324		0
0x002cd640	88		0
0x002cd698	604		0
0x002cd8f8	300		0
0x002cda28	64		0
0x002cda68	116		0
0x002cdae0	80		0
0x002cdb30	132		0
0x002cdbc0	1312		0
0x002ce0e0	88		0
0x002ce138	292		0
0x002ce260	152		0
0x002ce300	76		0
0x002ce350	32		0
0x002ce370	72		0
0x002ce3b8	528		0
0x002ce5c8	572		0
0x002ce808	100		0
0x002ce870	120		0
0x002ce8e8	104		0
0x002ce960	128		0
0x002ce9e0	896		0
0x002ced60	76		0
0x002cedb0	1740		0
0x002cf480	176	Goal_ThrowObject	0
0x002cf530	128		0
0x002cf5d0	188		0
0x002cf690	616		0
0x002cf8f8	136		0
0x002cf980	332		0
0x002cfad0	68		0
0x002cfb18	120		0
0x002cfb90	176		0
0x002cfc40	724		0
0x002cff18	88		0
0x002cff70	400		0
0x002d0100	2288		0
0x002d09f0	180		0
0x002d0aa8	48		0
0x002d0ae0	32		0
0x002d0b00	920		0
0x002d0e98	208	Goal_Riot	0
0x002d0f68	276	RiotGoal_Init	0
0x002d1080	64		0
0x002d1100	244		0
0x002d11f8	140		0
0x002d1288	528	RiotGoal_TryPickFight	0
0x002d1498	308		0
0x002d15d0	740		0
0x002d18b8	892		0
0x002d1c38	1760	RiotGoal_Process	0
0x002d2318	204		0
0x002d23e8	80		0
0x002d2438	112		0
0x002d24a8	144		0
0x002d2538	40		0
0x002d2560	156		0
0x002d2600	2036		0
0x002d2df8	180	Goal_PlayDynamicAnimation	0
0x002d2eb0	176		0
0x002d2f98	156		0
0x002d3038	36		0
0x002d3060	240		0
0x002d3150	96		0
0x002d31b0	164		0
0x002d3258	52		0
0x002d3290	104		0
0x002d32f8	136		0
0x002d3380	476		0
0x002d3560	88		0
0x002d35b8	904		0
0x002d3940	212	Goal_PlayDynamicIdle	0
0x002d3a18	492		0
0x002d3c08	36		0
0x002d3c40	196		0
0x002d3d08	76		0
0x002d3d58	988		0
0x002d4138	240		0
0x002d4248	116		0
0x002d42c0	872		0
0x002d4628	144	Goal_PlayGenericAnimation	0
0x002d46b8	132	PlayGenAnimGoal_Init	0
0x002d4748	132	PlayGenAnimGoal_End	0
0x002d47d0	204	PlayGenAnimGoal_Process	0
0x002d48a0	128	Goal_StandIdle	0
0x002d4920	196		0
0x002d49e8	40		0
0x002d4a18	64		0
0x002d4a58	40		0
0x002d4a80	440		0
0x002d4c38	128	Goal_Cower	0
0x002d4cb8	64	CowerGoal_Init	0
0x002d4cf8	152		0
0x002d4da0	108		0
0x002d4e10	236		0
0x002d4f00	60		0
0x002d4f40	116		0
0x002d4fc0	40		0
0x002d4fe8	1364	CowerGoal_Process	0
0x002d5540	152		0
0x002d55d8	68		0
0x002d5648	32		0
0x002d5668	300		0
0x002d5798	284		0
0x002d58b8	876		0
0x002d5c28	200	Goal_CallGang	0
0x002d5cf0	200	CallGangGoal_Init	0
0x002d5db8	444	CallGangGoal_Start	0
0x002d5f98	184		0
0x002d6050	48		0
0x002d6080	176		0
0x002d6130	248		0
0x002d6228	1040	CallGangGoal_FindCallSpot	0
0x002d6638	1640	CallGangGoal_Process	0
0x002d6ca0	268		0
0x002d6db0	96		0
0x002d6e10	224		0
0x002d6ef0	168		0
0x002d6f98	104		0
0x002d7000	156		0
0x002d70a0	60		0
0x002d70e0	76		0
0x002d7130	644		0
0x002d73b8	1208		0
0x002d7878	192		0
0x002d7938	112		0
0x002d79a8	240		0
0x002d7a98	180		0
0x002d7b50	120		0
0x002d7bc8	156		0
0x002d7c68	60		0
0x002d7ca8	104		0
0x002d7d10	108		0
0x002d7d80	604		0
0x002d7fe0	68		0
0x002d8028	160		0
0x002d80c8	1040		0
0x002d84e0	52		0
0x002d8518	28		0
0x002d8550	124		0
0x002d85d0	72		0
0x002d8618	20		0
0x002d8630	384		0
0x002d87b0	152	Goal_Mark	0
0x002d8848	144	MarkGoal_Init	0
0x002d88d8	72	MarkGoal_Start	0
0x002d8930	40		0
0x002d8958	108		0
0x002d89c8	20		0
0x002d89e0	304		0
0x002d8b10	668	MarkGoal_React	0
0x002d8db0	304	MarkGoal_FindChatPartner	0
0x002d8ee0	856	MarkGoal_Process	0
0x002d9238	176	Goal_Backoff	0
0x002d92e8	140		0
0x002d9380	32		0
0x002d93a0	1052		0
0x002d97c0	136	Goal_Boxer	0
0x002d9848	40	BoxerGoal_Init	0
0x002d9870	64	BoxerGoal_Start	0
0x002d98b0	68	BoxerGoal_End	0
0x002d98f8	1000	BoxerGoal_Process	0
0x002d9ce0	60		0
0x002d9d20	32		0
0x002d9d40	1408		0
0x002da2c0	240	Goal_MoveToFlag	0
0x002da3b0	88		0
0x002da408	152		0
0x002da4a0	172		0
0x002da550	52		0
0x002da588	644		0
0x002da810	228	Goal_MoveToExitFlag	0
0x002da8f8	104	GoalMoveToExitFlag_Init	0
0x002da960	188	GoalMoveToExitFlag_Start	0
0x002daa20	164		0
0x002daac8	56		0
0x002dab00	500		0
0x002dacf8	1688	GoalMoveToExitFlag_Process	0
0x002db390	196		0
0x002db458	76		0
0x002db4a8	96		0
0x002db508	152		0
0x002db5a0	28		0
0x002db5c0	236		0
0x002db6b0	180	Goal_MoveToUseFlag	0
0x002db768	168		0
0x002db810	260		0
0x002db918	392		0
0x002dbaa0	72		0
0x002dbae8	104		0
0x002dbb50	44		0
0x002dbb80	36		0
0x002dbba8	68		0
0x002dbbf0	28		0
0x002dbc10	1640		0
0x002dc278	88		0
0x002dc2d0	40		0
0x002dc2f8	28		0
0x002dc318	28		0
0x002dc338	284		0
0x002dc458	160	Goal_MoveToHuman	0
0x002dc4f8	72	MoveToHumanGoal_Init	0
0x002dc540	40		0
0x002dc578	396	MoveToHumanGoal_Process	0
0x002dc708	152	Goal_GetItem	0
0x002dc7a0	84		0
0x002dc7f8	180		0
0x002dc8b0	292		0
0x002dc9d8	32		0
0x002dc9f8	1740		0
0x002dd0c8	128		0
0x002dd148	56		0
0x002dd180	88		0
0x002dd1d8	52		0
0x002dd210	1052		0
0x002dd630	132		0
0x002dd6b8	60		0
0x002dd6f8	32		0
0x002dd720	1052		0
0x002ddb40	144		0
0x002ddbd0	68		0
0x002ddc18	136		0
0x002ddca0	104		0
0x002ddd08	60		0
0x002ddd48	260		0
0x002dde50	1144		0
0x002de2c8	180	Goal_FollowPlayer	0
0x002de380	72		0
0x002de3c8	208		0
0x002de498	168		0
0x002de540	196		0
0x002de608	68		0
0x002de650	368		0
0x002de7c0	2536		0
0x002df1a8	164	Goal_TrackHuman	0
0x002df250	56		0
0x002df288	148		0
0x002df330	140		0
0x002df3c0	768		0
0x002df6c0	160	Goal_FollowObject	0
0x002df760	60	FollowObjectGoal_Init	0
0x002df7a0	240	FollowObjectGoal_PickSpeed	0
0x002df890	40		0
0x002df8b8	80		0
0x002df908	504	FollowObjectGoal_Process	0
0x002dfb00	168	Goal_FollowFormation	0
0x002dfba8	136	FollowFormationGoal_Init	0
0x002dfc30	156		0
0x002dfcd0	388	FollowFormationGoal_Start	0
0x002dfe68	144		0
0x002dfef8	400		0
0x002e0088	1312	FollowFormationGoal_Process	0
0x002e05a8	200	Goal_TravelPath	0
0x002e0670	216	Goal_TravelPath2	0
0x002e0748	92	GoalTravelPath_Init	0
0x002e07d0	324	GoalTravelPath_NextPoint	0
0x002e0918	56		0
0x002e0950	24		0
0x002e0968	268	GoalTravelPath_Process	0
0x002e0a78	204	Goal_LeadChase	0
0x002e0b48	212	LeadChaseGoal_Init	0
0x002e0c20	40		0
0x002e0c48	148		0
0x002e0ce0	228		0
0x002e0dc8	888	LeadChaseGoal_Process	0
0x002e1140	240	Goal_RunCarrot	0
0x002e1230	240	RunCarrotGoal_Init	0
0x002e1330	88		0
0x002e1388	52		0
0x002e13c0	552	RunCarrotGoal_UpdateSpeed	0
0x002e15e8	376	RunCarrotGoal_Process	0
0x002e1760	240	Goal_DevilRun	0
0x002e1850	132	DevilRunGoal_Init	0
0x002e18d8	116	DevilRunGoal_Start	0
0x002e1950	68	DevilRunGoal_End	0
0x002e1998	20	DevilRunGoal_Resume	0
0x002e19b0	284	DevilRunGoal_SegmentOf	0
0x002e1ad0	140		0
0x002e1b60	180	DevilRunGoal_FindHindmostSegment	0
0x002e1c18	504	DevilRunGoal_ChooseChaser	0
0x002e1e10	1052	DevilRunGoal_Pace	0
0x002e2230	432	DevilRunGoal_Process	0
0x002e28f8	96		0
0x002e2958	32		0
0x002e2988	928		0
0x002e2d28	76		0
0x002e2d90	764		0
0x002e3090	236	Goal_AvoidEnemies	0
0x002e3180	152	AvoidEnemiesGoal_Init	0
0x002e3218	216		0
0x002e32f0	36		0
0x002e3318	180		0
0x002e33d0	440		0
0x002e3588	168		0
0x002e3630	2484	AvoidEnemiesGoal_Process	0
0x002e3fe8	76		0
0x002e4038	332		0
0x002e4188	32		0
0x002e41b0	32		0
0x002e41d0	440		0
0x002e4388	1376		0
0x002e48e8	148	Goal_PlayAnimation	0
0x002e4980	120		0
0x002e49f8	84		0
0x002e4a50	32		0
0x002e4a70	68		0
0x002e4ab8	116		0
0x002e4b30	88		0
0x002e4b88	84		0
0x002e4be0	268		0
0x002e4cf0	308	Goal_JoinScene	0
0x002e4e28	72		0
0x002e4e70	376		0
0x002e4fe8	36		0
0x002e5010	56		0
0x002e5048	220	Goal_JoinFixedScene	0
0x002e5128	124		0
0x002e51a8	248		0
0x002e52a0	36		0
0x002e52c8	56		0
0x002e5300	220	Goal_JoinCinematic	0
0x002e53e0	160		0
0x002e5480	284		0
0x002e55a0	72		0
0x002e55e8	48		0
0x002e5618	56		0
0x002e5650	160	Goal_JoinAnimation	0
0x002e56f0	124		0
0x002e5770	256		0
0x002e5870	36		0
0x002e5898	56		0
0x002e58d0	300		0
0x002e5a00	224	Goal_Shopkeeper	0
0x002e5ae0	268	ShopkeeperGoal_Init	0
0x002e5bf0	268		0
0x002e5d00	336		0
0x002e5e50	236		0
0x002e5f40	96		0
0x002e5fa0	1088	ShopkeeperGoal_OnDisturbed	0
0x002e63e0	464		0
0x002e65b0	184	ShopkeeperGoal_Reset	0
0x002e6668	3996	ShopkeeperGoal_Process	0
0x002e7608	408		0
0x002e77a0	464		0
0x002e7970	248		0
0x002e7a68	200		0
0x002e7b30	228		0
0x002e7c18	400		0
0x002e7da8	188		0
0x002e7e68	228		0
0x002e7f50	612		0
0x002e81b8	204	Goal_BigBrawler	0
0x002e8288	400		0
0x002e8418	216		0
0x002e84f0	56		0
0x002e8530	220		0
0x002e8620	500		0
0x002e8818	24		0
0x002e8830	16		0
0x002e8840	20		0
0x002e8858	880		0
0x002e8bc8	476		0
0x002e8da8	312		0
0x002e8ee0	84		0
0x002e8f38	64		0
0x002e8f78	3304		0
0x002e9c60	112	Goal_BigFighter	0
0x002e9cd0	180		0
0x002e9d88	256		0
0x002e9e90	32		0
0x002e9eb0	280		0
0x002e9fd0	100		0
0x002ea038	128		0
0x002ea0b8	348		0
0x002ea218	388		0
0x002ea3a0	36		0
0x002ea3c8	808		0
0x002ea6f0	336		0
0x002ea840	184		0
0x002ea8f8	192		0
0x002ea9b8	52		0
0x002ea9f0	276		0
0x002eab08	68		0
0x002eab50	120		0
0x002eabc8	3948		0
0x002ebb38	120		0
0x002ebbb0	220		0
0x002ebca0	272		0
0x002ebdb8	100		0
0x002ebe20	372		0
0x002ebf98	576		0
0x002ec1d8	36		0
0x002ec200	608		0
0x002ec460	52		0
0x002ec4a0	68		0
0x002ec4e8	68		0
0x002ec530	592		0
0x002ec780	2148		0
0x002ecfe8	192	Goal_BigThrower	0
0x002ed0a8	180		0
0x002ed168	232		0
0x002ed260	228		0
0x002ed348	16		0
0x002ed358	8		0
0x002ed360	312		0
0x002ed498	84		0
0x002ed4f0	552		0
0x002ed718	2052		0
0x002edf20	216	Goal_BigLedgeThrower	0
0x002edff8	416	BigLedgeThrowerGoal_Init	0
0x002ee198	284		0
0x002ee2c8	220		0
0x002ee3a8	36		0
0x002ee3d0	284		0
0x002ee4f0	276		0
0x002ee608	216		0
0x002ee6e0	120		0
0x002ee758	84		0
0x002ee7b0	1692	BigLedgeThrowerGoal_Process	0
0x002eee50	144	Goal_StationaryThrower	0
0x002eeee0	152	StationaryThrowerGoal_Init	0
0x002eef78	208		0
0x002ef058	212		0
0x002ef130	84		0
0x002ef188	312		0
0x002ef2c0	1244	StationaryThrowerGoal_Process	0
0x002ef7a8	280		0
0x002ef8c0	188		0
0x002ef990	200		0
0x002efa58	236		0
0x002efb48	160		0
0x002efbe8	216		0
0x002efcc0	260		0
0x002efdc8	156		0
0x002efe68	784		0
0x002f0178	412		0
0x002f0318	416		0
0x002f04b8	468		0
0x002f0690	60		0
0x002f06d0	180		0
0x002f0788	424		0
0x002f0930	288		0
0x002f0a50	1132		0
0x002f0ec0	1244		0
0x002f13a8	264	ShooterGoal_Init	0
0x002f14b0	164		0
0x002f1568	168		0
0x002f1648	204		0
0x002f1718	704	ShooterGoal_ApplySpread	0
0x002f19d8	1464	ShooterGoal_Fire	0
0x002f1f90	60		0
0x002f1fd0	180		0
0x002f2088	424		0
0x002f2230	360		0
0x002f2398	160		0
0x002f2438	456		0
0x002f2600	416		0
0x002f27a0	120		0
0x002f2818	156		0
0x002f28b8	2140		0
0x002f3118	260	Goal_LutherShooter	0
0x002f3220	364	LutherShooterGoal_Init	0
0x002f3390	76		0
0x002f33e8	388		0
0x002f3570	140		0
0x002f3600	1044	LutherShooterGoal_Process	0
0x002f3a20	280		0
0x002f3b38	308		0
0x002f3c70	316		0
0x002f3db8	168		0
0x002f3e60	56		0
0x002f3e98	252		0
0x002f3f98	808		0
0x002f42c0	1724		0
0x002f4980	60		0
0x002f49c0	180		0
0x002f4a78	496		0
0x002f4c68	132		0
0x002f4cf0	284		0
0x002f4e10	1184		0
0x002f52b0	24		0
0x002f52c8	32		0
0x002f52e8	1664		0
0x002f5988	500		0
0x002f5b88	120		0
0x002f5c00	140		0
0x002f5ca0	108		0
0x002f5d50	920		0
0x002f60e8	52		0
0x002f6120	92		0
0x002f6180	32		0
0x002f61e0	64		0
0x002f6220	248		0
0x002f6318	160		0
0x002f63b8	1216		0
0x002f6878	52		0
0x002f68b0	132		0
0x002f6938	32		0
0x002f69d8	164		0
0x002f6a80	936		0
0x002f6e28	192		0
0x002f6ef0	88		0
0x002f6f48	60		0
0x002f6f88	40		0
0x002f7028	248		0
0x002f7120	520		0
0x002f7328	32		0
0x002f7348	2180		0
0x002f7bd0	120		0
0x002f7c48	188		0
0x002f7d18	176		0
0x002f7dd0	268		0
0x002f7ee0	332		0
0x002f8030	128		0
0x002f80b0	132		0
0x002f8138	264		0
0x002f8240	444		0
0x002f8400	104		0
0x002f8468	2088		0
0x002f8c90	76		0
0x002f8d88	232		0
0x002f8e70	1252		0
0x002f9358	88		0
0x002f93b0	560		0
0x002f95e0	236		0
0x002f96d0	684		0
0x002f9980	256		0
0x002f9a80	272		0
0x002f9b90	136		0
0x002f9c18	112		0
0x002f9c88	340		0
0x002f9de0	104		0
0x002f9e48	256	Action_Update	0
0x002f9f48	44		0
0x002f9f78	360		0
0x002fa0e0	256		0
0x002fa1e0	44		0
0x002fa220	36		0
0x002fa270	128		0
0x002fa300	52		0
0x002fa338	92		0
0x002fa398	72		0
0x002fa3e0	136		0
0x002fa468	52		0
0x002fa4a0	36		0
0x002fa4c8	72		0
0x002fa510	144		0
0x002fa5a0	60		0
0x002fa5e0	36		0
0x002fa608	72		0
0x002fa650	140		0
0x002fa6e0	44		0
0x002fa710	92		0
0x002fa770	144		0
0x002fa800	116		0
0x002fa878	160	Action_ExecuteAttack	0
0x002fa918	144	AttackAction_Init	0
0x002fa9a8	900	AttackAction_Start	1
0x002fad30	64	AttackAction_Abort	0
0x002fad70	296	AttackAction_Update	0
0x002faeb0	44		0
0x002faee0	60		0
0x002faf20	76		0
0x002faf70	32		0
0x002faf98	104		0
0x002fb000	80		0
0x002fb050	84		0
0x002fb0a8	68		0
0x002fb0f0	52		0
0x002fb128	332		0
0x002fb278	120		0
0x002fb2f0	72		0
0x002fb338	36		0
0x002fb360	48		0
0x002fb390	56		0
0x002fb3c8	68		0
0x002fb418	36		0
0x002fb440	48		0
0x002fb470	56		0
0x002fb4a8	68		0
0x002fb4f0	48		0
0x002fb520	88		0
0x002fb578	68		0
0x002fb5c0	144		0
0x002fb650	48		0
0x002fb680	108		0
0x002fb6f0	68		0
0x002fb738	304		0
0x002fb868	44		0
0x002fb8a0	116		0
0x002fb918	208	Action_MoveTo	0
0x002fb9e8	244	MoveAction_Init	0
0x002fbae0	256		0
0x002fbbe0	8		0
0x002fbbe8	300		0
0x002fbd18	460		0
0x002fbef0	612		0
0x002fc158	468		0
0x002fc330	180		0
0x002fc3e8	48		0
0x002fc560	92		0
0x002fc5c0	2000	MoveAction_Update	0
0x002fcd90	292		0
0x002fceb8	108		0
0x002fcf28	32		0
0x002fcf50	156	MoveToHumanAction_Init	0
0x002fcff0	116		0
0x002fd068	188		0
0x002fd128	48		0
0x002fd158	908		0
0x002fd4e8	1356		0
0x002fda38	48		0
0x002fda68	128		0
0x002fdae8	64		0
0x002fdb28	100		0
0x002fdb90	152	Action_TurnToHeading	0
0x002fdc28	64	TurnAction_Init	0
0x002fdc68	92		0
0x002fdcc8	64		0
0x002fdd08	220		0
0x002fdde8	140	Action_Turn	0
0x002fde78	80		0
0x002fdec8	136		0
0x002fdf50	28		0
0x002fdf70	140	Action_TurnToTarget	0
0x002fe000	84	TurnToPointAction_Init	0
0x002fe058	80	TurnToPointAction_Begin	0
0x002fe0a8	28		0
0x002fe0c8	152	Action_LookAt	0
0x002fe160	80		0
0x002fe1b0	144		0
0x002fe248	56		0
0x002fe280	160		0
0x002fe320	60		0
0x002fe380	36		0
0x002fe3a8	48		0
0x002fe3d8	76		0
0x002fe428	136		0
0x002fe4b0	180	Action_GiveWay	0
0x002fe568	112		0
0x002fe5d8	128		0
0x002fe658	80		0
0x002fe6c8	28		0
0x002fe6e8	52		0
0x002fe720	28		0
0x002fe740	952		0
0x002feaf8	44		0
0x002feb48	748		0
0x002fee38	116	Objects_GetDistance	0
0x002feeb0	140	Peds_SetGlobalRules	0
0x002fef40	596	CivilianBrain_Think	0
0x002ff198	280		0
0x002ff2b0	1508		0
0x002ff898	664		0
0x002ffb30	2888	CivilianBrain_OnEvent	0
0x00300678	3024	CopBrain_Think	0
0x00301248	748		0
0x00301538	1980		0
0x00301cf8	828		0
0x00302038	224		0
0x00302118	552		0
0x00302340	2456	CopBrain_OnEvent	0
0x00302cd8	284	DealerBrain_Think	0
0x00302df8	184		0
0x00302eb0	316		0
0x00302ff0	392		0
0x00303178	228	DealerBrain_OnEvent	0
0x00303260	516	PlayerBrain_Think	0
0x00303468	364		0
0x003035d8	932	PlayerBrain_Update	0
0x00303988	1072		0
0x00303db8	176		0
0x00303e68	36		0
0x00303e90	128		0
0x00303f10	284	CivlCoDiBrain_Think	0
0x00304030	64		0
0x00304070	436		0
0x00304228	992	CivlCoDiBrain_OnEvent	0
0x00304608	1648	GangBrain_Think	0
0x00304c78	812		0
0x00304fa8	840	GangBrain_OnEvent	0
0x003052f0	3408	WarriorBrain_Think	0
0x00306040	336		0
0x00306190	544	WarriorBrain_OnHitByChief	0
0x003063b0	364	WarriorBrain_OnEvent	0
0x00306520	56		0
0x00306558	84		0
0x003065b0	72		0
0x003065f8	56		0
0x00306630	92		0
0x00306690	324	Tactic_Start	0
0x003067d8	116		0
0x00306850	164		0
0x003068f8	64		0
0x00306938	184		0
0x003069f0	348		0
0x00306b50	52		0
0x00306b88	72		0
0x00306bd0	84		0
0x00306c28	32		0
0x00306c48	32		0
0x00306c68	360		0
0x00306dd0	236		0
0x00306ec0	376		0
0x00307038	28		0
0x00307058	492		0
0x00307248	536		0
0x00307460	228		0
0x00307548	124	Tactic_Attack	0
0x003075c8	156		0
0x00307668	284		0
0x00307788	236		0
0x00307878	408		0
0x00307a10	812		0
0x00307d40	668	GangTactic_CheckFlee	0
0x00307fe0	228	GangTactic_StartFlee	0
0x003080c8	132		0
0x00308150	84		0
0x003081a8	716		0
0x00308478	352		0
0x003085d8	192		0
0x00308698	244		0
0x00308790	28		0
0x003087c0	176		0
0x00308870	168	Tactic_Boss	0
0x00308918	148		0
0x003089b0	676		0
0x00308c60	1016		0
0x00309058	2532		0
0x00309a40	284	Tactic_BossDiegoVargas	0
0x00309b60	664	BossDiegoVargasTactic_Init	0
0x00309df8	168		0
0x00309ea0	684	BossDiegoVargasTactic_AssignGoal	0
0x0030a150	776	BossDiegoVargasTactic_CheckHealth	0
0x0030a458	156		0
0x0030a4f8	136		0
0x0030a580	136		0
0x0030a608	116		0
0x0030a680	56		0
0x0030a6c0	80	BossDiegoVargasTactic_Start	0
0x0030a710	36		0
0x0030a738	96	BossDiegoVargasTactic_Process	0
0x0030a798	224	BossDiegoVargasTactic_OnEvent	0
0x0030a878	296	Tactic_BossLizzies	0
0x0030a9a0	272		0
0x0030aab0	168		0
0x0030ab58	180		0
0x0030ac10	152		0
0x0030aca8	116		0
0x0030ad20	52		0
0x0030ad58	28		0
0x0030ad78	148		0
0x0030ae10	136		0
0x0030ae98	152	Tactic_BossMoe	0
0x0030af30	116	BossMoeTactic_Init	0
0x0030afa8	168		0
0x0030b050	276	BossMoeTactic_AssignGoal	0
0x0030b168	592	BossMoeTactic_CheckStage	0
0x0030b3b8	160		0
0x0030b458	200		0
0x0030b520	44		0
0x0030b550	60		0
0x0030b590	52	BossMoeTactic_Start	0
0x0030b5d0	104	BossMoeTactic_Process	0
0x0030b638	192	BossMoeTactic_OnEvent	0
0x0030b6f8	152	Tactic_BossRoof	0
0x0030b790	124	BossRoofTactic_Init	0
0x0030b810	168		0
0x0030b8b8	144		0
0x0030b948	388	BossRoofTactic_AssignGoal	0
0x0030bad0	88		0
0x0030bb28	140		0
0x0030bbb8	168		0
0x0030bc60	8		0
0x0030bc68	552	BossRoofTactic_UpdateBanter	0
0x0030be90	296	BossRoofTactic_OnPartnerDown	0
0x0030bfb8	72		0
0x0030c000	64	BossRoofTactic_Start	0
0x0030c040	28		0
0x0030c060	112	BossRoofTactic_Process	0
0x0030c0d0	468	BossRoofTactic_OnEvent	0
0x0030c2a8	236	Tactic_BossLuther	0
0x0030c398	208	BossLutherTactic_Init	0
0x0030c468	168		0
0x0030c510	208	BossLutherTactic_AssignGoal	0
0x0030c5e0	228		0
0x0030c6c8	144		0
0x0030c758	60		0
0x0030c798	240		0
0x0030c888	60		0
0x0030c8c8	48	BossLutherTactic_StartSlowMotion	0
0x0030c8f8	120	BossLutherTactic_UpdateSlowMotion	0
0x0030c970	52	BossLutherTactic_Start	0
0x0030c9c0	112	BossLutherTactic_Process	0
0x0030ca30	424	BossLutherTactic_OnEvent	0
0x0030cbd8	256	Tactic_BossBirdie	0
0x0030ccd8	308		0
0x0030ce10	168		0
0x0030ceb8	220		0
0x0030cf98	220		0
0x0030d078	144		0
0x0030d108	60		0
0x0030d148	60		0
0x0030d188	60		0
0x0030d1c8	52		0
0x0030d208	428		0
0x0030d3b8	828		0
0x0030d6f8	168	Tactic_BossVirgil	0
0x0030d7a0	128	BossVirgilTactic_Init	0
0x0030d820	320	BossVirgilTactic_Start	0
0x0030d960	404	BossVirgilTactic_AssignGoal	0
0x0030daf8	304	BossVirgilTactic_CheckHealth	0
0x0030dc28	144	BossVirgilTactic_IsVirgilAlive	0
0x0030dcb8	44		0
0x0030dce8	52		0
0x0030dd28	104	BossVirgilTactic_Process	0
0x0030dd90	664	BossVirgilTactic_OnEvent	0
0x0030e028	152	Tactic_BossChatterbox	0
0x0030e0c0	112	BossChatterboxTactic_Init	0
0x0030e130	168		0
0x0030e1d8	376	BossChatterboxTactic_AssignGoal	0
0x0030e350	228		0
0x0030e438	144		0
0x0030e4c8	60		0
0x0030e508	52		0
0x0030e548	104	BossChatterboxTactic_Process	0
0x0030e5b0	192		0
0x0030e670	808		0
0x0030e998	504		0
0x0030eb90	140		0
0x0030ec20	172		0
0x0030ecd0	112		0
0x0030ed40	384		0
0x0030eec0	1352		0
0x0030f408	196		0
0x0030f4d0	156		0
0x0030f570	320		0
0x0030f6b0	304		0
0x0030f7e0	136		0
0x0030f868	432		0
0x0030fa18	560		0
0x0030fc48	528	TacticCrowd_React	0
0x0030fe58	32		0
0x0030fe78	648		0
0x00310100	212		0
0x003101d8	172		0
0x00310288	912		0
0x00310618	136		0
0x003106a0	196		0
0x00310768	316		0
0x003108a8	436		0
0x00310a60	384		0
0x00310be0	136	DominationTactic_Init	0
0x00310c68	224	DominationTactic_AssignGoals	0
0x00310d48	28		0
0x00310d78	136	DominationTactic_OnEvent	0
0x00310e00	140		0
0x00310e90	164		0
0x00310f38	624		0
0x003111a8	136		0
0x00311230	28		0
0x00311250	656		0
0x003114e0	344		0
0x00311638	748		0
0x00311928	432		0
0x00311ad8	244		0
0x00311bd0	164		0
0x00311c78	284		0
0x00311d98	284		0
0x00311eb8	188		0
0x00311f78	652		0
0x00312208	260		0
0x00312310	52		0
0x00312348	88		0
0x003123a0	144		0
0x00312430	228		0
0x00312518	104		0
0x00312580	800		0
0x003128a0	84		0
0x003128f8	100		0
0x00312960	1732		0
0x00313028	380		0
0x003131a8	28		0
0x003131d0	92		0
0x00313230	460		0
0x00313400	140		0
0x00313490	120		0
0x00313508	528		0
0x00313718	572		0
0x00313958	132		0
0x003139e0	28		0
0x00313a00	656		0
0x00313c90	136		0
0x00313d18	276		0
0x00313e30	260	Tactic_HoldTheLine	0
0x00313f38	252		0
0x00314038	1272		0
0x00314538	616		0
0x003147a0	588		0
0x003149f0	180		0
0x00314aa8	168		0
0x00314b50	128		0
0x00314bd0	8		0
0x00314bd8	596		0
0x00314e30	260		0
0x00314f38	68		0
0x00314f80	52		0
0x00314fb8	268		0
0x003150c8	352		0
0x00315228	852		0
0x00315580	320		0
0x003156c0	352		0
0x00315820	112		0
0x00315890	28		0
0x003158b0	120		0
0x00315928	580		0
0x00315b70	228		0
0x00315c58	276	Tactic_EventName	0
0x00315d70	40	Gang_ClearTactic	0
0x00315d98	172	Tactic_Defend	0
0x00315e48	156	Tactic_WalkinTall	0
0x00315ee8	220	Tactic_Pursue	0
0x00315fc8	220	Tactic_HanginOut	0
0x003160a8	244	Tactic_Wander	0
0x003161a0	244	Tactic_TravelPath	0
0x00316298	180	Tactic_MoveToFlag	0
0x00316350	252	Tactic_Address	0
0x00316450	140	Tactic_Crowd	0
0x003164e0	176	Tactic_Vandalize	0
0x00316590	168	Tactic_VandalizeCars	0
0x00316638	172	Tactic_Steal	0
0x003166e8	204	Tactic_Shadow	0
0x003167b8	300	Tactic_Info	0
0x003168e8	156	Tactic_RiotCop	0
0x00316988	220	Tactic_AvoidEnemies	0
0x00316a68	196	Tactic_ManWeaponPile	0
0x00316b30	156	Tactic_Domination	0
0x00316bd0	204	Tactic_Ring	0
0x00316ca0	180	Tactic_UseFlag	0
0x00316d58	124	Tactic_StandGround	0
0x00316dd8	272	Tactic_Confront	0
0x00316ee8	180	Tactic_Idle	0
0x00316fa0	172	Tactic_TriggerCrowd	0
0x00317050	180		0
0x00317108	272		0
0x00317218	56		0
0x00317258	248		0
0x00317350	188		0
0x00317410	212		0
0x003174e8	536		0
0x00317700	28		0
0x00317720	156		0
0x003177c0	520		0
0x003179c8	260		0
0x00317ad0	104		0
0x00317b38	260		0
0x00317c40	248		0
0x00317d38	344		0
0x00317e90	140		0
0x00317f20	216		0
0x00317ff8	36		0
0x00318020	116		0
0x00318098	152		0
0x00318130	184		0
0x003181e8	464		0
0x003183b8	948		0
0x00318770	460		0
0x00318940	248		0
0x00318a38	832		0
0x00318d78	352		0
0x00318ed8	28		0
0x00318ef8	104		0
0x00318f90	180		0
0x00319048	148		0
0x003190e0	396		0
0x00319270	28		0
0x00319290	96		0
0x003192f0	380		0
0x00319470	256		0
0x00319570	140		0
0x00319600	136		0
0x00319688	536		0
0x003198a0	44		0
0x003198d0	172		0
0x00319980	1056		0
0x00319da0	292		0
0x00319ec8	132		0
0x00319f50	28		0
0x00319f70	136		0
0x00319ff8	620		0
0x0031a268	216	Tactic_Scout	0
0x0031a340	236	Tactic_PathScout	0
0x0031a430	232		0
0x0031a518	328		0
0x0031a660	200		0
0x0031a728	236		0
0x0031a818	1184		0
0x0031acb8	684		0
0x0031af68	44		0
0x0031af98	92		0
0x0031aff8	56		0
0x0031b030	380		0
0x0031b1b0	184		0
0x0031b268	284		0
0x0031b388	584		0
0x0031b5d0	140		0
0x0031b660	112		0
0x0031b6d0	148		0
0x0031b768	1184		0
0x0031bc08	196		0
0x0031bcd0	100	StandGroundTactic_Init	0
0x0031bd38	272	StandGroundTactic_AssignGoals	0
0x0031be48	64	StandGroundTactic_Start	0
0x0031be88	184	StandGroundTactic_End	0
0x0031bf48	232	StandGroundTactic_OnEvent	0
0x0031c030	172		0
0x0031c0e0	240		0
0x0031c1d0	28		0
0x0031c258	252		0
0x0031c358	216	Tactic_Taunt	0
0x0031c430	616		0
0x0031c698	168		0
0x0031c740	112		0
0x0031c7b0	104		0
0x0031c818	36		0
0x0031c840	696		0
0x0031caf8	196		0
0x0031cbc0	284		0
0x0031cce0	672		0
0x0031cf80	64		0
0x0031cfc0	292		0
0x0031d0e8	624		0
0x0031d358	260		0
0x0031d460	756		0
0x0031d758	284		0
0x0031d878	212		0
0x0031d950	728		0
0x0031dc28	128		0
0x0031dca8	184		0
0x0031dd60	560		0
0x0031df90	260		0
0x0031e098	468		0
0x0031e270	12		0
0x0031e280	312		0
0x0031e3b8	308		0
0x0031e4f0	260		0
0x0031e5f8	28		0
0x0031e620	332		0
0x0031e770	652		0
0x0031ea00	236		0
0x0031eaf0	412		0
0x0031ec90	176		0
0x0031ed40	488		0
0x0031ef28	76		0
0x0031ef78	60		0
0x0031efb8	688		0
0x0031f268	152		0
0x0031f300	268		0
0x0031f410	552		0
0x0031f638	64		0
0x0031f678	292		0
0x0031f7a0	624		0
0x0031fa10	260		0
0x0031fb18	100		0
0x0031fb80	576		0
0x0031fdc0	776		0
0x003200c8	660		0
0x00320360	172		0
0x00320410	284		0
0x00320530	124		0
0x003205b0	104		0
0x00320618	720		0
0x003208e8	200		0
0x003209b0	28		0
0x003209d0	244		0
0x00320ac8	152		0
0x00320b60	124		0
0x00320be0	132		0
0x00320c68	196		0
0x00320d30	196		0
0x00320df8	556		0
0x00321028	340		0
0x00321180	40		0
0x003211a8	152		0
0x00321240	36		0
0x00321268	192		0
0x00321328	176		0
0x00321540	608		0
0x003217a0	100		0
0x00321808	32		0
0x00321828	12		0
0x00321838	84		0
0x00321890	72		0
0x003218d8	200		0
0x003219a0	96		0
0x00321a00	108		0
0x00321a70	40		0
0x00321a98	32		0
0x00321ab8	32		0
0x00321ad8	40		0
0x00321b00	324		0
0x00321c50	132		0
0x00321cd8	168		0
0x00321db8	44		0
0x00321de8	596		0
0x00322050	308		0
0x00322188	96		0
0x003221e8	596		0
0x00322448	200		0
0x00322510	504		0
0x00322708	56		0
0x00322740	580		0
0x00322988	112		0
0x003229f8	68		0
0x00322a40	308		0
0x00322b78	48		0
0x00322ba8	1208		0
0x00323060	60		0
0x003230a0	188		0
0x00323160	308		0
0x00323298	40		0
0x003232c0	52		0
0x00323300	20		0
0x00323318	20		0
0x00323330	64		0
0x00323370	112		0
0x003233e0	116		0
0x00323458	96		0
0x003234b8	44		0
0x003234e8	44		0
0x00323518	76		0
0x00323568	80		0
0x003235b8	36		0
0x003235e0	52		0
0x00323618	112		0
0x00323688	88		0
0x003236e0	100		0
0x00323748	100		0
0x003237b0	76		0
0x00323800	60		0
0x00323840	72		0
0x00323888	84		0
0x003238e0	92		0
0x00323940	96		0
0x003239a0	88		0
0x003239f8	28		0
0x00323a18	184		0
0x00323ad0	116		0
0x00323b50	116		0
0x00323bc8	116		0
0x00323c40	152		0
0x00323cd8	96		0
0x00323d38	192		0
0x00323df8	100		0
0x00323e60	68		0
0x00323ea8	104		0
0x00323f10	128		0
0x00323f90	112		0
0x00324000	24		0
0x00324018	260		0
0x00324120	40		0
0x00324148	8		0
0x00324150	8		0
0x00324158	56		0
0x00324190	132		0
0x00324220	188		0
0x003242e0	244		0
0x003243d8	88		0
0x00324438	136		0
0x003244c0	140		0
0x00324550	88		0
0x003245a8	80		0
0x003245f8	80		0
0x00324648	116		0
0x003246c0	140		0
0x00324750	120		0
0x003247c8	92		0
0x00324828	104		0
0x00324890	96		0
0x003248f0	100		0
0x00324958	212		0
0x00324a30	56		0
0x00324a68	144		0
0x00324b00	96		0
0x00324b60	208		0
0x00324c30	20		0
0x00324c48	56		0
0x00324c80	272		0
0x00324d90	352		0
0x00324ef0	376		0
0x00325068	64		0
0x003250a8	72		0
0x003250f0	60		0
0x00325130	76		0
0x00325180	92		0
0x003251e0	60		0
0x00325220	120		0
0x00325298	96		0
0x003252f8	72		0
0x00325340	84		0
0x00325398	236		0
0x00325488	144		0
0x00325518	88		0
0x00325570	68		0
0x003255b8	80		0
0x00325608	88		0
0x00325660	144		0
0x003256f0	176		0
0x003257a0	96		0
0x00325800	444		0
0x003259c0	320		0
0x00325b00	228		0
0x00325be8	196		0
0x00325cb0	124		0
0x00325d30	80		0
0x00325d80	292		0
0x00325ea8	300		0
0x00325fd8	72		0
0x00326020	180		0
0x003260d8	788		0
0x003263f0	136		0
0x00326478	76		0
0x003264c8	128		0
0x00326548	88		0
0x003265a0	28		0
0x003265c0	48		0
0x003265f0	84		0
0x00326648	172		0
0x003266f8	68		0
0x00326740	72		0
0x00326788	108		0
0x003267f8	36		0
0x00326820	232		0
0x00326908	176		0
0x003269b8	56		0
0x003269f0	72		0
0x00326a38	112		0
0x00326aa8	176		0
0x00326b58	88		0
0x00326bb0	136		0
0x00326c38	112		0
0x00326ca8	284		0
0x00326dc8	60		0
0x00326e08	124		0
0x00326e88	140		0
0x00326f18	276		0
0x00327030	40		0
0x00327058	40		0
0x00327080	76		0
0x003270d0	440		0
0x00327288	208		0
0x00327358	104		0
0x003273c0	228		0
0x003274a8	228		0
0x00327590	32		0
0x003275b0	28		0
0x003275d0	1252		0
0x00327ab8	60		0
0x00327af8	48		0
0x00327b38	80		0
0x00327b88	56		0
0x00327bc0	56		0
0x00327bf8	228		0
0x00327ce0	52		0
0x00327d18	96		0
0x00327d78	36		0
0x00327da0	200		0
0x00327e68	120		0
0x00327ee0	168		0
0x00327f88	128		0
0x00328008	388		0
0x00328190	56		0
0x003281c8	508		0
0x003283c8	320		0
0x00328508	200		0
0x003285d0	152		0
0x00328668	48		0
0x00328698	108		0
0x00328708	104		0
0x00328770	112		0
0x003287e0	56		0
0x00328818	140		0
0x003288a8	140		0
0x00328938	124		0
0x003289b8	60		0
0x003289f8	56		0
0x00328a30	160		0
0x00328ad0	112		0
0x00328b40	480		0
0x00328d20	32		0
0x00328d40	88		0
0x00328d98	84		0
0x00328df0	192		0
0x00328eb0	380		0
0x00329030	60		0
0x00329070	92		0
0x003290d0	60		0
0x00329110	168		0
0x003291b8	56		0
0x003291f0	68		0
0x00329238	168		0
0x003292e0	108		0
0x00329350	132		0
0x003293d8	80		0
0x00329428	56		0
0x00329460	184		0
0x00329518	60		0
0x00329558	136		0
0x003295e0	264		0
0x003296e8	92		0
0x00329748	136		0
0x003297d0	80		0
0x00329820	176		0
0x003298d0	168		0
0x00329978	324		0
0x00329ac0	116		0
0x00329b38	148		0
0x00329bd0	104		0
0x00329c38	104		0
0x00329ca0	104		0
0x00329d08	8		0
0x00329d10	228		0
0x00329df8	204		0
0x00329ec8	92		0
0x00329f28	176		0
0x00329fd8	224		0
0x0032a0b8	92		0
0x0032a118	116		0
0x0032a190	48		0
0x0032a1c0	104		0
0x0032a228	84		0
0x0032a280	108		0
0x0032a2f0	104		0
0x0032a358	72		0
0x0032a3a0	72		0
0x0032a3e8	144		0
0x0032a478	256		0
0x0032a578	272		0
0x0032a688	1184		0
0x0032ab28	932		0
0x0032aed0	1132		0
0x0032b340	1916		0
0x0032bac0	76		0
0x0032bb10	104		0
0x0032bb78	104		0
0x0032bbe0	104		0
0x0032bc48	204		0
0x0032bd18	228		0
0x0032be00	92		0
0x0032be60	128		0
0x0032bee0	80		0
0x0032bf30	80		0
0x0032bf80	116		0
0x0032bff8	76		0
0x0032c048	116		0
0x0032c0c0	64		0
0x0032c100	64		0
0x0032c140	64		0
0x0032c180	92		0
0x0032c1e0	80		0
0x0032c230	88		0
0x0032c288	100		0
0x0032c2f0	164		0
0x0032c398	164		0
0x0032c440	440		0
0x0032c5f8	48		0
0x0032c628	136		0
0x0032c6b0	164		0
0x0032c758	260	Lua_Realloc	0
0x0032c860	48		0
0x0032c890	128		0
0x0032c910	104		0
0x0032c978	172		0
0x0032ca28	96		0
0x0032ca88	348		0
0x0032cbe8	92		0
0x0032cc48	44		0
0x0032cc78	88		0
0x0032ccd0	60		0
0x0032cd10	32		0
0x0032cd30	44		0
0x0032cd60	184		0
0x0032ce18	160		0
0x0032ceb8	52		0
0x0032cef0	80		0
0x0032cf40	48		0
0x0032cf70	132		0
0x0032cff8	128		0
0x0032d078	92		0
0x0032d0d8	92		0
0x0032d138	68		0
0x0032d180	128		0
0x0032d200	124		0
0x0032d280	200		0
0x0032d348	184		0
0x0032d400	112		0
0x0032d470	152		0
0x0032d508	32		0
0x0032d528	72		0
0x0032d570	228		0
0x0032d658	140		0
0x0032d6e8	316		0
0x0032d828	140		0
0x0032d8b8	156		0
0x0032d958	272		0
0x0032da68	436		0
0x0032dc20	140		0
0x0032dcb0	152		0
0x0032dd48	248		0
0x0032de40	320		0
0x0032df80	192		0
0x0032e040	272		0
0x0032e150	416		0
0x0032e2f0	56		0
0x0032e328	44		0
0x0032e358	344		0
0x0032e4b0	336		0
0x0032e600	28		0
0x0032e620	76		0
0x0032e670	92		0
0x0032e6d0	272		0
0x0032e7e0	64		0
0x0032e820	220		0
0x0032e900	176		0
0x0032e9b0	216		0
0x0032ea88	216		0
0x0032eb60	220		0
0x0032ec40	188		0
0x0032ed00	80		0
0x0032ed50	332		0
0x0032eea0	164		0
0x0032ef48	164		0
0x0032eff0	88		0
0x0032f048	140		0
0x0032f0d8	116		0
0x0032f150	152		0
0x0032f1e8	428		0
0x0032f398	224		0
0x0032f478	192		0
0x0032f538	100		0
0x0032f5a0	76		0
0x0032f5f0	168		0
0x0032f698	228		0
0x0032f780	236		0
0x0032f870	144		0
0x0032f900	88		0
0x0032f958	72		0
0x0032f9a0	292		0
0x0032fac8	36		0
0x0032faf0	292		0
0x0032fc18	164		0
0x0032fcc0	156		0
0x0032fd60	68		0
0x0032fda8	52		0
0x0032fde0	40		0
0x0032fe08	104		0
0x0032fe70	28		0
0x0032fe90	224		0
0x0032ff70	204		0
0x00330040	204		0
0x00330110	164		0
0x003301b8	204		0
0x00330288	220		0
0x00330368	96		0
0x003303c8	96		0
0x00330428	224		0
0x00330508	308		0
0x00330640	264		0
0x00330748	128		0
0x003307c8	192		0
0x00330888	208		0
0x00330958	148		0
0x003309f0	180		0
0x00330aa8	152		0
0x00330b40	128		0
0x00330bc0	592		0
0x00330e10	196		0
0x00330ed8	192		0
0x00330f98	524		0
0x003311a8	420		0
0x00331350	548		0
0x00331578	440		0
0x00331730	804		0
0x00331a58	36		0
0x00331a80	148		0
0x00331b18	140		0
0x00331ba8	148		0
0x00331c40	96		0
0x00331ca0	100		0
0x00331d08	240		0
0x00331df8	224		0
0x00331ed8	188		0
0x00331f98	136		0
0x00332020	100		0
0x00332088	60		0
0x003320c8	192		0
0x00332188	396		0
0x00332318	80		0
0x00332368	64		0
0x003323a8	48		0
0x003323d8	116		0
0x00332450	172		0
0x00332500	48		0
0x00332530	64		0
0x00332570	136		0
0x003325f8	112		0
0x00332668	56		0
0x003326a0	60		0
0x003326e0	180		0
0x00332798	60		0
0x003327d8	200		0
0x003328a0	308		0
0x003329d8	24		0
0x003329f0	72		0
0x00332a38	136		0
0x00332ac0	76		0
0x00332b10	160		0
0x00332bb0	232		0
0x00332c98	44		0
0x00332cc8	44		0
0x00332cf8	44		0
0x00332d28	132		0
0x00332db0	216		0
0x00332e88	244		0
0x00332f80	144		0
0x00333010	344		0
0x00333168	252		0
0x00333268	132		0
0x003332f0	144		0
0x00333380	456		0
0x00333548	64		0
0x00333588	248		0
0x00333680	8		0
0x00333688	88		0
0x003336e0	112		0
0x00333750	220		0
0x00333830	208		0
0x00333900	52		0
0x00333938	48		0
0x00333968	336		0
0x00333ab8	332		0
0x00333c08	212		0
0x00333ce0	320		0
0x00333e20	216		0
0x00333ef8	80		0
0x00333f48	160		0
0x00333fe8	272		0
0x003340f8	516		0
0x00334300	272		0
0x00334410	104		0
0x00334478	3320		0
0x00335178	48		0
0x00335218	52		0
0x00335250	208		0
0x00335320	68	Math_NextPowerOfTwo	0
0x00335390	40	Random_NextRaw	0
0x003353b8	56	Random_Int	0
0x003353f0	44		0
0x00335420	60		0
0x00335460	56	Random_FloatRange	0
0x00335498	72		0
0x003354e0	92		0
0x00335540	48		0
0x00335570	152	Random_ScaledVector	0
0x00335608	104	Random_StaticInit	0
0x00335670	32		0
0x003356a0	264	Math_AtanApprox	0
0x003357a8	520		0
0x003359b0	196		0
0x00335a78	132		0
0x00335b08	252	Quat_IntegrateAngular	0
0x00335c08	252		0
0x00335d08	144		0
0x00335d98	100		0
0x00335e00	64		0
0x00335e40	92		0
0x00335ea0	168		0
0x00335f48	40		0
0x00335f70	44		0
0x00335fa0	860		0
0x00336308	168		0
0x003363b0	168		0
0x00336458	168		0
0x00336500	200		0
0x003365c8	576		0
0x00336808	204		0
0x003368d8	104		0
0x00336940	188		0
0x00336a00	440	Quat_Slerp	0
0x00336bb8	60		0
0x00336bf8	160		0
0x00336c98	72		0
0x00336ce0	72		0
0x00336d28	64		0
0x00336d68	32		0
0x00336d88	32		0
0x00336da8	96		0
0x00336e08	216		0
0x00336ee0	316		0
0x00337028	320		0
0x00337168	304		0
0x003372a0	104		0
0x00337308	164		0
0x003373b8	252		0
0x003374b8	164		0
0x00337568	52		0
0x003375a0	44		0
0x003375d0	240		0
0x003376c0	200		0
0x00337788	52		0
0x003377c0	236		0
0x003378b0	112	Math_QuadraticLargerRoot	0
0x00337920	320	RayTriangle_OneSided	0
0x00337a60	372	RayTriangle_TwoSided	0
0x00337bd8	768		0
0x00337ed8	48		0
0x00337f08	24		0
0x00337f28	76		0
0x00337f78	80		0
0x00337fc8	128		0
0x00338048	144		0
0x003380d8	156		0
0x00338178	196		0
0x00338240	188		0
0x00338300	224		0
0x003383e0	32		0
0x00338420	120	MemoryPoolClump_InitInParent	1
0x00338498	24		1
0x003384b0	116		1
0x00338528	80	MemoryPoolClump_Alloc	1
0x00338578	80	MemoryPoolClump_Free	1
0x003385c8	8		1
0x003385d0	64		1
0x00338610	8		1
0x00338618	36		1
0x00338640	16		1
0x00338650	20		1
0x00338680	52		1
0x003386d8	48		1
0x00338708	44		1
0x00338738	44		1
0x00338768	44		1
0x00338798	44		1
0x003387d0	44		1
0x00338800	44		1
0x00338830	44		1
0x00338860	44		1
0x00338890	44		1
0x003388c0	136		1
0x003389a0	212	MemoryPoolHeap_InitInParent	1
0x00338a78	192		1
0x00338b38	184		1
0x00338bf0	204	MemoryPoolHeap_Alloc	1
0x00338cc0	28		1
0x00338ce0	36		1
0x00338d08	36		1
0x00338d30	200	MemoryPoolHeap_LargestFreeBlock	1
0x00338df8	20		1
0x00338e10	1456	MemoryManager_Init	1
0x003393c0	136		1
0x00339448	204		1
0x00339518	156		1
0x003395b8	28		1
0x003395d8	16		1
0x003395e8	40		1
0x00339610	396	MemoryManager_RegisterPool	1
0x003397a0	212		1
0x00339878	8		1
0x00339880	56		1
0x003398b8	56		1
0x003398f0	152		1
0x00339988	152		1
0x00339a20	56		1
0x00339a58	56		1
0x00339a90	56		1
0x00339ac8	56		1
0x00339b00	124		1
0x00339b80	108		1
0x00339bf0	32		1
0x00339c10	108		1
0x00339c80	56		1
0x00339cb8	56		1
0x00339cf0	32		1
0x00339d10	56		1
0x00339d48	196		1
0x00339e28	548		1
0x0033a050	1516		1
0x0033a640	80		1
0x0033a690	92		1
0x0033a6f0	224		1
0x0033a7d0	216		1
0x0033a8a8	156		1
0x0033a948	228		1
0x0033aa30	244		1
0x0033ab28	108		1
0x0033ab98	668		1
0x0033ae38	52		1
0x0033ae70	28		1
0x0033ae90	60		1
0x0033aed0	100		1
0x0033af38	64		1
0x0033af78	76		1
0x0033afc8	20		1
0x0033afe0	320	WarriorsMemory_Init	1
0x0033b128	64		1
0x0033b168	32		1
0x0033b1a0	1196		1
0x0033b650	164		1
0x0033b6f8	128		1
0x0033b778	152		1
0x0033b810	444		1
0x0033b9d0	1412		1
0x0033bf70	40		1
0x0033bfa8	684		1
0x0033c268	12		1
0x0033c288	2168	IPhysics_Construct	0
0x0033cb08	228		0
0x0033cbf0	84		0
0x0033cc48	292		0
0x0033cd70	140		0
0x0033ce00	84		0
0x0033ce58	168		0
0x0033cf00	100		0
0x0033cf68	140		0
0x0033cff8	120		0
0x0033d070	228	Physics_CreateBoxBody	0
0x0033d158	68		0
0x0033d1a0	68		0
0x0033d1e8	68		0
0x0033d230	68		0
0x0033d278	80		0
0x0033d2c8	16		0
0x0033d2d8	92		0
0x0033d340	340		0
0x0033d498	640		0
0x0033d718	160		0
0x0033d7b8	180		0
0x0033d870	128		0
0x0033d8f0	228		0
0x0033d9d8	2208		0
0x0033e278	1396	PhysicsBody_Sweep	0
0x0033e7f0	964		0
0x0033ebb8	808		0
0x0033eee0	560		0
0x0033f110	3484	Human_TestStrikes	0
0x0033feb0	624		0
0x00340120	904		0
0x003404a8	304		0
0x003405d8	80		0
0x00340628	64		0
0x00340668	152		0
0x00340700	156		0
0x003407a0	88		0
0x003407f8	152		0
0x00340890	68		0
0x003408d8	60		0
0x00340918	544	IPhysics_Step	0
0x00340b38	464	Settle_NearestAxis	0
0x00340d08	724	Settle_ComputeTarget	0
0x00340fe0	272	IPhysics_StartSettle	0
0x003410f0	104	IPhysics_CancelSettle	0
0x00341158	52		0
0x00341190	812		0
0x003414c0	372		0
0x00341638	36		0
0x00341660	168		0
0x00341708	180		0
0x003417c0	128		0
0x00341840	184		0
0x003418f8	120		0
0x00341970	140		0
0x00341a00	104		0
0x00341a68	64		0
0x00341aa8	56		0
0x00341ae8	56		0
0x00341b20	92		0
0x00341b80	140		0
0x00341c10	516		0
0x00341e40	84	PhysicsBody_Moved	0
0x00341e98	104		0
0x00341f00	40		0
0x00341f28	412	PhysicsBody_ApplyHumanScale	0
0x003420d0	92		0
0x00342130	28		0
0x00342158	16		0
0x00342168	100		0
0x003421d0	92		0
0x00342230	48		0
0x00342260	36		0
0x00342288	72		0
0x003422d0	748		0
0x003425c0	616		0
0x00342828	168		0
0x003428d0	280		0
0x003429e8	72		0
0x00342a30	60		0
0x00342a70	48		0
0x00342aa0	60		0
0x00342ae0	40		0
0x00342b08	512		0
0x00342d18	124		0
0x00342d98	40		0
0x00342dc0	52		0
0x00342df8	580		0
0x00343040	168		0
0x003430e8	956		0
0x003434a8	56		0
0x003434e0	40		0
0x00343508	12		0
0x00343518	636		0
0x003437b0	56		0
0x003437e8	40		0
0x00343810	632		0
0x00343a90	140		0
0x00343b20	272		0
0x00343c30	92		0
0x00343c90	72		0
0x00343cd8	1012		0
0x003440d0	560		0
0x00344300	32		0
0x00344320	536		0
0x00344538	224		0
0x00344618	2800		0
0x00345108	224		0
0x003451e8	524		0
0x003453f8	200		0
0x003454c0	200		0
0x00345588	8		0
0x00345590	224		0
0x00345670	668		0
0x00345910	224		0
0x003459f0	412		0
0x00345b90	388		0
0x00345d18	32		0
0x00345d38	32		0
0x00345dd8	1452		0
0x00346500	384		0
0x00346680	388		0
0x00346808	1292		0
0x00346d18	156		0
0x00346de0	208		0
0x00346ed8	184		0
0x00346fb8	396		0
0x00347148	36		0
0x00347170	396		0
0x00347300	184		0
0x003473c8	1016		0
0x003477c0	1092	PhysicsBody_PushOutOfWalls	0
0x00347c08	2344	PhysicsMesh_SweepCapsule	0
0x00348530	1312		0
0x00348a50	1836		0
0x00349180	232		0
0x00349268	544		0
0x00349488	212		0
0x00349560	864		0
0x003498c0	416		0
0x00349a60	2160		0
0x0034a2d0	68		0
0x0034a318	900		0
0x0034a6a0	44		0
0x0034a6d0	512		0
0x0034a8d0	396		0
0x0034aa60	200		0
0x0034ab28	224		0
0x0034ac08	192		0
0x0034acc8	132		0
0x0034ad50	508		0
0x0034af50	136		0
0x0034afd8	100		0
0x0034b040	884		0
0x0034b3b8	584		0
0x0034b600	432		0
0x0034b7b0	828		0
0x0034baf0	248		0
0x0034bbe8	2116		0
0x0034c430	4484		0
0x0034d5d0	872		0
0x0034d938	1728		0
0x0034dff8	296		0
0x0034e120	664		0
0x0034e3b8	536		0
0x0034e5d0	612		0
0x0034e840	1420		0
0x0034edd0	108		0
0x0034ee40	32		0
0x0034ee60	2144		0
0x0034f6c0	84		0
0x0034f718	32		0
0x0034f740	528	Collision_MarchRay	0
0x0034f950	212	Collision_DropToGround	0
0x0034fa28	376	Collision_DropToMarkedGround	0
0x0034fba0	100	CollisionMesh_SetEnabledInVolume	0
0x00350538	72	CollisionTri_PassesMaterialFilter	0
0x00350580	264	CollisionMesh_OnLoaded	0
0x00350688	240	CollisionMesh_FreeChunks	0
0x00350778	804	CollisionMesh_RayTestCell	0
0x00350aa0	564	CollisionMesh_SetEnabledInBoxCell	0
0x00350cd8	1152	CollisionMesh_RayCast	0
0x00351158	8	CollisionMesh_UpdateEmpty	0
0x00351160	748	CollisionMesh_SetEnabledInBox	0
0x00351468	1424	CollisionMesh_SphereTestCell	0
0x003519f8	936	CollisionMesh_SpherePush	0
0x00351da0	756		0
0x00352098	916		0
0x00352430	116		0
0x003524a8	332		0
0x003525f8	400		0
0x00352788	700		0
0x00352a48	448		0
0x00352c08	920		0
0x00352fa0	124		0
0x00353020	312		0
0x00353158	76		0
0x003531a8	28		0
0x003531c8	208		0
0x00353298	448		0
0x00353460	320		0
0x003535e8	176		0
0x00353698	148		0
0x00353730	72		0
0x00353778	156		0
0x00353818	504		0
0x00353a10	224		0
0x00353af0	136		0
0x00353b78	120		0
0x00353bf0	116		0
0x00353c68	244	Scene_PlayCinematic	0
0x00353d60	212	Scene_PlayFixed	0
0x00353e38	56		0
0x00353e70	204		0
0x00353f40	68	Scene_PlayAnimation	0
0x00353f88	60	Scene_Preload	0
0x00353fc8	108		0
0x00354038	28	Scene_Stop	0
0x00354058	96		0
0x003540b8	192		0
0x00354178	28		0
0x003541a0	220		0
0x00354280	244	Scene_BindObject	0
0x00354378	480		0
0x00354558	328		0
0x003546a0	112		0
0x00354710	84		0
0x00354768	108		0
0x003547e8	848		0
0x00354b38	124		0
0x00354bb8	60		0
0x00354c00	72		0
0x00354c48	28	Scene_Terminate	0
0x00354c80	164		0
0x00354d28	108		0
0x00354d98	2104	SceneTrack_Events	0
0x003555d0	452		0
0x00355798	796		0
0x00355ab8	988		0
0x00355e98	400		0
0x00356028	104		0
0x00356090	12		0
0x003560a0	8		0
0x003560a8	220		0
0x00356188	260		0
0x00356290	116		0
0x00356308	116		0
0x00356390	192		0
0x00356450	136		0
0x003564d8	312		0
0x00356610	200		0
0x003566d8	692		0
0x00356990	72		0
0x003569d8	160		0
0x00356a78	84		0
0x00356ad0	28		0
0x00356af8	348		0
0x00356c58	168		0
0x00356d00	260		0
0x00356e08	356		0
0x00356f70	88		0
0x00356fc8	96		0
0x00357028	56		0
0x00357060	52		0
0x00357098	88		0
0x003570f0	68		0
0x00357138	76		0
0x00357188	44		0
0x003571b8	304		0
0x003572e8	324		0
0x00357430	340		0
0x00357588	844		0
0x003578d8	56		0
0x00357910	72		0
0x00357958	44		0
0x00357990	8		0
0x00357998	8		0
0x003579a0	200		0
0x00357a68	308		0
0x00357ba0	8		0
0x00357bc8	92		0
0x00357c28	100		0
0x00357c90	148		0
0x00357d28	100		0
0x00357d90	148		0
0x00357e28	100		0
0x00357e90	148		0
0x00357f28	100		0
0x00357f90	148		0
0x00358028	100		0
0x00358090	148		0
0x00358128	100		0
0x00358190	148		0
0x00358228	100		0
0x00358290	148		0
0x00358328	100		0
0x00358390	148		0
0x00358428	480	lua_HuCreate	0
0x00358608	52	lua_HuDelete	0
0x00358640	52	lua_HuKill	0
0x00358678	116	lua_SwapPlayerControl	0
0x003586f0	96	lua_HuSetNoThrowWeapon	0
0x00358750	96	lua_HuSetNoTarget	0
0x003587b0	96	lua_HuSetNoAutoLock	0
0x00358810	96	lua_HuSetAutoCombat	0
0x00358870	96	lua_HuSetAccurate	0
0x003588d0	96	lua_HuSetWheelchairControl	0
0x00358930	368	lua_HuSetButtonTapControl	0
0x00358aa0	52	lua_HuRender	0
0x00358ad8	96	lua_HuShadow	0
0x00358b38	96	lua_HuRubberNeck	0
0x00358b98	96	lua_HuBlockLook	0
0x00358bf8	96	lua_HuForceLook	0
0x00358c58	52	lua_HuClearLook	0
0x00358c90	116	lua_HuSetScale	0
0x00358d08	216	lua_HuSetLookPos	0
0x00358de0	268	lua_HuSetLookTarget	0
0x00358ef0	96	lua_HuSetName	0
0x00358f50	128	lua_HuIsAimingAt	0
0x00358fd0	76	lua_HuGetControlName	0
0x00359020	96	lua_HuBlockJump	0
0x00359080	96	lua_HuBlockClimb	0
0x003590e0	96	lua_HuBlockGrab	0
0x00359140	96	lua_HuBlockRearGrab	0
0x003591a0	96	lua_HuBlockFrontGrab	0
0x00359200	96	lua_HuBlockTackle	0
0x00359260	96	lua_HuSetTireless	0
0x003592c0	96	lua_HuSetManualStun	0
0x00359320	96	lua_HuSetNoReact	0
0x00359380	96	lua_HuSetAutoEscape	0
0x003593e0	52	lua_HuMakeBeatUp	0
0x00359418	96	lua_HuMakeGrounded	0
0x00359478	96	lua_HuSetRageMode	0
0x003594d8	148	lua_HuSetBlurMode	0
0x00359570	96	lua_HuSetLockedRage	0
0x003595d0	96	lua_HuSetPreventRage	0
0x00359630	116	lua_HuSetRageFrac	0
0x003596a8	52	lua_HuSetFullRage	0
0x003596e0	160	lua_HuDrop	0
0x00359780	96	lua_HuSetKeepHat	0
0x003597e0	96	lua_HuSetKeepWeapon	0
0x00359840	96	lua_HuSetFastClimber	0
0x003598a0	96	lua_HuSetUngrabbable	0
0x00359900	96	lua_HuSetUngroundable	0
0x00359960	96	lua_HuSetUnstunnable	0
0x003599c0	96	lua_HuSetIncreasedReact	0
0x00359a20	96	lua_HuSetReducedReact	0
0x00359a80	96	lua_HuSetDoubleDamage	0
0x00359ae0	96	lua_HuSetUnarrestable	0
0x00359b40	76	lua_HuIsOnFire	0
0x00359b90	96	lua_HuSetOnFire	0
0x00359bf0	96	lua_HuSetFireProof	0
0x00359c50	96	lua_HuAttachGear	0
0x00359cb0	116	lua_HuApplyDamageModifier	0
0x00359d28	44	lua_CfgClimbWithGhetto	0
0x00359d58	1072	lua_CfgGearData	0
0x0035a188	52	lua_CfgAutoCloseMode	0
0x0035a1c0	44	lua_CfgGrabCounterWithAttack	0
0x0035a1f0	44	lua_CfgPlayerCombatWalkOnly	0
0x0035a220	44	lua_CfgPlayerRunButton	0
0x0035a250	116	lua_CfgStickDeflection	0
0x0035a2c8	44	lua_CfgJumpIsAction	0
0x0035a2f8	52	lua_CfgObjectValueMod	0
0x0035a330	336	lua_CfgCharClassAttribs	0
0x0035a480	44	lua_CfgPickupIsGrab	0
0x0035a4b0	44	lua_CfgPickupIsAction	0
0x0035a4e0	44	lua_CfgQueueGrappleCombos	0
0x0035a510	196	lua_CfgAnimSpeeds	0
0x0035a5d8	52	lua_CfgButtonHeldFrames	0
0x0035a610	44	lua_CfgAttackFromIdle	0
0x0035a640	52	lua_CfgDamageEndurance	0
0x0035a678	52	lua_CfgPowerEndurance	0
0x0035a6b0	52	lua_CfgBurnTime	0
0x0035a6e8	120	lua_CfgSetLockPickHandler	0
0x0035a760	44	lua_CfgSetLockPickStageFailHandler	0
0x0035a790	44	lua_CfgSetSteroTheftHandler	0
0x0035a7c0	180	lua_CfgBreathingSound	0
0x0035a878	52	lua_CfgRagePowerMode	0
0x0035a8b0	156	lua_CfgRagePoints	0
0x0035a950	212	lua_CfgRageHandlers	0
0x0035aa28	116	lua_HuGiveCuffs	0
0x0035aaa0	96	lua_HuSetWounded	0
0x0035ab00	96	lua_HuSetWoundable	0
0x0035ab60	96	lua_HuSetRevivable	0
0x0035abc0	96	lua_HuLockMovement	0
0x0035ac20	96	lua_HuSetNormalMode	0
0x0035ac80	96	lua_HuSetStunned	0
0x0035ace0	96	lua_HuSetConscious	0
0x0035ad40	96	lua_HuSetArrested	0
0x0035ada0	96	lua_HuForceEnableReticule	0
0x0035ae00	120	lua_HuGiveWeapon	0
0x0035ae78	52	lua_HuDropWeapon	0
0x0035aeb0	148	lua_HuAttachSpinningIcon	0
0x0035af48	52	lua_HuRemoveSpinningIcon	0
0x0035af80	168	lua_HuSetSpinningIconColor	0
0x0035b028	120	lua_HuHasHat	0
0x0035b0a0	56	lua_SetSpawnMax	0
0x0035b0d8	56	lua_SetCopSpawnMax	0
0x0035b110	120	lua_HuGet	0
0x0035b188	120	lua_HuGetPlayer	0
0x0035b200	96	lua_HuSetPushable	0
0x0035b260	112	lua_HuFind	0
0x0035b2d0	108	lua_HuGetPosition	0
0x0035b340	84	lua_HuGetHeading	0
0x0035b398	84	lua_HuGetGang	0
0x0035b3f0	84	lua_HuGetGangType	0
0x0035b448	52	lua_HuTeleportFollowers	0
0x0035b480	116	lua_HuTeleportNearHuman	0
0x0035b4f8	124	lua_HuSetSlowMo	0
0x0035b578	76	lua_HuIsGrabbed	0
0x0035b5c8	76	lua_HuIsAlive	0
0x0035b618	76	lua_HuIsDead	0
0x0035b668	76	lua_HuIsInScene	0
0x0035b6b8	76	lua_HuIsArrested	0
0x0035b708	76	lua_HuIsAPlayer	0
0x0035b758	76	lua_HuIsHidden	0
0x0035b7a8	76	lua_HuIsMugged	0
0x0035b7f8	76	lua_HuIsProne	0
0x0035b848	84	lua_HuGetCharType	0
0x0035b8a0	220	lua_HuSetDamage	0
0x0035b980	96	lua_HuSetKillerMode	0
0x0035b9e0	96	lua_HuSetGodMode	0
0x0035ba40	148	lua_HuSetDemiGodMode	0
0x0035bad8	120	lua_HuSetHealth	0
0x0035bb50	116	lua_HuSetHealthPercent	0
0x0035bbc8	120	lua_HuSetMaxHealth	0
0x0035bc40	84	lua_HuGetHealthPercent	0
0x0035bc98	52	lua_HuRevive	0
0x0035bcd0	96	lua_HuSetStrong	0
0x0035bd30	96	lua_HuSetNoEscape	0
0x0035bd90	96	lua_HuSetCanBlockKD	0
0x0035bdf0	96	lua_HuSetBlockFromReact	0
0x0035be50	96	lua_HuSetHardToStun	0
0x0035beb0	96	lua_HuSetMass	0
0x0035bf10	84	lua_HuWhatAmIHolding	0
0x0035bf68	120	lua_HuGetHeldObject	0
0x0035bfe0	76	lua_HuInCombat	0
0x0035c030	96	lua_HuSetCombatMode	0
0x0035c090	140	lua_HuSetIdleAnim	0
0x0035c120	96	lua_HuEnableController	0
0x0035c180	128	lua_HuCanSee	0
0x0035c200	116	lua_HuSetLOSRange	0
0x0035c278	116	lua_HuSetHearRange	0
0x0035c2f0	116	lua_HuSetHelpHearRange	0
0x0035c368	52	lua_HuExitWorld	0
0x0035c3a0	116	lua_HuSetMoney	0
0x0035c418	84	lua_HuGetMoney	0
0x0035c470	96	lua_HuSetCarriedItem	0
0x0035c4d0	152	lua_HuPutItemInPocket	0
0x0035c568	52	lua_HuRemoveItemInPocket	0
0x0035c5a0	464	lua_CfgWorkoutParams	0
0x0035c770	100	lua_GetProfileDifficulty	0
0x0035c7d8	156	lua_HuSetWorkoutParams	0
0x0035c878	120	lua_HuSetWorkoutCallbacks	0
0x0035c8f0	268	lua_HuWorkout	0
0x0035ca00	52	lua_HuStopWorkout	0
0x0035ca38	116	lua_HuSetWorkoutBlend	0
0x0035cab0	192	lua_HuSpecial	0
0x0035cb70	52	lua_HuStopSpecial	0
0x0035cba8	120	lua_HuSetSpecialCallbacks	0
0x0035cc20	44	lua_CfgTagStartCallback	0
0x0035cc50	156	lua_HuTag	0
0x0035ccf0	216	lua_HuTagColor	0
0x0035cdc8	216	lua_HuTagPattern	0
0x0035cea0	188	lua_HuTagDifficulty	0
0x0035cf60	144	lua_HuPlaceItemInHand	0
0x0035cff0	96	lua_HuPlaceHatOnHead	0
0x0035d050	120	lua_HuSetPedReaction	0
0x0035d0c8	84	lua_HuGetHUD	0
0x0035d120	52	lua_HuSetWarChiefHUD	0
0x0035d158	76	lua_HuSetWarChief	0
0x0035d1a8	108	lua_HuChangePlayerGang	0
0x0035d218	120	lua_HuSwitchPlayer	0
0x0035d290	116	lua_HuSetVoiceIndex	0
0x0035d308	84	lua_HuGetVoiceIndex	0
0x0035d360	116	lua_HuSetStateRespVoiceIndex	0
0x0035d3d8	96	lua_HuSetMugCallback	0
0x0035d438	96	lua_HuSetMug	0
0x0035d498	280	lua_HuSetInterrogation	0
0x0035d5b0	96	lua_HuMarkReachable	0
0x0035d610	284	lua_HuButtonMiniGame	0
0x0035d730	216	lua_HuColor	0
0x0035d808	468	lua_SetInterrogateParam	0
0x0035d9e0	552	lua_SetGlobalPedRules	0
0x0035dc08	136	lua_GetDistanceTweenHumans	0
0x0035dc90	236	lua_CfgBurnRates	0
0x0035dd80	52	lua_CfgSnap	0
0x0035ddb8	52	lua_CfgCombo	0
0x0035ddf0	156	lua_CfgButtonMash	0
0x0035de90	44	lua_CfgStrafe	0
0x0035dec0	44	lua_CfgStrafeRStick	0
0x0035def0	44	lua_CfgAutoCombat	0
0x0035df20	44	lua_CfgAutoLock	0
0x0035df50	44	lua_CfgAutoLockAndCombat	0
0x0035df80	44	lua_CfgLockOn	0
0x0035dfb0	52	lua_CfgCombatTimeout	0
0x0035dfe8	180	lua_CfgTurnRate	0
0x0035e0a0	156	lua_CfgDistances	0
0x0035e140	276	lua_CfgSetTurnRates	0
0x0035e258	52	lua_CfgBaseChanceToBlock	0
0x0035e290	52	lua_CfgVerticalSightModifier	0
0x0035e2c8	52	lua_CfgCanBeAttackedModifier	0
0x0035e300	116	lua_CfgCivilianAggression	0
0x0035e378	156	lua_CfgSearchTimes	0
0x0035e418	104	lua_CfgEnableDispatcher	0
0x0035e480	116	lua_CfgSetMaxThrowError	0
0x0035e4f8	52	lua_CfgGangSizeForCombatMusic	0
0x0035e530	44	lua_CfgDisableMusicForScenes	0
0x0035e560	52	lua_CfgSetTimeScale	0
0x0035e598	56	lua_CfgExcludedVandalizeZone	0
0x0035e5d0	96	lua_CfgHUDMessage	0
0x0035e630	96	lua_CfgTutorialMessage	0
0x0035e690	96	lua_CfgCrimeMessage	0
0x0035e6f0	96	lua_CfgAnnounceMessage	0
0x0035e750	96	lua_CfgHUDColor	0
0x0035e7b0	44	lua_CfgSubtitles	0
0x0035e7e0	52	lua_CfgLanguage	0
0x0035e818	44	lua_CfgMultiplayerJoin	0
0x0035e848	96	lua_CfgWarriorCommand	0
0x0035e8a8	52	lua_CfgMercyStruggleDamage	0
0x0035e8e0	116	lua_CfgSearchCounts	0
0x0035e958	52	lua_CfgChanceToGetHelp	0
0x0035e990	52	lua_CfgPedInteractDelay	0
0x0035e9c8	44	lua_CfgPlayerMugging	0
0x0035e9f8	152	lua_AddAnimCallback	0
0x0035ea90	108	lua_AddAllAnimCallback	0
0x0035eb00	116	lua_DelAnimCallback	0
0x0035eb78	96	lua_BrDead	0
0x0035ebd8	96	lua_BrSuspend	0
0x0035ec38	116	lua_BrSetType	0
0x0035ecb0	116	lua_BrSetPedType	0
0x0035ed28	84	lua_BrGetPedType	0
0x0035ed80	96	lua_BrEnable	0
0x0035ede0	52	lua_BrFlush	0
0x0035ee18	52	lua_BrFlushActions	0
0x0035ee50	76	lua_BrHasGoals	0
0x0035eea0	52	lua_BrFlushGoals	0
0x0035eed8	52	lua_BrPopGoal	0
0x0035ef10	52	lua_BrProcessGoal	0
0x0035ef48	120	lua_BrSetThreatResponse	0
0x0035efc0	140	lua_BrCanUseWorldFlags	0
0x0035f050	76	lua_BrHasEnemies	0
0x0035f0a0	76	lua_BrHasAttackers	0
0x0035f0f0	52	lua_BrClearBackoff	0
0x0035f128	152	lua_GangAttachSpinningIcon	0
0x0035f1c0	56	lua_GangRemoveSpinningIcon	0
0x0035f1f8	124	lua_GangSetThreatResponse	0
0x0035f278	120	lua_BrSetDamageResponse	0
0x0035f2f0	124	lua_GangSetDamageResponse	0
0x0035f370	120	lua_BrSetInvestigateResponse	0
0x0035f3e8	124	lua_GangSetInvestigateResponse	0
0x0035f468	120	lua_BrSetPlayerResponse	0
0x0035f4e0	120	lua_GangSetRespondPercentage	0
0x0035f558	100	lua_GangSetCustomSpotDialog	0
0x0035f5c0	112	lua_GangIsWanted	0
0x0035f630	56	lua_GangClearWanted	0
0x0035f668	32	lua_GangClearResponders	0
0x0035f688	100	lua_GangCanSaveAllys	0
0x0035f6f0	56	lua_GangBrFlush	0
0x0035f728	100	lua_GangSetTargetable	0
0x0035f790	100	lua_GangSetAttackable	0
0x0035f7f8	152	lua_GangSetHearRange	0
0x0035f890	100	lua_GangCanFlee	0
0x0035f8f8	120	lua_GangSetMoney	0
0x0035f970	32	lua_GangClearBums	0
0x0035f990	96	lua_BrSetThugWantsWeapon	0
0x0035f9f0	96	lua_BrSetThugWantsHat	0
0x0035fa50	116	lua_BrSetFOV	0
0x0035fac8	156	lua_BrSetMeleeRange	0
0x0035fb68	116	lua_BrSetNumAttackSlots	0
0x0035fbe0	156	lua_BrSetAttackWeight	0
0x0035fc80	152	lua_BrSetNumFollowSlots	0
0x0035fd18	116	lua_BrSetFollowSlotSet	0
0x0035fd90	296	lua_BrSetFollowSlot	0
0x0035feb8	96	lua_BrSetReactToViolence	0
0x0035ff18	372	lua_GoalMoveToFlag	0
0x00360090	276	lua_GoalMoveToExitFlag	0
0x003601a8	308	lua_GoalMoveToUseFlag	0
0x003602e0	196	lua_GoalMoveToHuman	0
0x003603a8	264	lua_GoalAddressPerson	0
0x003604b0	156	lua_GoalGetItem	0
0x00360550	116	lua_GoalEngageEnemy	0
0x003605c8	196	lua_GoalFollowPlayer	0
0x00360690	156	lua_GoalTrackHuman	0
0x00360730	196	lua_GoalFollowObject	0
0x003607f8	116	lua_GoalFollowFormation	0
0x00360870	276	lua_GoalTravelPath	0
0x00360988	320	lua_GoalTravelPath2	0
0x00360ac8	324	lua_GoalLeadChase	0
0x00360c10	388	lua_GoalRunCarrotRun	0
0x00360d98	396	lua_GoalDevilRun	0
0x00360f28	264	lua_GoalGuardFlag	0
0x00361030	116	lua_GoalArrestHuman	0
0x003610a8	168	lua_GoalFight	0
0x00361150	124	lua_GoalMelee	0
0x003611d0	172	lua_GoalPlayAnimation	0
0x00361280	404	lua_GoalJoinScene	0
0x00361418	220	lua_GoalJoinFixedScene	0
0x003614f8	220	lua_GoalJoinCinematic	0
0x003615d8	220	lua_GoalJoinAnimation	0
0x003616b8	116	lua_GoalHooker	0
0x00361730	212	lua_GoalPedestrianPath	0
0x00361808	204	lua_GoalPedestrianFlag	0
0x003618d8	204	lua_GoalCopperGuard	0
0x003619a8	164	lua_GoalCopperRespond	0
0x00361a50	300	lua_GoalManWeaponPile_1	0
0x00361b80	796	lua_GoalManWeaponPile	0
0x00361ea0	252	lua_GoalCopperPatrol	0
0x00361fa0	288	lua_GoalAreaWalker	0
0x003620c0	396	lua_GoalObjectThrower	0
0x00362250	272	lua_GoalPathBlocker_1	0
0x00362360	380	lua_GoalPathBlocker	0
0x003624e0	288	lua_GoalHoldPosition	0
0x00362600	236	lua_GoalBossDiego	0
0x003626f0	116	lua_GoalBossLizzies	0
0x00362768	252	lua_AdjustBossLizzies	0
0x00362868	248	lua_GoalStartParlay	0
0x00362960	196	lua_GoalTag	0
0x00362a28	236	lua_GoalTagEx	0
0x00362b18	228	lua_GoalThrowObject	0
0x00362c00	356	lua_GoalAvoidEnemies	0
0x00362d68	340	lua_GoalCopRespond	0
0x00362ec0	340	lua_GoalCallPolice	0
0x00363018	268	lua_GoalDealer	0
0x00363128	320	lua_GoalShopkeeper	0
0x00363268	316	lua_GoalRiot	0
0x003633a8	288	lua_GoalBumLogic	0
0x003634c8	52	lua_GoalBumLogicTrigger	0
0x00363500	44	lua_LoadBumAnims	0
0x00363530	160	lua_GoalPlayDynAnimation	0
0x003635d0	248	lua_GoalPlayDynIdle	0
0x003636c8	140	lua_GoalPlayGenAnim	0
0x00363758	96	lua_GoalStandIdle	0
0x003637b8	252	lua_GoalStationaryThrower	0
0x003638b8	268	lua_GoalCallGang	0
0x003639c8	156	lua_GoalMark	0
0x00363a68	204	lua_GoalPeddler	0
0x00363b38	564	lua_GoalBigLedgeThrower	0
0x00363d70	224	lua_GoalBackoff	0
0x00363e50	424	lua_GoalLutherShooter	0
0x00363ff8	116	lua_GoalBoxer	0
0x00364070	640	lua_GoalBigBrawler	0
0x003642f0	52	lua_GoalBigFighter	0
0x00364328	376	lua_GoalBigThrower	0
0x003644a0	96	lua_GoalCower	0
0x00364500	116	lua_GoalGrabTarget	0
0x00364578	200	lua_ActTurn	0
0x00364640	196	lua_ActTurnTo	0
0x00364708	204	lua_ActTurnToDir	0
0x003647d8	200	lua_ActLookAt	0
0x003648a0	116	lua_ActGiveWay	0
0x00364918	340	lua_ActMoveTo	0
0x00364a70	192	lua_ActExecuteAttack	0
0x00364b30	116	lua_HuSetLookAtTarget	0
0x00364ba8	96	lua_HuShutUp	0
0x00364c08	96	lua_HuSay	0
0x00364c68	96	lua_HuEnableSpeaking	0
0x00364cc8	96	lua_HuEnableSoundCommands	0
0x00364d28	96	lua_HuEnableTagDone	0
0x00364d88	96	lua_HuEnableTagCheer	0
0x00364de8	96	lua_HuEnableOnFire	0
0x00364e48	264	lua_HuSpeak	0
0x00364f50	264	lua_HuSpeakNI	0
0x00365058	120	lua_HuSetIdleDialogMaxIter	0
0x003650d0	204	lua_HuActionDialog	0
0x003651a0	96	lua_HuPlayDynAnim	0
0x00365200	172	lua_HuPlayDynPair	0
0x003652b0	188	lua_HuPlayDynamicAnim	0
0x00365370	152	lua_HuUseAnim	0
0x00365408	152	lua_HuUseAnyAnim	0
0x003654a0	76	lua_HuAreActionsBlocked	0
0x003654f0	76	lua_HuIsTagging	0
0x00365540	96	lua_HuLockPad	0
0x003655a0	96	lua_HuLockPadMovement	0
0x00365600	156	lua_CameraSetClipping	0
0x003656a0	252	lua_CameraMakeActive	0
0x003657a0	120	lua_CameraGetActive	0
0x00365818	52	lua_CamDelete	0
0x00365850	108	lua_CamGetPos	0
0x003658c0	116	lua_CameraTransform	0
0x00365938	216	lua_CameraTransformPoint	0
0x00365a10	52	lua_CameraReset	0
0x00365a48	144	lua_CamSetupFollow	0
0x00365ad8	168	lua_CamTarget	0
0x00365b80	52	lua_CamSetFollowHeading	0
0x00365bb8	52	lua_CamSetFollowAngle	0
0x00365bf0	108	lua_CamSetFollowZoom	0
0x00365c60	216	lua_CamSetFollowPos	0
0x00365d38	496	lua_CameraCreateLocked	0
0x00365f28	532	lua_CameraCreateThird	0
0x00366140	540	lua_CameraCreateFixed	0
0x00366360	440	lua_CameraCreateWin	0
0x00366518	460	lua_CamSetupRail	0
0x003666e8	184	lua_CamLeadRail	0
0x003667a0	224	lua_CamAddRailPoint	0
0x00366880	100	lua_CamLockRail	0
0x003668e8	200	lua_CamModifyRail	0
0x003669b0	548	lua_CamSetupHood	0
0x00366bd8	168	lua_CamUseDeathCamera	0
0x00366c80	336	lua_CamSetupPoizo	0
0x00366dd0	68	lua_CamReversePoizo	0
0x00366e18	376	lua_CamAddPoizoPoint	0
0x00366f90	160	lua_CamAddPoizoPointCam	0
0x00367030	140	lua_CamLockLocked	0
0x003670c0	156	lua_CamSetSecondary	0
0x00367160	128	lua_CamCanSee	0
0x003671e0	140	lua_CamEnable	0
0x00367270	52	lua_CamSetSplitMode	0
0x003672a8	52	lua_CamAssignRevCamButton	0
0x003672e0	52	lua_CamSetGameAspect	0
0x00367318	52	lua_CamSetHUDAspect	0
0x00367350	52	lua_CamSetHUDScale	0
0x00367388	96	lua_CamRegisterObject	0
0x003673e8	96	lua_CamGetLastTarget	0
0x00367448	136	lua_ScenePreload	0
0x003674d0	68	lua_SceneIsPreloaded	0
0x00367518	52	lua_SceneUnload	0
0x00367550	44	lua_SceneSetCallback	0
0x00367580	388	lua_ScenePlayCinematic	0
0x00367708	264	lua_ScenePlayFixedScene	0
0x00367810	528	lua_ScenePlay_1	0
0x00367a20	692	lua_ScenePlay	0
0x00367cd8	328	lua_ScenePlayAnimation	0
0x00367e20	96	lua_SceneStop	0
0x00367e80	76	lua_SceneDone	0
0x00367ed0	120	lua_SceneLength	0
0x00367f48	156	lua_SceneAddObject	0
0x00367fe8	140	lua_SceneInvokeInPlace	0
0x00368078	456	lua_SceneInvoke	0
0x00368240	52	lua_SceneTerminate	0
0x00368278	44	lua_EnableHeat	0
0x003682a8	116	lua_ScreenQueueEffect	0
0x00368320	172	lua_GetScreenDimensions	0
0x003683d0	172	lua_SetLevelColour	0
0x00368480	172	lua_EnterStore	0
0x00368530	32	lua_ExitStore	0
0x00368550	284	lua_CfgRaindrops	0
0x00368670	764	lua_StartRain	0
0x00368970	32	lua_EndRain	0
0x00368990	684	lua_SpawnRainPlane	0
0x00368c40	604	lua_StartFog	0
0x00368ea0	32	lua_EndFog	0
0x00368ec0	248	lua_StartRoomSmoke	0
0x00368fb8	32	lua_EndRoomSmoke	0
0x00368fd8	328	lua_StartFilmGrain	0
0x00369120	32	lua_EndFilmGrain	0
0x00369140	364	lua_Start3DFog	0
0x003692b0	52	lua_MaxFogParticles	0
0x003692e8	32	lua_End3DFog	0
0x00369308	524	lua_SetGammaRamp	0
0x00369518	196	lua_AddCommand	0
0x003695e0	32	lua_ResetCommands	0
0x00369600	52	lua_DelCommand	0
0x00369638	156	lua_EnableCommand	0
0x003696d8	116	lua_EnableCommands	0
0x00369750	156	lua_ForceCommand	0
0x003697f0	116	lua_CfgAttackDelay	0
0x00369868	1192	lua_CfgPowerClass	0
0x00369d10	548	lua_CfgWarriorClass	0
0x00369f38	196	lua_CfgWarriorUpgrade	0
0x0036a000	412	lua_CfgHat	0
0x0036a1a0	1208	lua_CfgObj	0
0x0036a658	52	lua_CfgSetGlobalTimeToLive	0
0x0036a690	148	lua_CfgSetCollisionLengths	0
0x0036a728	200	lua_CfgGangMusic	0
0x0036a7f0	116	lua_CfgSetMeleeRange	0
0x0036a868	396	lua_CfgSetTargetingPoints	0
0x0036a9f8	396	lua_CfgSetTargetingPointsEx	0
0x0036ab88	456	lua_CfgFollowCamera	0
0x0036ad50	44	lua_CfgSetOutdoorMode	0
0x0036ad80	220	lua_CfgSetGlassProperties	0
0x0036ae60	444	lua_CfgScrFx_1	0
0x0036b020	512	lua_CfgScrFx	0
0x0036b220	668	lua_CfgLevelName	0
0x0036b4c0	44	lua_SetBugstarIP	0
0x0036b4f0	380	lua_CfgRumbleGame	0
0x0036b670	284	lua_CfgRumbleArena	0
0x0036b790	276	lua_CfgRumbleGang	0
0x0036b8a8	324	lua_CfgRumbleChar	0
0x0036b9f0	204	lua_GetRumbleModeData	0
0x0036bac0	76	lua_GetRumbleModeGangName	0
0x0036bb10	420	lua_CfgSetDatabaseSizes	0
0x0036bcb8	216	lua_CfgSetDefaultFollowSlotSet	0
0x0036bd90	44	lua_CfgSetEnemySpotting	0
0x0036bdc0	44	lua_CfgSetWarriorSpotting	0
0x0036bdf0	44	lua_CfgSetWarriorVandalize	0
0x0036be20	44	lua_CfgWarriorWeapons	0
0x0036be50	116	lua_CfgCrimeResponders	0
0x0036bec8	96	lua_CfgEnableCrimeType	0
0x0036bf28	44	lua_CfgSetCrimeCallback	0
0x0036bf58	224	lua_CfgInventoryItem	0
0x0036c038	44	lua_CfgInventoryCallback	0
0x0036c068	44	lua_CfgHuInventoryCallback	0
0x0036c098	44	lua_CfgHuInventoryCallback2	0
0x0036c0c8	44	lua_CfgMoneyCallback	0
0x0036c0f8	52	lua_CfgBreakAndEnterDelay	0
0x0036c130	116	lua_CfgActionDistance	0
0x0036c1a8	44	lua_CfgEnableTurfInvasion	0
0x0036c1d8	44	lua_CfgEnableGrappleCounters	0
0x0036c208	44	lua_CfgPowerupPickup	0
0x0036c238	32	lua_ShowOptionMenu	0
0x0036c258	88	lua_PlayMovie	0
0x0036c2b0	196	lua_SetGameMode	0
0x0036c378	96	lua_GetGameMode	0
0x0036c3d8	100	lua_GetDifficulty	0
0x0036c440	52	lua_SetDifficulty	0
0x0036c478	96	lua_GetLanguage	0
0x0036c4d8	60	lua_GetNumberOfLevelsPacked	0
0x0036c518	76	lua_GetLevelNamePacked	0
0x0036c568	84	lua_GetLevelId	0
0x0036c5c0	96	lua_GetCurrentLevelIndex	0
0x0036c620	116	lua_setDetailFlag	0
0x0036c698	116	lua_clearDetailFlag	0
0x0036c710	44	lua_EnableGameOverCheck	0
0x0036c740	96	lua_FreezeWorld	0
0x0036c7a0	148	lua_PrecacheWorld	0
0x0036c838	44	lua_QueueFileToPrecache	0
0x0036c868	32	lua_CapturePVSSamplePoint	0
0x0036c888	120	lua_GetRTTI	0
0x0036c900	120	lua_GetHitpoints	0
0x0036c978	76	lua_GetName	0
0x0036c9c8	76	lua_GetObjectName	0
0x0036ca18	108	lua_GetPosition	0
0x0036ca88	228	lua_SpawnAreaEffect	0
0x0036cb70	76	lua_IsAHuman	0
0x0036cbc0	252	lua_Teleport	0
0x0036ccc0	252	lua_OrientObject	0
0x0036cdc0	152	lua_TeleportToFlag	0
0x0036ce58	168	lua_TestDistance	0
0x0036cf00	136	lua_WalkingDistance	0
0x0036cf88	128	lua_PathValid	0
0x0036d008	96	lua_TriggerSphereEnable	0
0x0036d068	116	lua_TriggerSphereSetRadius	0
0x0036d0e0	228	lua_TriggerSphereCfg	0
0x0036d1c8	140	lua_SetMsgHandler	0
0x0036d258	140	lua_SetObjZoneMsgHandler	0
0x0036d2e8	96	lua_SetGeneralCarMsgHandler	0
0x0036d348	204	lua_SetMsgHandlerEx	0
0x0036d418	96		0
0x0036d478	104		0
0x0036d4e0	80		0
0x0036d530	116		0
0x0036d5a8	52	lua_isRelease	0
0x0036d5e0	100	lua_GetPlatform	0
0x0036d648	44	lua_doFile	0
0x0036d678	44	lua_doInclude	0
0x0036d6a8	88	lua_preLoadFile	0
0x0036d700	32	lua_gc	0
0x0036d720	44	lua_RegisterUpdate	0
0x0036d750	96	lua_ScheduleFunc	0
0x0036d7b0	148	lua_ScheduleFuncArg1	0
0x0036d848	44	lua_FlushScheduledFuncs	0
0x0036d878	140	lua_PadSetHandler	0
0x0036d908	44	lua_PadSetHandlerEx	0
0x0036d938	84	lua_ToInt	0
0x0036d990	52	lua_KillHumans	0
0x0036d9c8	68	lua_CullCorpses	0
0x0036da10	52	lua_ResetStore	0
0x0036da48	168	lua_SetDeathTimer	0
0x0036daf0	32	lua_ObjScriptArgStart	0
0x0036db10	32	lua_ObjScriptArgEnd	0
0x0036db30	52	lua_ObjScriptPushInt	0
0x0036db68	116	lua_ObjScriptSignal	0
0x0036dbe0	52	lua_ObjScriptPushObject	0
0x0036dc18	116	lua_BreakGlassInRadius	0
0x0036dc90	116	lua_BreakObjectsInRadius	0
0x0036dd08	52	lua_StartObjectSound	0
0x0036dd40	96	lua_PreLoadObjectSound	0
0x0036dda0	32	lua_UnloadTimedObjects	0
0x0036ddc0	140	lua_CarSetPartOpen	0
0x0036de50	52	lua_CarSpawnRadio	0
0x0036de88	76	lua_ObjIsAlive	0
0x0036ded8	76	lua_ObjGetIndex	0
0x0036df28	32	lua_MissionComplete	0
0x0036df48	44	lua_MenuLoadLevel	0
0x0036df78	32	lua_Quit	0
0x0036df98	44	lua_SetStartGameCallback	0
0x0036dfc8	136	lua_random	0
0x0036e050	96	lua_GetGameTime	0
0x0036e0b0	196	lua_ObjSetTrainPoint	0
0x0036e178	116	lua_ObjStartTrain	0
0x0036e1f0	52	lua_ObjStopTrain	0
0x0036e228	172	lua_ConvertJumpToDoor	0
0x0036e2d8	172	lua_DisableDoorLink	0
0x0036e388	172	lua_EnableDoorLink	0
0x0036e438	44	lua_ClimbFilter	0
0x0036e468	32	lua_CheckMultiplayer	0
0x0036e488	44	lua_SetCheatCallback	0
0x0036e4b8	156	lua_SetWorldAmbient	0
0x0036e558	156	lua_SetFogColor	0
0x0036e5f8	52	lua_SetFogDistance	0
0x0036e630	52	lua_SetLoadPriority	0
0x0036e668	88	lua_SetDynamicAnimation	0
0x0036e6c0	96	lua_SetCharacterModel	0
0x0036e720	216	lua_GetDefaultFont	0
0x0036e7f8	96	lua_HUDShowWarCommand	0
0x0036e858	128	lua_HUDSetAnnounceMsg	0
0x0036e8d8	140	lua_HUDSetANBossTexture	0
0x0036e968	44	lua_HUDEnableClubActionText	0
0x0036e998	168	lua_HUDGetNewPH	0
0x0036ea40	52	lua_HUDReleasePH	0
0x0036ea78	264	lua_HUDSetPHValue	0
0x0036eb80	96	lua_HUDSetPHLabelFlashing	0
0x0036ebe0	96	lua_ForceShowPlayerHud	0
0x0036ec40	88	lua_HUDShowMissionSelect	0
0x0036ec98	44	lua_ShowGameStatsInterface	0
0x0036ecc8	128	lua_ShowRumbleModeInterface	0
0x0036ed48	192	lua_ShowRumbleModeIntro	0
0x0036ee08	32	lua_PreloadCredits	0
0x0036ee28	32	lua_ShowCredits	0
0x0036ee48	128	lua_CfgCredits	0
0x0036eec8	44	lua_HUDEnableGameTutorialText	0
0x0036eef8	88	lua_ShowProfileManager	0
0x0036ef50	384	lua_HUDCenterComponents	0
0x0036f0d0	96	lua_HUDShowMissionSummaryText	0
0x0036f130	44	lua_HUDLaunchMissionFailed	0
0x0036f160	88	lua_HUDLaunchRumbleWin	0
0x0036f1b8	44	lua_HUDLaunchANGameOver	0
0x0036f1e8	44	lua_HUDSetMissionFailedCallbacks	0
0x0036f218	52	lua_HUDLaunchMissionComplete	0
0x0036f250	44	lua_HUDEnableFixedCamIcon	0
0x0036f280	224	lua_HUDSetObjective	0
0x0036f360	32	lua_HUDRemoveAllGoalText	0
0x0036f380	100	lua_HUDSetTutorialText	0
0x0036f3e8	68	lua_HUDCheckTutorialText	0
0x0036f430	56	lua_HUDFlushTutorialText	0
0x0036f468	32	lua_HUDSetChaseHUDState_NORMAL	0
0x0036f488	172	lua_HUDSetChaseHUDState_TIMEOUT	0
0x0036f538	32	lua_HUDSetChaseHUDState_DESTROY	0
0x0036f558	96	lua_HUDSetChaseHUDState_CREATE	0
0x0036f5b8	396	lua_HUDEnableBar	0
0x0036f748	172	lua_HUDEnableGenBar	0
0x0036f7f8	240	lua_HUDSetBarPercentage	0
0x0036f8e8	320	lua_HUDSetBarProperty	0
0x0036fa28	272	lua_HUDEnableTextProgress	0
0x0036fb38	328	lua_HUDSetTextProgress	0
0x0036fc80	276	lua_HUDTurnOnActionCycleAnim	0
0x0036fd98	52	lua_HUDTurnOffActionCycleAnim	0
0x0036fdd0	188	lua_HUDEnableInstArrow	0
0x0036fe90	52	lua_HUDSetInstArrowAnimSpeed	0
0x0036fec8	116	lua_HUDSetInstArrowLocation_1	0
0x0036ff40	116	lua_HUDSetInstArrowLocation	0
0x0036ffb8	220	lua_HUDSetInstArrowColor	0
0x00370098	44	lua_HUDSetTutorialCallback	0
0x003700c8	56	lua_HUDTurnOnRadar	0
0x00370100	56	lua_HUDTurnOffRadar	0
0x00370138	140	lua_HUDSetNumIndicator	0
0x003701c8	96	lua_HUDANEnableJoinMsg	0
0x00370228	44	lua_HUDANLaunchEndScreen	0
0x00370258	52	lua_HUDANSetCredit	0
0x00370290	96	lua_HUDANGetCredit	0
0x003702f0	120	lua_SetCrimeLevel	0
0x00370368	616	lua_SetCopStation	0
0x003705d0	44	lua_SetAllClearCallBack	0
0x00370600	44	lua_SetHatCallBack	0
0x00370630	44	lua_SetMultiplayerCallback	0
0x00370660	44	lua_SetArmiesMultiplayerCallback	0
0x00370690	148	lua_HUDSetRadarObjectFlash	0
0x00370728	52	lua_HUDSetRadarZoomScale	0
0x00370760	52	lua_HUDAddRadarMissionObjective	0
0x00370798	52	lua_HUDAddSecondaryRadarMissionObjective	0
0x003707d0	248	lua_HUDChangeRadarMissionObjective	0
0x003708c8	184	lua_HUDSetRadarItemTexture	0
0x00370980	52	lua_HUDDeleteRadarMissionObjective	0
0x003709b8	116	lua_HUDRadarSetRange	0
0x00370a30	52	lua_HUDDeleteRadarObject	0
0x00370a68	52	lua_HUDAddRadarHuman	0
0x00370aa0	296	lua_HUDAddRadarObject	0
0x00370bc8	52	lua_HUDDeleteRadarItem	0
0x00370c00	52	lua_HUDANSetGOSignMode	0
0x00370c38	44	lua_HUDANEnableChkIndicator	0
0x00370c68	52	lua_ShowHud	0
0x00370ca0	32	lua_HideHud	0
0x00370cc0	32	lua_RestoreHud	0
0x00370ce0	32	lua_HidePlayerHud	0
0x00370d00	32	lua_ShowPlayerHud	0
0x00370d20	116	lua_FlashRageBar	0
0x00370d98	140	lua_W_SetStopWatch	0
0x00370e28	60	lua_W_GetStopWatchTime	0
0x00370e68	44	lua_W_StartStopWatch	0
0x00370e98	140	lua_W_ShowStopWatch	0
0x00370f28	116	lua_SndFadeOut	0
0x00370fa0	44	lua_SndEnableMusicDuck	0
0x00370fd0	188	lua_SndCfgMusicInfo	0
0x00371090	44	lua_SndLoadMatrix	0
0x003710c0	52	lua_SndSetPitchMod	0
0x003710f8	52	lua_SndSetNIDuck	0
0x00371130	44	lua_SndLoadBank	0
0x00371160	52	lua_SoundSetSoundVolume	0
0x00371198	52	lua_SoundSetMusicVolume	0
0x003711d0	96	lua_SoundPlayMusicTrack_1	0
0x00371230	164	lua_SoundPlayMusicTrack	0
0x003712d8	108	lua_SoundLoopMusicTrack_1	0
0x00371348	176	lua_SoundLoopMusicTrack	0
0x003713f8	32	lua_SoundStopMusicTrack	0
0x00371418	32	lua_SoundDisableCombatMusic	0
0x00371438	52	lua_SoundSetSystemMusicState	0
0x00371470	44	lua_SoundEnableSystemMusic	0
0x003714a0	160	lua_SoundSetMusicTrack	0
0x00371540	44	lua_SoundSetMusicStateCallback	0
0x00371570	44	lua_SoundPlayAmbientTrack	0
0x003715a0	32	lua_SoundStopAmbientTrack	0
0x003715c0	52	lua_SetAmbientTrackVolume	0
0x003715f8	256	lua_SoundPlay	0
0x003716f8	112	lua_SoundPlay2D	0
0x00371768	256	lua_SoundPreLoad	0
0x00371868	52	lua_SoundStart	0
0x003718a0	52	lua_SoundStop	0
0x003718d8	96	lua_AddAmbientSound	0
0x00371938	480	lua_AddStatRespEmitter	0
0x00371b18	664	lua_AddAmbientSoundEmitter	0
0x00371db0	680	lua_AddAmbientSoundEmitter2	0
0x00372058	756	lua_SetAmbientEmitterPositions	0
0x00372350	392	lua_AddAmbientEmitter	0
0x003724d8	276	lua_AddOneOffEmitter	0
0x003725f0	116	lua_SetAmbientEmitterVolumeMod	0
0x00372668	52	lua_PlayAmbientEmitter	0
0x003726a0	96	lua_EnableAmbientEmitter	0
0x00372700	452	lua_NewMaterialSlots	0
0x003728c8	244	lua_NewMaterialSound	0
0x003729c0	116	lua_DuplicateSoundMaterials	0
0x00372a38	156	lua_SetNumberOfMaterialSlots	0
0x00372ad8	412	lua_NewAnimSlots	0
0x00372c78	204	lua_NewAnimSound	0
0x00372d48	52	lua_SndAllocateCharacterVoices	0
0x00372d80	156	lua_SndSetCommandSoundPercent	0
0x00372e20	52	lua_SndSetListener	0
0x00372e58	200	lua_SoundSetEffect	0
0x00372f20	96	lua_SoundCfgInterfaceSound	0
0x00372f80	44	lua_SoundEnableEffects	0
0x00372fb0	44	lua_SoundPauseSound	0
0x00372fe0	312	lua_SoundPlayCommand	0
0x00373118	44	lua_SoundPreLoadScene	0
0x00373148	180	lua_GangCreate	0
0x00373200	56	lua_GangDelete	0
0x00373238	100	lua_GangSuspend	0
0x003732a0	100	lua_GangInvincible	0
0x00373308	100	lua_GangEnableAttackStrategies	0
0x00373370	144	lua_GangSetMsgHandler	0
0x00373400	56	lua_GangClearHandlers	0
0x00373438	120	lua_GangAddTurfBox	0
0x003734b0	120	lua_GangRemoveTurfBox	0
0x00373528	164	lua_GangAddMember	0
0x003735d0	120	lua_GangGetHeadCount	0
0x00373648	88	lua_GangGetStandingCount	0
0x003736a0	112	lua_GangGoodToGo	0
0x00373710	120	lua_GangSetLeader	0
0x00373788	124	lua_GangGetLeader	0
0x00373808	120	lua_GangSetLOS	0
0x00373880	176	lua_GangExitWorld	0
0x00373930	120	lua_GangEngageEnemy	0
0x003739a8	120	lua_GangLookAt	0
0x00373a20	100	lua_GangBrDead	0
0x00373a88	116	lua_GangSetFriend	0
0x00373b00	116	lua_GangSetEnemy	0
0x00373b78	116	lua_GangMakeEnemies	0
0x00373bf0	116	lua_GangMakeFriends	0
0x00373c68	120	lua_GangMakeEnemiesOfType	0
0x00373ce0	120	lua_GangMakeNeutralOfType	0
0x00373d58	116	lua_GangSetNeutral	0
0x00373dd0	820	lua_GangAddSpawner	0
0x00374108	108	lua_GangIsASpawner	0
0x00374178	132	lua_GangSetSpawnerModel	0
0x00374200	132	lua_GangSetSpawnerMustBeOffScreen	0
0x00374288	200	lua_GangStartSpawner	0
0x00374350	156	lua_GangSetMaxConcurrent	0
0x003743f0	296	lua_GangQueueResponders	0
0x00374518	260	lua_GangRespond	0
0x00374620	100	lua_GangSetAlwaysSeen	0
0x00374688	144	lua_GangCanUseWorldFlags	0
0x00374718	100	lua_GangSetReactToViolence	0
0x00374780	56	lua_TurnWarriorCommands	0
0x003747b8	100	lua_IssueWarriorCommand	0
0x00374820	44	lua_WCEnableAllCommands	0
0x00374850	144	lua_WCEnableCommand	0
0x003748e0	144	lua_WCIssueCommand	0
0x00374970	96	lua_WCLockCommands	0
0x003749d0	44	lua_WCSetCallback	0
0x00374a00	44	lua_WCEnableAutomaticSwitching	0
0x00374a30	76	lua_TacticGetString	0
0x00374a80	52	lua_TacticClear	0
0x00374ab8	352	lua_TacticHoldTheLine	0
0x00374c18	184	lua_TacticDefend	0
0x00374cd0	188	lua_TacticWalkinTall	0
0x00374d90	368	lua_TacticPursue	0
0x00374f00	312	lua_TacticHanginOut	0
0x00375038	404	lua_TacticWander	0
0x003751d0	412	lua_TacticTravelPath	0
0x00375370	96	lua_TacticAttack	0
0x003753d0	260	lua_TacticMoveToFlag	0
0x003754d8	368	lua_TacticAddress	0
0x00375648	128	lua_TacticCrowd	0
0x003756c8	236	lua_TacticVandalize	0
0x003757b8	376	lua_TacticVandalizeCars	0
0x00375930	236	lua_TacticSteal	0
0x00375a20	292	lua_TacticShadow	0
0x00375b48	344	lua_TacticInfo	0
0x00375ca0	244	lua_TacticRiotCop	0
0x00375d98	348	lua_TacticAvoidEnemies	0
0x00375ef8	268	lua_TacticManWeaponPile	0
0x00376008	184	lua_TacticDomination	0
0x003760c0	296	lua_TacticRing	0
0x003761e8	260	lua_TacticUseFlag	0
0x003762f0	96	lua_TacticStandGround	0
0x00376350	180	lua_TacticBoss	0
0x00376408	512	lua_TacticConfront	0
0x00376608	268	lua_TacticTaunt	0
0x00376718	224	lua_TacticIdle	0
0x003767f8	1664	lua_TacticBossScenarioA	0
0x00376e78	548	lua_TacticBossScenarioB	0
0x003770a0	140	lua_TacticBossScenarioC	0
0x00377130	140	lua_TacticBossScenarioD	0
0x003771c0	372	lua_TacticBossScenarioE	0
0x00377338	596	lua_TacticBossScenarioF	0
0x00377590	180	lua_TacticBossScenarioG	0
0x00377648	140	lua_TacticBossScenarioH	0
0x003776d8	312	lua_TacticScout	0
0x00377810	512	lua_TacticPathScout	0
0x00377a10	156	lua_TacticTrigger	0
0x00377ab0	108	lua_ObjIsA	0
0x00377b20	96	lua_ObjEnableZone	0
0x00377b80	76	lua_ObjIsZoneEnabled	0
0x00377bd0	156	lua_ObjMarkZone	0
0x00377c70	84	lua_ObjGetZone	0
0x00377cc8	588	lua_ObjSpawn	0
0x00377f18	96	lua_ObjDestroy	0
0x00377f78	96	lua_ObjEnablePhysics	0
0x00377fd8	116	lua_ObjShow	0
0x00378050	52	lua_ObjHide	0
0x00378088	216	lua_ObjColor	0
0x00378160	120	lua_FlagGetOwner	0
0x003781d8	156	lua_InitFallingEmbers	0
0x00378278	32	lua_TermFallingEmbers	0
0x00378298	52	lua_StartGarbage	0
0x003782d0	32	lua_EndGarbage	0
0x003782f0	44	lua_EnableGroundFog	0
0x00378320	460	lua_CarSpawn	0
0x003784f0	52	lua_CarDestroy	0
0x00378528	156	lua_CarSetPartDamage	0
0x003785c8	216	lua_CarSetColor	0
0x003786a0	96	lua_CarExplode	0
0x00378700	140	lua_CarRemovePart	0
0x00378790	120	lua_CarCanBeDamagedBy	0
0x00378808	52	lua_CarMakeGoodAsNew	0
0x00378840	116	lua_CarPlaceInTrunk	0
0x003788b8	156	lua_CarPlaceInTrunkOnDetach	0
0x00378958	424	lua_SpawnParticle	0
0x00378b00	244	lua_WidgetSetColour	0
0x00378bf8	380	lua_GetPTank	0
0x00378d78	52	lua_ReleasePTank	0
0x00378db0	884	lua_SpawnBreakableGlass	0
0x00379128	52	lua_StartParticle	0
0x00379160	52	lua_EndParticle	0
0x00379198	116	lua_ParticleChangeState	0
0x00379210	116	lua_ObjectChangeState	0
0x00379288	52	lua_KillParticle	0
0x003792c0	640	lua_CfgSteam	0
0x00379540	128	lua_ProcessTag	0
0x003795c0	248	lua_CfgTagSettings	0
0x003796b8	580	lua_SpawnDoor	0
0x00379900	116	lua_DoorOpenDegree	0
0x00379978	212	lua_DoorCRCCheck	0
0x00379a50	116	lua_DoorOpen	0
0x00379ac8	52	lua_OpenDoor	0
0x00379b00	116	lua_OpenDoorAnimated	0
0x00379b78	52	lua_CloseDoor	0
0x00379bb0	52	lua_DisableDoorCollision	0
0x00379be8	52	lua_CamGhostDoor	0
0x00379c20	96	lua_ChangeCollision	0
0x00379c80	208	lua_ChangeBlocker	0
0x00379d50	120	lua_GetLeftDoorHandle	0
0x00379dc8	120	lua_GetRightDoorHandle	0
0x00379e40	96	lua_SetDoorPickable	0
0x00379ea0	220	lua_SetupRadio	0
0x00379f80	76	lua_IsDoorOpen	0
0x00379fd0	380	lua_AddFlag	0
0x0037a150	216	lua_SetFlagPos	0
0x0037a228	96	lua_FlagEnable	0
0x0037a288	108	lua_GetFlagPos	0
0x0037a2f8	428	lua_CrimeIsHappening	0
0x0037a4a8	288	lua_SpawnCustomCrime	0
0x0037a5c8	56	lua_SetCrimeSceneTimeLength	0
0x0037a600	44	lua_ReportCrime	0
0x0037a630	44	lua_ForceCrimeLevel	0
0x0037a660	56	lua_SetCopGuardArrestedRange	0
0x0037a698	216	lua_GangCallForHelp	0
0x0037a770	112	lua_FindFlag	0
0x0037a7e0	236	lua_FlagNetAddLink	0
0x0037a8d0	152	lua_FlagNetTraverse_1	0
0x0037a968	396	lua_FlagNetTraverse	0
0x0037aaf8	32	lua_FlagNetValidate	0
0x0037ab18	32	lua_FlagNetClear	0
0x0037ab38	312	lua_AddPath	0
0x0037ac70	504	lua_AddVolumeBox	0
0x0037ae68	236	lua_RotateVolumeBox	0
0x0037af58	96	lua_EnableVolumeBox	0
0x0037afb8	128	lua_IsInsideBox	0
0x0037b038	88	lua_InvGetSpraycanCharges	0
0x0037b090	120	lua_InvPlayerHasItem	0
0x0037b108	108	lua_InvSetSpraycanCharges	0
0x0037b178	108	lua_InvGiveRevive	0
0x0037b1e8	124	lua_InvNumberRevives	0
0x0037b268	108	lua_InvGiveSkeletonKey	0
0x0037b2d8	124	lua_InvNumberSkeletonKeys	0
0x0037b358	88	lua_InvGetMoney	0
0x0037b3b0	108	lua_InvSetMoney	0
0x0037b420	52	lua_AddMoneyToBank	0
0x0037b458	108	lua_GiveMoney	0
0x0037b4c8	108	lua_TakeMoney	0
0x0037b538	156	lua_InvNumberOf	0
0x0037b5d8	152	lua_InvGiveItem	0
0x0037b670	52	lua_GameIsOver	0
0x0037b6a8	32	lua_SSMC_StartSaveSequence	0
0x0037b6c8	32	lua_SSMC_StartLoadSequence	0
0x0037b6e8	32	lua_SSMC_StartDeleteSequence	0
0x0037b708	32	lua_SSMC_detect	0
0x0037b728	52	lua_SSMC_format	0
0x0037b760	56	lua_SetCheckPoint	0
0x0037b798	60	lua_GetCheckPoint	0
0x0037b7d8	120	lua_SetLUASaveDataFloat	0
0x0037b850	88	lua_GetLUASaveDataFloat	0
0x0037b8a8	100	lua_SetLUASaveDataBool	0
0x0037b910	80	lua_GetLUASaveDataBool	0
0x0037b960	52	lua_IsDongleValid	0
0x0037b998	76	lua_CreateDongle	0
0x0037b9e8	96	lua_CreateDongleChallengeKey	0
0x0037ba48	588	lua_SetPositionOfWater	0
0x0037bc98	52	lua_SetGamma	0
0x0037bcd0	96	lua_GetGamma	0
0x0037bd30	172	lua_SetGammaOffset	0
0x0037bde0	52	lua_SetMotionAlpha	0
0x0037be18	116	lua_QueueMotionBlurEffect_1	0
0x0037be90	292	lua_QueueMotionBlurEffect	0
0x0037bfb8	912	lua_SetLight_1	0
0x0037c348	240	lua_SetLight	0
0x0037c438	464	lua_SetLightFlicker	0
0x0037c608	156	lua_SetShadowColor	0
0x0037c6a8	156	lua_SetShadowLightOffset	0
0x0037c748	96	lua_EnableShadow	0
0x0037c7a8	276	lua_CfgSetStatTypeMax	0
0x0037c8c0	156	lua_CfgSetStatValue	0
0x0037c960	192	lua_StatAdd	0
0x0037ca20	84	lua_StatGetRank	0
0x0037ca78	168	lua_StatGetTotal	0
0x0037cb20	120	lua_StatGetScore	0
0x0037cb98	120	lua_StatGetPreviousHiScore	0
0x0037cc10	32	lua_StatReset	0
0x0037cc30	52	lua_StatResetPlayer	0
0x0037cc68	120	lua_StatGetHighScore	0
0x0037cce0	32	lua_UM_Reset	0
0x0037cd00	52	lua_UM_SetNumUnlockables	0
0x0037cd38	316	lua_UM_SetUnlockable	0
0x0037ce78	252	lua_UM_GetUnlockables	0
0x0037cf78	216	lua_UM_GetUnlockablesByType	0
0x0037d050	156	lua_UM_Unlock	0
0x0037d0f0	76	lua_UM_IsUnlocked	0
0x0037d140	128	lua_UM_IsDataUnlocked	0
0x0037d1c0	76	lua_UM_IsLevelComplete	0
0x0037d210	108	lua_UM_IsTypeDirty	0
0x0037d280	152	lua_UM_IsDataDirty	0
0x0037d318	164	lua_UM_GetRecordData	0
0x0037d3c0	44	lua_UM_UnlockAll	0
0x0037d3f0	44	lua_CNSEnableMissionInfo	0
0x0037d420	27408		0
0x00383f30	8		0
0x00383f38	904	lua_CfgChar	0
0x003842c0	216	lua_CfgSpeedClass	0
0x00384398	228	lua_CfgObjectGroup	0
0x00384480	516	lua_CfgGang	0
0x00384688	440		0
0x00384840	136		0
0x003848c8	156		0
0x00384968	164		0
0x00384a10	64		0
0x00384a50	80		0
0x00384aa0	144		0
0x00384b30	140		0
0x00384bc0	16		0
0x00384bd0	48		0
0x00384c00	24		0
0x00384c18	24		0
0x00384c30	8		0
0x00384c38	168		0
0x00384ce0	3032		0
0x003858b8	96	ScriptHandlers_ClearAll	0
0x00385918	52	Object_GetHitpoints	0
0x00385950	80	Object_GetTypeBits	0
0x003859a0	76		0
0x003859f0	96	Obj_GetTypeName	0
0x00385a50	180		0
0x00385b08	132	AreaEffect_Spawn	0
0x00385b90	36	IsHumanHandle	0
0x00385bb8	216	Object_Teleport	0
0x00385c90	284	Obj_SetAxisAngle	0
0x00385db0	244	Object_TeleportToFlag	0
0x00385ea8	184		0
0x00385f60	172	WalkingDistance	0
0x00386010	168	Obj_PathExists	0
0x003860b8	172		0
0x00386168	300		0
0x00386298	112		0
0x00386308	52		0
0x00386340	44	Script_SetGeneralCarMsgHandler	0
0x00386370	48		0
0x003863a0	52		0
0x003863d8	56		0
0x00386410	64		0
0x00386450	52		0
0x00386488	40		0
0x003864b0	48	GameTimer_GetMilliseconds	0
0x003864e0	244		0
0x003865d8	436		0
0x00386798	64		0
0x003868d0	36		0
0x003868f8	36		0
0x00386920	36		0
0x00386950	48		0
0x00386980	428		0
0x00386b30	468		0
0x00386d08	584		0
0x00386f58	8		0
0x00386f68	8		0
0x00386f78	8		0
0x00386f88	8		0
0x00386f98	8		0
0x00386fa0	556		0
0x003871d0	204		0
0x003872a0	196		0
0x00387368	96		0
0x003873c8	204		0
0x00387498	288		0
0x003875b8	48		0
0x003875e8	104		0
0x00387650	304		0
0x00387780	784		0
0x00387a90	72		0
0x00387ad8	240	Car_Release	0
0x00387bc8	392	Car_Init	0
0x00387d50	396	Car_MakeBodies	0
0x00387ee0	56		0
0x00387f18	3432		0
0x00388c80	2392		0
0x003895d8	296		0
0x00389700	92		0
0x00389760	80		0
0x003897b0	20		0
0x003897c8	20		0
0x003897e0	28		0
0x00389800	68		0
0x00389848	80		0
0x00389898	52		0
0x003898d0	68		0
0x00389918	552		0
0x00389b40	552	Car_UpdateRender	0
0x00389d68	128		0
0x00389e08	312		0
0x00389f40	104		0
0x00389fa8	104		0
0x0038a010	1220		0
0x0038a4d8	780		0
0x0038a7e8	72		0
0x0038a830	744		0
0x0038ab18	52	Car_TryExplode	0
0x0038ab50	1432	Car_DoExplode	0
0x0038b0e8	272		0
0x0038b1f8	808		0
0x0038b520	944		0
0x0038b8d0	632		0
0x0038bb48	856		0
0x0038bea0	2360		0
0x0038c7d8	140	Car_RemovePartBits	0
0x0038c868	284		0
0x0038c990	408		0
0x0038cb28	72		0
0x0038cb70	1164		0
0x0038d000	28		0
0x0038d020	360	Car_OpenPart	0
0x0038d188	928	Car_ReleaseTrunkItem	0
0x0038d528	16	Car_SetTrunkItemKind	0
0x0038d538	124	Car_SetTrunkObject	0
0x0038d5b8	212	Car_SetPartOpen	0
0x0038d690	72	Car_SpawnRadio	0
0x0038d6d8	124		0
0x0038d758	64		0
0x0038d798	64		0
0x0038d7d8	56		0
0x0038d810	392		0
0x0038d998	60		0
0x0038d9d8	48		0
0x0038da08	124		0
0x0038da88	84		0
0x0038dae0	92		0
0x0038db40	676		0
0x0038dde8	188	Car_Spawn	0
0x0038dea8	64	Car_Destroy	0
0x0038dee8	76	Car_SetPartDamage	0
0x0038df38	104	Car_SetColour	0
0x0038dfa0	60	Car_Explode	0
0x0038dfe0	76	Car_RemovePart	0
0x0038e030	56	Car_SetDamageFilter	0
0x0038e068	48	Car_Repair	0
0x0038e098	84	Car_PlaceInTrunk	0
0x0038e0f0	120	Car_PlaceInTrunkOnDetach	0
0x0038e168	324		0
0x0038e2b0	380		0
0x0038e430	260		0
0x0038e538	88	CarManager_SetMsgHandler	0
0x0038e590	104		0
0x0038e5f8	200		0
0x0038e6c0	116		0
0x0038e738	296		0
0x0038e860	876		0
0x0038ebd0	36		0
0x0038ebf8	52		0
0x0038ec30	216		0
0x0038ed08	96		0
0x0038ed68	344	GlassPane_CreateBody	0
0x0038eec0	56	GlassPane_RemoveBody	0
0x0038eef8	56		0
0x0038ef30	44		0
0x0038ef60	300	GlassPane_QueueDraw	0
0x0038f090	220	GlassPane_DrawNear	0
0x0038f170	84		0
0x0038f1c8	432	GlassPane_UpdateBodyByDistance	0
0x0038f378	496	Glass_Break	0
0x0038f588	76		0
0x0038f5d8	40		0
0x0038f600	296		0
0x0038f728	380		0
0x0038f8a8	420	GlassManager_Create	0
0x0038fa50	104	GlassManager_QueueDraws	0
0x0038fab8	40	GlassTypes_Set	0
0x0038fae0	16		0
0x0038faf0	16		0
0x0038fb00	16		0
0x0038fb10	16		0
0x0038fb20	200		0
0x0038fbe8	132		0
0x0038fc70	380		0
0x0038fdf0	56		0
0x0038fe28	96		0
0x0038fe88	80		0
0x0038fed8	28		0
0x0038fef8	28		0
0x0038ff18	28		0
0x0038ff38	148		0
0x0038ffd0	100		0
0x00390038	44		0
0x00390068	72		0
0x003900b0	32		0
0x003900d0	32		0
0x003900f0	32		0
0x00390110	32		0
0x00390130	32		0
0x00390150	44		0
0x00390180	124	Handle_Resolve	0
0x00390200	28		0
0x00390220	28		0
0x00390248	28		0
0x00390268	28		0
0x00390288	28		0
0x003902a8	28		0
0x003902c8	40		0
0x003902f0	32		0
0x00390310	96		0
0x00390370	272		0
0x00390480	564		0
0x003906b8	616		0
0x00390920	44		0
0x00390970	148		0
0x00390a10	296		0
0x00390b38	380		0
0x00390cb8	216		0
0x00390d90	140		0
0x00390e20	104		0
0x00390e88	144		0
0x00390f18	460	Cfg_AddObjectType	0
0x003910f0	68		0
0x00391138	500		0
0x00391330	16		0
0x00391340	56		0
0x00391378	92		0
0x003913d8	316	ObjectDb_FindByName	0
0x00391518	20		0
0x00391530	20		0
0x00391548	20		0
0x00391560	48		0
0x00391590	64		0
0x003915d0	212		0
0x003916a8	204		0
0x00391778	40		0
0x003917a0	40		0
0x003917c8	16		0
0x003917d8	60		0
0x00391818	16		0
0x00391828	60		0
0x00391868	20		0
0x00391880	56		0
0x003918b8	588	WorldObject_Init	0
0x00391b08	260		0
0x00391c10	132	WorldObject_Remove	0
0x00391c98	76		0
0x00391ce8	56		0
0x00391d20	36		0
0x00391d48	1648	Obj_CreatePhysicsBody	0
0x003923b8	284		0
0x003924d8	56	Obj_FreePhysicsBody	0
0x00392510	16		0
0x00392520	140		0
0x003925b0	68		0
0x003925f8	28		0
0x00392638	664	Explosion_DamageHumansInRadius	0
0x003928d0	692		0
0x00392b88	1856		0
0x003932c8	388		0
0x00393450	228		0
0x00393538	1132		0
0x003939a8	1140		0
0x00393e20	560		0
0x00394050	1980	WorldObject_OnContact	0
0x00394810	268		0
0x00394920	1160		0
0x00394da8	376		0
0x00394f20	16		0
0x00394f30	236	Object_IsVandalisable	0
0x00395020	88		0
0x00395078	204		0
0x00395148	140		0
0x003951d8	68		0
0x00395220	72		0
0x00395268	144		0
0x003952f8	52		0
0x00395330	360		0
0x00395498	48		0
0x003954c8	72		0
0x00395510	432		0
0x003956c0	96		0
0x00395720	748		0
0x00395a10	352	WorldObject_Integrate	0
0x00395b70	428	WorldObject_Update	0
0x00395d20	116		0
0x00395d98	44		0
0x00395dc8	120		0
0x00395e40	192		0
0x00395f00	56		0
0x00395f38	76		0
0x00395f88	124		0
0x00396008	64		0
0x00396048	64		0
0x00396090	316		0
0x003961d0	444	World_BreakObjectsAround	0
0x00396390	36	World_BreakObjectsInRadius	0
0x003963b8	784		0
0x003966c8	72	World_BreakGlassInRadius	0
0x00396710	100		0
0x00396778	44	ObjZone_Enable	0
0x003967a8	52	ObjZone_IsEnabled	0
0x003967e0	48	ObjZone_Mark	0
0x00396810	72	Obj_GetZone	0
0x00396858	424	Obj_Spawn	0
0x00396a08	132	Obj_Show	0
0x00396a90	212	Obj_EnablePhysics	0
0x00396b68	104	Obj_Hide	0
0x00396bd0	124	Obj_SetColour	0
0x00396c58	272	Obj_Destroy	0
0x00396d78	172		0
0x00396e28	116	Door_OpenToAngle	0
0x00396ea0	104	Door_Open	0
0x00396f08	156	Door_OpenBy	0
0x00396fa8	104	Door_OpenAnimated	0
0x00397010	104	Door_Close	0
0x00397078	336	Door_SetPickable	0
0x003971c8	104		0
0x00397230	252	Door_Spawn	0
0x00397330	8		0
0x00397338	104	Door_DisableCollision	0
0x003973a0	92	Door_SetCameraGhost	0
0x00397400	120	Door_GetLeftLeaf	0
0x00397478	140	Door_GetRightLeaf	0
0x00397508	144	Door_IsOpen	0
0x00397598	36	Obj_Exists	0
0x003975c0	80	Particle_Start	0
0x00397610	80	Particle_End	0
0x00397660	100	Particle_ChangeState	0
0x003976c8	100	Obj_ChangeState	0
0x00397730	80	Particle_Kill	0
0x00397780	40	ObjType_FindIndex	0
0x003977a8	40	Garbage_Start	0
0x003977d0	36	Garbage_End	0
0x003977f8	56	GroundFog_Enable	0
0x00397838	108	Obj_IsType	0
0x003978a8	36	ObjMgr_UnloadTimed	0
0x003978d0	196	WorldObject_PreloadSound	0
0x00397998	92	WorldObject_StartSound	0
0x003979f8	40		0
0x00397a20	40		0
0x00397a48	528	ObjectTaskManager_Construct	0
0x00397c58	432		0
0x00397e08	124		0
0x00397e88	160		0
0x00397f28	144		0
0x00397fb8	268		0
0x003980c8	104		0
0x00398130	364		0
0x003982a0	164	ObjZone_DispatchMessage	0
0x00398348	100		0
0x003983b0	328		0
0x003984f8	156		0
0x00398598	936		0
0x00398940	872	ObjRecord_Add	0
0x00398cb0	324		0
0x00398df8	204	ObjRecord_SetPinned	0
0x00398ec8	148		0
0x00398f60	128	ObjectManager_GetSpawnZone	0
0x00398fe0	160	ObjRecord_GetHandle	0
0x00399080	936	ObjRecord_Spawn	0
0x00399428	632	ObjRecord_Store	0
0x003996a0	116		0
0x00399718	472		0
0x003998f0	556		0
0x00399b20	208	SpawnTable_UnloadTimed	0
0x00399bf0	220		0
0x00399cd0	144	SpawnTable_FindRecord	0
0x00399d60	36		0
0x00399d88	1336	ObjectTaskManager_UpdateSpawns	0
0x0039a2c0	700		0
0x0039a580	304		0
0x0039a6b0	300		0
0x0039a7e0	112	ObjZone_SetMsgHandler	0
0x0039a850	496		0
0x0039aa40	224		0
0x0039ab20	396		0
0x0039acb8	220		0
0x0039ada0	164		0
0x0039ae48	88		0
0x0039aea0	80		0
0x0039aef0	296		0
0x0039b020	1684		0
0x0039b6b8	888		0
0x0039ba30	52		0
0x0039ba68	172		0
0x0039bb18	28		0
0x0039bb38	104		0
0x0039bba0	76		0
0x0039bbf0	56		0
0x0039bc28	292	Tag_Configure	0
0x0039bd50	216		0
0x0039be28	388	Steam_Configure	0
0x0039bfb0	268	Particle_Spawn	0
0x0039c0e0	432	Glass_Spawn	0
0x0039c290	72	Cfg_SetGlassProperties	0
0x0039c2e0	168	Obj_SetWidgetColour	0
0x0039c388	72	PTank_Create	0
0x0039c3d0	28	PTank_Release	0
0x0039c3f0	296		0
0x0039c518	380		0
0x0039c698	216		0
0x0039c770	104		0
0x0039c7d8	288		0
0x0039c8f8	280		0
0x0039ca10	52		0
0x0039ca48	164		0
0x0039caf0	124		0
0x0039cb70	124		0
0x0039cbf0	1672		0
0x0039d278	232		0
0x0039d360	72		0
0x0039d3a8	624		0
0x0039d618	600		0
0x0039d870	5100		0
0x0039ec60	2028		0
0x0039f450	3176		0
0x003a00b8	840		0
0x003a0400	424		0
0x003a05a8	444		0
0x003a0768	444		0
0x003a0928	256		0
0x003a0a28	64		0
0x003a0a68	380		0
0x003a0be8	344		0
0x003a0d40	104		0
0x003a0da8	156		0
0x003a0e48	144		0
0x003a0ed8	580		0
0x003a1120	300		0
0x003a1250	380		0
0x003a13d0	280		0
0x003a14e8	84		0
0x003a1540	20		0
0x003a1558	20		0
0x003a1570	12	TaskClock_SetPhase	0
0x003a1580	32	TaskClock_SetTime	0
0x003a15a0	32	TaskClock_GetTime	0
0x003a15c0	108		0
0x003a1630	44	Task_SetUpdateInterval	0
0x003a1660	40	Task_Unschedule	0
0x003a1688	48		0
0x003a16b8	116		0
0x003a1730	92		0
0x003a1790	88		0
0x003a17e8	40		0
0x003a1810	72	Obj_Attach	0
0x003a1858	96	Obj_Detach	0
0x003a18b8	8		0
0x003a18c0	128		0
0x003a1940	36		0
0x003a1988	20		0
0x003a19b0	292	Obj_GetWorldPose	0
0x003a1ad8	852	Obj_GetPoseNow	0
0x003a1e30	168		0
0x003a1f00	32	Task_GetVelocity	0
0x003a1f20	8		0
0x003a1f28	8		0
0x003a1f30	8		0
0x003a1f40	536	Task_AdjustIntervalByGround	0
0x003a2158	104		0
0x003a21c0	108		0
0x003a2238	216		0
0x003a2310	504	Task_Integrate	0
0x003a2508	164		0
0x003a25b0	8		0
0x003a25b8	72		0
0x003a2600	36	ObjMsg_Begin	0
0x003a2628	36	ObjMsg_End	0
0x003a2660	40	ObjMsg_PushInt	0
0x003a2688	84	ObjMsg_Send	0
0x003a26e0	68	ObjMsg_PushObject	0
0x003a2728	772	TaskManager_Construct	0
0x003a2a30	280	TaskManager_Destruct	0
0x003a2b48	308	TaskManager_Reset	0
0x003a2c80	84	TaskManager_SetPhase	0
0x003a2cd8	16		0
0x003a2cf0	48		0
0x003a2d20	28		0
0x003a2d40	28		0
0x003a2d60	28		0
0x003a2d80	28		0
0x003a2da0	28		0
0x003a2dc0	28		0
0x003a2de0	28		0
0x003a2e00	32	Task_SendMessage	0
0x003a2e20	28		0
0x003a2e40	28		0
0x003a2e60	32		0
0x003a2e80	28		0
0x003a2ea0	352	TaskManager_TickGame	0
0x003a3000	328	TaskManager_TickPaused	0
0x003a3148	92	TaskManager_Tick	0
0x003a31a8	324	TaskManager_UpdateManagers	0
0x003a32f0	120	TaskManager_Schedule	0
0x003a3368	44	TaskManager_Unschedule	0
0x003a3398	16		0
0x003a33b0	40		0
0x003a33d8	44	TaskWheel_Init	0
0x003a3408	36	TaskWheel_ClearLink	0
0x003a3430	72		0
0x003a3478	56	TaskWheel_Insert	0
0x003a34b0	212	TaskWheel_Remove	0
0x003a3588	340	TaskWheel_RunBucket	1
0x003a36e0	212		0
0x003a37b8	224		0
0x003a3898	220		0
0x003a3978	548		0
0x003a3ba0	460		0
0x003a3d70	264		0
0x003a3e78	136		0
0x003a3f00	44		0
0x003a3f30	180		0
0x003a3ff8	52		0
0x003a4030	20		0
0x003a4048	56		0
0x003a4080	56		0
0x003a40b8	52		0
0x003a40f0	56		0
0x003a4128	56		0
0x003a4160	68		0
0x003a41a8	68		0
0x003a41f0	76		0
0x003a4240	68		0
0x003a4288	76	Task_DeliverMessage	0
0x003a42d8	80		0
0x003a4328	144		0
0x003a43b8	112		0
0x003a4428	80		0
0x003a4478	72		0
0x003a44c8	216	Obj_SetModel	0
0x003a45a0	8		0
0x003a45a8	44		0
0x003a45d8	48		0
0x003a4608	92		0
0x003a4668	92		0
0x003a46c8	72		0
0x003a4710	84		0
0x003a4768	84		0
0x003a47c0	76		0
0x003a4810	472		0
0x003a49e8	84		0
0x003a4a40	84	CollisionMesh_OrTriangleTypeBits	0
0x003a4a98	60		0
0x003a4ad8	8		0
0x003a4ae0	32		0
0x003a4b00	32		0
0x003a4b30	32		0
0x003a4b50	56		0
0x003a4b88	72		0
0x003a4bd0	116		0
0x003a4c48	44		0
0x003a4c78	56		0
0x003a4cb0	56		0
0x003a4ce8	40		0
0x003a4d10	52		0
0x003a4d48	72		0
0x003a4d90	244		0
0x003a4e88	240		0
0x003a4f78	84		0
0x003a4fd0	60		0
0x003a5010	152		0
0x003a50a8	24		0
0x003a50c0	12		0
0x003a50d0	12		0
0x003a50e0	276		0
0x003a51f8	132		0
0x003a5280	68		0
0x003a52c8	120		0
0x003a5340	120		0
0x003a53b8	52		0
0x003a53f0	316	Obj_SpawnChildByName	0
0x003a5530	668		0
0x003a57d8	56		0
0x003a5810	84		0
0x003a5870	100		0
0x003a58d8	12		0
0x003a58e8	76		0
0x003a5938	92		0
0x003a5998	116		0
0x003a5a10	64		0
0x003a5a50	64		0
0x003a5a90	40		0
0x003a5ab8	32		0
0x003a5ad8	1188		0
0x003a5f80	44		0
0x003a5fb0	548		0
0x003a61d8	972		0
0x003a65a8	52		0
0x003a65e0	1068		0
0x003a6a10	1080		0
0x003a6e48	64		0
0x003a6e88	64		0
0x003a6ec8	32		0
0x003a6ee8	124		0
0x003a6f68	3568		0
0x003a7d58	76		0
0x003a7da8	104		0
0x003a7e10	136		0
0x003a7e98	168		0
0x003a7f40	204		0
0x003a8010	236		0
0x003a8100	268		0
0x003a8210	300		0
0x003a8340	340		0
0x003a84a8	28		0
0x003a84c8	28		0
0x003a84e8	20		0
0x003a8500	20		0
0x003a8518	20		0
0x003a8530	20		0
0x003a8548	24		0
0x003a8560	24		0
0x003a8578	24		0
0x003a8590	20		0
0x003a85a8	20		0
0x003a85c0	20		0
0x003a85d8	20		0
0x003a85f0	132		0
0x003a8678	32		0
0x003a8698	244		0
0x003a8790	72		0
0x003a87d8	1160		0
0x003a8c60	332		0
0x003a8db8	160		0
0x003a8e58	240		0
0x003a8f50	320		0
0x003a9090	468		0
0x003a9270	416		0
0x003a9410	532		0
0x003a9630	736		0
0x003a9910	620		0
0x003a9b88	240		0
0x003a9c78	276		0
0x003a9da0	384		0
0x003a9f28	388		0
0x003aa0b0	324		0
0x003aa200	476		0
0x003aa3e0	324		0
0x003aa530	364		0
0x003aa6a0	592		0
0x003aa900	312		0
0x003aaa40	808		0
0x003aad68	440		0
0x003aaf28	488		0
0x003ab110	428		0
0x003ab2c8	280		0
0x003ab3e0	452		0
0x003ab5b0	976		0
0x003ab980	896		0
0x003abd10	256		0
0x003abe18	816		0
0x003ac148	392		0
0x003ac2d0	40		0
0x003ac2f8	468		0
0x003ac4d0	300	Radio_Setup	0
0x003ac600	264	Radio_SetMode	0
0x003ac708	224	Radio_Init	0
0x003ac7e8	3156	Radio_HandleMessage	0
0x003ad440	2176	Radio_Update	0
0x003adcc0	1064		0
0x003ae0f0	140		0
0x003ae180	292		0
0x003ae2b0	120		0
0x003ae328	496		0
0x003ae520	484		0
0x003ae708	364		0
0x003ae880	268		0
0x003ae990	476		0
0x003aeb78	1800		0
0x003af280	656		0
0x003af518	116		0
0x003af590	400		0
0x003af728	116		0
0x003af7a0	608		0
0x003afa08	1724		0
0x003b00c8	276		0
0x003b01e8	1544		0
0x003b07f0	260		0
0x003b0900	144		0
0x003b0990	440		0
0x003b0b50	384		0
0x003b0cd0	536		0
0x003b0ef0	116		0
0x003b0f68	388		0
0x003b10f8	872		0
0x003b1460	904		0
0x003b17f8	544		0
0x003b1a28	544		0
0x003b1c48	168		0
0x003b1cf0	512		0
0x003b1ef8	256		0
0x003b1ff8	380		0
0x003b2180	3520		0
0x003b2f40	536		0
0x003b3158	196		0
0x003b3220	48		0
0x003b3250	408		0
0x003b33e8	3304		0
0x003b40d0	88		0
0x003b4128	384		0
0x003b42a8	4500		0
0x003b5440	88		0
0x003b5498	332		0
0x003b55e8	480		0
0x003b57d0	384		0
0x003b5950	2180		0
0x003b61d8	68		0
0x003b6220	384		0
0x003b63a0	4416		0
0x003b74e0	88		0
0x003b7538	1356		0
0x003b7a88	30508		0
0x003bf1b8	912		0
0x003bf548	336		0
0x003bf698	616		0
0x003bf900	216		0
0x003bf9d8	44		0
0x003bfa08	336		0
0x003bfb58	40		0
0x003bfb80	108		0
0x003bfbf0	212		0
0x003bfcc8	776		0
0x003bffd0	312		0
0x003c0108	552		0
0x003c0330	428		0
0x003c04e0	464		0
0x003c06b0	1768		0
0x003c0d98	88		0
0x003c0df0	204		0
0x003c0ec0	44		0
0x003c0ef0	596		0
0x003c1148	244		0
0x003c1240	16		0
0x003c1250	200		0
0x003c1318	260		0
0x003c1420	48		0
0x003c1450	444		0
0x003c1610	1352		0
0x003c1b58	764		0
0x003c1e58	396		0
0x003c1ff0	436		0
0x003c21a8	832		0
0x003c24e8	1376		0
0x003c2a48	108		0
0x003c2ab8	228		0
0x003c2ba8	1228		0
0x003c3078	364		0
0x003c31f0	596		0
0x003c3448	1888		0
0x003c3bb0	84		0
0x003c3c08	408		0
0x003c3da8	756		0
0x003c40a0	368		0
0x003c4210	108		0
0x003c4280	768		0
0x003c4580	1224		0
0x003c4a58	468		0
0x003c4c38	376		0
0x003c4db0	512		0
0x003c4fb8	504		0
0x003c51b0	152		0
0x003c5248	40		0
0x003c5270	220		0
0x003c5350	320		0
0x003c5490	40		0
0x003c54b8	268		0
0x003c55c8	28		0
0x003c55e8	180	ScriptType_Find	0
0x003c56a0	36		0
0x003c56c8	36	ScriptType_Get	0
0x003c56f0	232		0
0x003c57d8	136		0
0x003c5860	256		0
0x003c5960	184		0
0x003c5a18	232		0
0x003c5b00	280		0
0x003c5c18	160		0
0x003c5cb8	184		0
0x003c5d70	112		0
0x003c5de0	112		0
0x003c5e50	160		0
0x003c5ef0	184		0
0x003c5fa8	144		0
0x003c6038	160		0
0x003c60d8	256		0
0x003c61d8	2312		0
0x003c6ae0	360		0
0x003c6c48	460		0
0x003c6e18	196		0
0x003c6ee0	116		0
0x003c6f58	344		0
0x003c70b0	248		0
0x003c71a8	300		0
0x003c72d8	236		0
0x003c73c8	388		0
0x003c7550	40		0
0x003c7578	196		0
0x003c7640	472		0
0x003c7818	40		0
0x003c7840	240		0
0x003c7930	964		0
0x003c7cf8	52		0
0x003c7d30	176		0
0x003c7de0	684		0
0x003c8090	72		0
0x003c80d8	1044		0
0x003c84f0	424		0
0x003c8698	260		0
0x003c87a0	104		0
0x003c8808	360		0
0x003c8970	432		0
0x003c8b28	5196		0
0x003c9f78	216		0
0x003ca050	232		0
0x003ca138	228		0
0x003ca220	444		0
0x003ca3e0	288		0
0x003ca500	92		0
0x003ca560	40		0
0x003ca588	208		0
0x003ca658	892		0
0x003ca9d8	616		0
0x003cac40	40		0
0x003cac68	368		0
0x003cadd8	252		0
0x003caed8	276		0
0x003caff0	212		0
0x003cb0c8	340		0
0x003cb220	3700		0
0x003cc098	192		0
0x003cc158	616		0
0x003cc510	316		0
0x003cc650	44		0
0x003cc680	352		0
0x003cc7e0	116		0
0x003cc858	48		0
0x003cc888	44		0
0x003cc8b8	460		0
0x003cca88	1244		0
0x003ccf68	1884		0
0x003cd6c8	228		0
0x003cd7c0	808		0
0x003cdae8	156		0
0x003cdb90	276		0
0x003cdca8	15184		0
0x003d17f8	56		0
0x003d1830	212		0
0x003d1908	1584		0
0x003d1f38	1000		0
0x003d2320	1096		0
0x003d2768	180		0
0x003d2820	836		0
0x003d2b68	732		0
0x003d2e48	132		0
0x003d2ed0	720		0
0x003d31a0	692		0
0x003d3458	132		0
0x003d34e0	720		0
0x003d37b0	192		0
0x003d3870	108		0
0x003d38e0	136		0
0x003d3968	388		0
0x003d3af0	300		0
0x003d3c28	260		0
0x003d3d30	808		0
0x003d4058	164		0
0x003d4100	248		0
0x003d41f8	1772		0
0x003d48e8	808		0
0x003d4c10	436		0
0x003d4dd0	400		0
0x003d4f60	356		0
0x003d50d0	572		0
0x003d5310	160		0
0x003d53c0	288		0
0x003d54e0	88		0
0x003d5538	220		0
0x003d5618	368		0
0x003d5788	212		0
0x003d5860	652		0
0x003d5af0	1144		0
0x003d5f68	1304		0
0x003d6480	88		0
0x003d64d8	3068		0
0x003d70e8	248		0
0x003d71e8	72		0
0x003d7230	144		0
0x003d72d0	464		0
0x003d74a0	200		0
0x003d7568	272		0
0x003d7678	676		0
0x003d7920	464		0
0x003d7af0	68		0
0x003d7b38	256		0
0x003d7c38	160		0
0x003d7cd8	344		0
0x003d7e30	212		0
0x003d7f10	620		0
0x003d8180	176		0
0x003d8240	160		0
0x003d82f0	220		0
0x003d83d8	536		0
0x003d85f0	168		0
0x003d8698	152		0
0x003d8730	232		0
0x003d8818	188		0
0x003d88d8	196		0
0x003d89a8	188		0
0x003d8a70	68		0
0x003d8ab8	204		0
0x003d8b90	68		0
0x003d8bd8	444		0
0x003d8da0	980		0
0x003d9178	160		0
0x003d9228	160		0
0x003d92d8	168		0
0x003d9380	152		0
0x003d9418	236		0
0x003d9508	188		0
0x003d95c8	196		0
0x003d9698	120		0
0x003d9710	140		0
0x003d97a0	272		0
0x003d98b0	196		0
0x003d9978	208		0
0x003d9a48	596		0
0x003d9ca0	168		0
0x003d9d50	632		0
0x003d9fc8	172		0
0x003da078	224		0
0x003da158	288		0
0x003da278	160		0
0x003da328	236		0
0x003da428	196		0
0x003da4f0	208		0
0x003da5c0	596		0
0x003da818	236		0
0x003da910	44		0
0x003da940	156		0
0x003da9e0	208		0
0x003daab0	88		0
0x003dab08	160		0
0x003dabb8	160		0
0x003dac68	136		0
0x003dacf0	200		0
0x003dadc0	364		0
0x003daf38	524		0
0x003db148	188		0
0x003db210	132		0
0x003db298	204		0
0x003db368	376		0
0x003db4e0	52		0
0x003db518	164		0
0x003db5c0	208		0
0x003db690	1204		0
0x003dbb48	416		0
0x003dbcf0	804		0
0x003dc018	332		0
0x003dc170	508		0
0x003dc370	364		0
0x003dc4e8	364		0
0x003dc658	1200		0
0x003dcb10	84		0
0x003dcb68	160		0
0x003dcc18	160		0
0x003dccc8	160		0
0x003dcd78	160		0
0x003dce28	160		0
0x003dced8	392		0
0x003dd068	292		0
0x003dd190	300		0
0x003dd2c0	180		0
0x003dd378	444		0
0x003dd538	260		0
0x003dd650	236		0
0x003dd748	188		0
0x003dd808	176		0
0x003dd8b8	124		0
0x003dd938	592		0
0x003ddb88	224		0
0x003ddc70	252		0
0x003ddd70	836		0
0x003de0b8	796		0
0x003de3d8	608		0
0x003de638	152		0
0x003de6e0	372		0
0x003de858	152		0
0x003de8f8	340		0
0x003dea50	312		0
0x003deb88	68		0
0x003debd0	176		0
0x003dec88	256		0
0x003ded88	360		0
0x003deef8	320		0
0x003df038	364		0
0x003df1b0	120		0
0x003df228	1116		0
0x003df698	148		0
0x003df730	1412		0
0x003dfcc0	340		0
0x003dfe18	200		0
0x003dfee0	224		0
0x003dffc0	224		0
0x003e00a8	500		0
0x003e03b0	40		0
0x003e03d8	348		0
0x003e0538	268		0
0x003e0648	188		0
0x003e0708	148		0
0x003e07a0	408		0
0x003e0938	72		0
0x003e0980	424		0
0x003e0b28	472		0
0x003e0d00	320		0
0x003e0e40	268		0
0x003e0f50	760		0
0x003e1250	480		0
0x003e1430	188		0
0x003e14f8	128		0
0x003e1578	196		0
0x003e1648	748		0
0x003e1938	204		0
0x003e1a08	540		0
0x003e1c28	692		0
0x003e1ee0	492		0
0x003e20d8	240		0
0x003e21c8	2048		0
0x003e29c8	32		0
0x003e29e8	932	GlassScript_Init	0
0x003e2d90	712	GlassScript_OnMessage	0
0x003e3058	136		0
0x003e30e0	740		0
0x003e33d0	752		0
0x003e36c0	812		0
0x003e39f8	836		0
0x003e3d40	752		0
0x003e4030	40		0
0x003e4058	1160		0
0x003e44e0	844	GlassTest_Init	0
0x003e4838	932	GlassTest_Update	0
0x003e4be0	204		0
0x003e4cb8	984		0
0x003e5090	208		0
0x003e5168	2700		0
0x003e5bf8	260		0
0x003e5d00	428		0
0x003e5eb0	108		0
0x003e5f20	228		0
0x003e6008	460		0
0x003e61d8	240		0
0x003e62c8	144		0
0x003e6358	164		0
0x003e6400	148		0
0x003e6498	280		0
0x003e65b0	280		0
0x003e66c8	284		0
0x003e67e8	232		0
0x003e68d0	208		0
0x003e69a0	192		0
0x003e6a60	176		0
0x003e6b10	300		0
0x003e6c40	376		0
0x003e6db8	216		0
0x003e6e90	324		0
0x003e6fd8	136		0
0x003e7060	160		0
0x003e7100	156		0
0x003e71a0	164		0
0x003e7248	300		0
0x003e7378	304		0
0x003e74a8	292		0
0x003e75d0	216		0
0x003e76a8	280		0
0x003e77c0	404		0
0x003e7958	480		0
0x003e7b38	80		0
0x003e7b88	916		0
0x003e7f20	252		0
0x003e8020	172		0
0x003e80d0	212		0
0x003e81a8	52		0
0x003e81e0	172		0
0x003e8290	364		0
0x003e8408	168		0
0x003e84b0	100		0
0x003e8518	156		0
0x003e85b8	192		0
0x003e8678	264		0
0x003e8788	152		0
0x003e8820	100		0
0x003e8890	428		0
0x003e8a48	364		0
0x003e8bb8	296		0
0x003e8ce0	100		0
0x003e8d48	196		0
0x003e8e10	156		0
0x003e8eb0	232		0
0x003e8fa0	828		0
0x003e92e0	240		0
0x003e93d0	160		0
0x003e9470	236		0
0x003e9560	320		0
0x003e96a0	224		0
0x003e9780	168		0
0x003e9828	188	ObjectiveMarker_SetShown	0
0x003e98e8	544	ObjectiveMarker_Init	0
0x003e9b08	216	ObjectiveMarker_UpdateFade	0
0x003e9be0	380	ObjectiveMarker_HandleMessage	0
0x003e9d60	256	ObjectiveColumn_Init	0
0x003e9e60	60	ObjectiveColumn_SetColour	0
0x003e9ea0	308	ObjectiveColumn_HandleMessage	0
0x003e9fd8	216	ObjectiveColumn_UpdateFade	0
0x003ea0b0	228	ObjectiveGlow_Init	0
0x003ea198	200		0
0x003ea260	240	ObjectiveGlow_UpdatePull	0
0x003ea350	308		0
0x003ea488	168		0
0x003ea530	636		0
0x003ea7b0	528		0
0x003ea9c0	108		0
0x003eaa30	48		0
0x003eaa60	164		0
0x003eab08	100		0
0x003eab70	188		0
0x003eac30	152		0
0x003eacc8	216		0
0x003eada0	68		0
0x003eade8	336		0
0x003eaf38	92		0
0x003eaf98	196		0
0x003eb060	108		0
0x003eb0d0	144		0
0x003eb160	224		0
0x003eb240	164		0
0x003eb2e8	484		0
0x003eb4d0	228		0
0x003eb5b8	100		0
0x003eb620	452		0
0x003eb7e8	764		0
0x003ebae8	136		0
0x003ebb70	872		0
0x003ebed8	272		0
0x003ebff0	356		0
0x003ec158	572		0
0x003ec3a0	348		0
0x003ec500	996		0
0x003ec8f8	400		0
0x003eca88	588		0
0x003eccd8	240		0
0x003ecdc8	432		0
0x003ecf78	144		0
0x003ed008	956		0
0x003ed3d0	464		0
0x003ed5a0	112		0
0x003ed610	264		0
0x003ed718	160		0
0x003ed7b8	216		0
0x003ed890	32		0
0x003ed8b0	168		0
0x003ed958	100		0
0x003ed9c0	152		0
0x003eda58	204		0
0x003edb28	1604		0
0x003ee170	212		0
0x003ee248	204		0
0x003ee318	32		0
0x003ee338	364		0
0x003ee4a8	908		0
0x003ee838	416		0
0x003ee9d8	204		0
0x003eeaa8	956		0
0x003eee68	56		0
0x003eeea0	740	SimpleObject_Init	0
0x003ef188	1720	SimpleObject_Message	0
0x003ef840	320	SimpleObject_Update	0
0x003ef980	160		0
0x003efa20	316		0
0x003efb60	44		0
0x003efb90	368		0
0x003efd00	168		0
0x003efda8	1068		0
0x003f01d8	388		0
0x003f0360	40		0
0x003f0388	976		0
0x003f0758	316		0
0x003f0898	40		0
0x003f08c0	196		0
0x003f0988	352		0
0x003f0ae8	40		0
0x003f0b10	876		0
0x003f0e80	352		0
0x003f0fe0	40		0
0x003f1008	892		0
0x003f1388	712		0
0x003f1650	40		0
0x003f1678	108		0
0x003f16e8	120		0
0x003f1760	124		0
0x003f17e0	364		0
0x003f1950	392		0
0x003f1ad8	212		0
0x003f1bb0	832		0
0x003f1ef0	160		0
0x003f1f90	80		0
0x003f1fe0	28		0
0x003f2000	112		0
0x003f2070	508		0
0x003f2270	204		0
0x003f2340	52		0
0x003f2378	124		0
0x003f23f8	668		0
0x003f2698	104		0
0x003f2700	364		0
0x003f2870	640		0
0x003f2af0	112		0
0x003f2b60	100		0
0x003f2bc8	120		0
0x003f2c40	300		0
0x003f2d70	300		0
0x003f2ea0	120		0
0x003f2f18	40		0
0x003f2f40	244		0
0x003f3038	116		0
0x003f30b0	40		0
0x003f30d8	160		0
0x003f3178	1036		0
0x003f3588	80		0
0x003f35d8	200		0
0x003f36a0	204		0
0x003f3770	1980		0
0x003f3f30	40		0
0x003f3f58	556		0
0x003f4188	1076		0
0x003f45c0	40		0
0x003f45e8	212		0
0x003f46c0	40		0
0x003f46e8	612		0
0x003f4950	588		0
0x003f4ba0	44		0
0x003f4bd0	76		0
0x003f4c20	96		0
0x003f4c80	1688		0
0x003f5318	148		0
0x003f53b0	100		0
0x003f5418	492		0
0x003f5608	616		0
0x003f5870	132		0
0x003f58f8	368		0
0x003f5a68	464		0
0x003f5c38	212		0
0x003f5d10	432		0
0x003f5ec0	44		0
0x003f5ef0	292		0
0x003f6018	220		0
0x003f60f8	176		0
0x003f61a8	44		0
0x003f61d8	644		0
0x003f6460	664		0
0x003f66f8	40		0
0x003f6720	448		0
0x003f68e0	80		0
0x003f6930	136		0
0x003f69b8	392		0
0x003f6b40	176		0
0x003f6bf0	384		0
0x003f6d70	408		0
0x003f6f08	176		0
0x003f6fb8	384		0
0x003f7138	400		0
0x003f72c8	176		0
0x003f7378	384		0
0x003f74f8	128		0
0x003f7580	508		0
0x003f7780	176		0
0x003f7838	1088		0
0x003f7c78	400		0
0x003f7e08	176		0
0x003f7eb8	396		0
0x003f8048	164		0
0x003f80f0	3656		0
0x003f8f38	148		0
0x003f8fd0	920		0
0x003f9368	544		0
0x003f9588	484		0
0x003f9770	416		0
0x003f9910	444		0
0x003f9ad0	2404		0
0x003fa438	3832		0
0x003fb330	252		0
0x003fb430	364		0
0x003fb5a0	88		0
0x003fb5f8	724	DoorSwinging_Init	0
0x003fb8d0	720		0
0x003fbba0	756		0
0x003fbe98	896		0
0x003fc218	148		0
0x003fc2b0	344		0
0x003fc408	108		0
0x003fc478	240		0
0x003fc568	152		0
0x003fc600	728		0
0x003fc8d8	396		0
0x003fca68	376		0
0x003fcbe0	248		0
0x003fccd8	392		0
0x003fce60	604		0
0x003fd0c0	252		0
0x003fd1c0	248		0
0x003fd2b8	356		0
0x003fd420	476		0
0x003fd600	3724		0
0x003fe490	548	MeleeWeapon_Take	0
0x003fe6b8	772	MeleeWeapon_Detach	0
0x003fe9c0	268		0
0x003fead0	916		0
0x003fee68	744		0
0x003ff150	1132		0
0x003ff5c0	40		0
0x003ff5e8	220		0
0x003ff6c8	592		0
0x003ff918	556		0
0x003ffb48	840		0
0x003ffe90	11624		0
0x00402bf8	632		0
0x00402e70	544		0
0x00403090	556		0
0x004032c0	500		0
0x004034b8	3308		0
0x004041a8	1204		0
0x00404660	1236		0
0x00404b38	268		0
0x00404c48	2484		0
0x00405600	708		0
0x004058c8	312		0
0x00405a08	460		0
0x00405bd8	188		0
0x00405c98	248		0
0x00405d90	232		0
0x00405e78	256		0
0x00405f78	580		0
0x004061c0	660		0
0x00406458	364		0
0x004065c8	624		0
0x00406838	460		0
0x00406a08	1044		0
0x00406e20	584		0
0x00407068	336		0
0x004071b8	352		0
0x00407318	1044		0
0x00407730	40		0
0x00407758	60		0
0x00407798	32		0
0x004077b8	804		0
0x00407ae0	620		0
0x00407d50	40		0
0x00407d78	328		0
0x00407ec0	40		0
0x00407ee8	1832		0
0x00408610	392		0
0x00408798	40		0
0x004087c0	160		0
0x00408860	412		0
0x00408a00	40		0
0x00408a28	160		0
0x00408ac8	8		0
0x00408ad0	96		0
0x00408b30	112		0
0x00408ba0	128		0
0x00408c20	128		0
0x00408ca0	128		0
0x00408d20	112		0
0x00408d90	168		0
0x00408e38	96		0
0x00408e98	300		0
0x00408fd0	148		0
0x00409068	352		0
0x004091c8	84		0
0x00409220	84		0
0x00409280	84		0
0x004092d8	60		0
0x00409318	136		0
0x004093a0	148		0
0x00409438	148		0
0x004094e8	28		0
0x00409508	48		0
0x00409538	48		0
0x00409568	28		0
0x00409588	76		0
0x004095d8	100		0
0x00409648	100		0
0x004096d0	180		0
0x00409790	28		0
0x004097b0	212		0
0x00409888	184		0
0x00409940	164		0
0x004099e8	192		0
0x00409aa8	28		0
0x00409ac8	28		0
0x00409ae8	144		0
0x00409b78	116		0
0x00409bf0	136		0
0x00409c78	220		0
0x00409d68	248		0
0x00409e78	220		0
0x00409f58	308		0
0x0040a090	152		0
0x0040a128	112		0
0x0040a198	100		0
0x0040a200	108		0
0x0040a270	32		0
0x0040a290	32		0
0x0040a2b0	32		0
0x0040a2d0	224		0
0x0040a3b0	176		0
0x0040a460	176		0
0x0040a510	152		0
0x0040a5b0	444		0
0x0040a770	104		0
0x0040a7d8	124		0
0x0040a858	84		0
0x0040a8b0	680		0
0x0040ab58	156		0
0x0040abf8	348		0
0x0040ad58	408		0
0x0040aef0	316		0
0x0040b030	40		0
0x0040b058	112		0
0x0040b0c8	156		0
0x0040b168	340		0
0x0040b2c0	84		0
0x0040b318	136		0
0x0040b3a0	28		0
0x0040b3c0	76		0
0x0040b410	64		0
0x0040b450	160		0
0x0040b4f0	200		0
0x0040b5b8	76		0
0x0040b608	128		0
0x0040b688	84		0
0x0040b6e0	96		0
0x0040b740	988		0
0x0040bb20	132		0
0x0040bba8	108		0
0x0040bc18	120		0
0x0040bc90	116		0
0x0040bd08	464		0
0x0040bed8	272		0
0x0040bfe8	184		0
0x0040c0a0	276		0
0x0040c1b8	132		0
0x0040c240	60		0
0x0040c280	296		0
0x0040c3a8	204		0
0x0040c478	184		0
0x0040c538	140		0
0x0040c5e0	68		0
0x0040c628	28		0
0x0040c648	32		0
0x0040c668	32		0
0x0040c688	356		0
0x0040c7f0	116		0
0x0040c868	156	Level_SetFogColour	0
0x0040c908	48	Level_SetFogDistance	0
0x0040c938	12	WorldManager_SetLoadPriority	0
0x0040c948	204	World_Precache	0
0x0040ca18	552	Water_Set	0
0x0040cc40	40	World_QueuePackToPrecache	0
0x0040cc68	8		0
0x0040cc70	112	ScreenFx_SetMotionAlpha	0
0x0040cce8	64		0
0x0040cd28	80	ScreenFx_QueueMotionBlurColour	0
0x0040cd78	44	ResourceManager_SetDynamicAnimation	0
0x0040cda8	44	ResourceManager_SetCharacterModel	0
0x0040cdd8	84	LevelModel_LinkFirstTexture	0
0x0040ce30	232		0
0x0040cf18	40		0
0x0040cf40	60		0
0x0040cf80	264		0
0x0040d088	32	LevelObject_SetOccluders	0
0x0040d0a8	1500	LevelObject_RenderBackground	0
0x0040d688	628	WorldManager_CreatePools	0
0x0040d900	644		0
0x0040db88	48	WorldManager_RayCast	0
0x0040dbb8	1280		0
0x0040e0b8	68		0
0x0040e100	160	WorldManager_NearestPendingDistance	0
0x0040e1a0	308	WorldManager_QueuePack	0
0x0040e2d8	1528	WorldManager_Preload	0
0x0040e8d0	8		0
0x0040e8d8	3296		0
0x0040f5b8	664		0
0x0040f850	80		0
0x0040f8a0	2372		0
0x004101f0	256		0
0x004102f0	24		0
0x00410308	588		0
0x00410558	236		0
0x00410648	1028		0
0x00410a50	284		0
0x00410b70	664		0
0x00410e08	516		0
0x00411010	176		0
0x004110c0	1044		0
0x004114d8	248		0
0x004115d0	684		0
0x00411880	52		0
0x004118b8	156		0
0x00411958	56		0
0x00411990	392		0
0x00411b20	120		0
0x00411b98	376		0
0x00411d10	416		0
0x00411eb0	504		0
0x004120a8	616		0
0x00412310	216		0
0x004123e8	268		0
0x004124f8	88		0
0x00412550	100		0
0x004125b8	516	VolumeBox_Add	0
0x004127c0	200		0
0x00412888	92		0
0x004128e8	40		0
0x00412910	172		0
0x004129c0	88		0
0x00412a18	480		0
0x00412bf8	68	VolumeBox_Enable	0
0x00412c40	96	VolumeBox_SetRotation	0
0x00412ca0	296		0
0x00412dc8	592	Item_TakeOwned	0
0x00413018	376		0
0x00413198	100	VolumeBox_ContainsObject	0
0x00413200	8		0
0x00413208	8		0
0x00413218	380		0
0x00413398	56		0
0x004133d0	120		0
0x00413448	88		0
0x004134a0	88		0
0x004134f8	500		0
0x004136f0	56		0
0x00413728	72		0
0x00413770	104	Train_SetPoint	0
0x004137d8	80	Train_Start	0
0x00413828	28	Train_Stop	0
0x00413848	60		0
0x00413890	20	TrainRecord_Reset	0
0x004138a8	72	TrainRecord_SetPoint	0
0x004138f0	416		0
0x00413a90	436		0
0x00413c48	324	TrainRecord_IsPathClear	0
0x00413d90	1016	TrainRecord_Update	0
0x00414188	148	Trains_IsPathClear	0
0x00414220	96		0
0x00414280	32		0
0x004142a0	48		0
0x004142d0	104	TriggerSphere_Alloc	0
0x00414338	92		0
0x00414398	160		0
0x00414438	68		0
0x00414480	80		0
0x004144d0	40		0
0x004144f8	76		0
0x00414548	316		0
0x00414688	88		0
0x004146e0	836		0
0x00414a28	184	TriggerSphere_SetRadius	0
0x00414ae0	216	TriggerSphere_Enable	0
0x00414bc0	264	TriggerSphere_Configure	0
0x00414cc8	96		0
0x00414d28	32		0
0x00414d48	392		0
0x00414ed0	56		0
0x00414f08	52		0
0x00414f40	40		0
0x00414f68	376		0
0x004150e0	56		0
0x00415118	164		0
0x004151c0	200		0
0x00415288	88		0
0x004152e0	60	VolumeBox_SetEnabled	0
0x00415320	88		0
0x00415378	788		0
0x00415690	64		0
0x004156d0	36		0
0x004156f8	36		0
0x00415720	32	Path_AddPoint	0
0x00415740	308	Path_Add	0
0x00415878	116	Path_FindByName	0
0x004158f8	316		0
0x00415a38	184		0
0x00415af0	116		0
0x00415b68	172		0
0x00415c18	48	Flag_Add	0
0x00415c48	160	Flag_FindByName	0
0x00415ce8	68	Flag_Enable	0
0x00415d30	12		0
0x00415d40	76		0
0x00415d90	56		0
0x00415dc8	8		0
0x00415dd0	24		0
0x00415de8	128		0
0x00415e70	300		0
0x00415fa0	112		0
0x00416010	40		0
0x00416038	356		0
0x004161a8	8		0
0x004161b0	8		0
0x004161b8	28	Flag_ReleaseUser	0
0x004161d8	12	Flag_SetPositionRaw	0
0x004161e8	104		0
0x00416250	8		0
0x00416258	116		0
0x004162d0	40		0
0x004162f8	564		0
0x00416530	348		0
0x00416690	132		0
0x00416718	1024		0
0x00416b18	80		0
0x00416b68	80	Flag_SetPosition	0
0x00416bb8	40	Flag_GetPosition	0
0x00416be0	128		0
0x00416c60	76		0
0x00416cb0	264		0
0x00416dc0	76		0
0x00416e10	76		0
0x00416e68	104		0
0x00416ed0	56	Flag_GetOwner	0
0x00416f08	288		0
0x00417028	444		0
0x004171e8	220		0
0x004172c8	436		0
0x00417480	192		0
0x00417540	292		0
0x00417670	100		0
0x004176d8	252		0
0x004177d8	308	Flag_FindNearestByActivity	0
0x00417910	328		0
0x00417a60	72		0
0x00417aa8	40		0
0x00417ad0	32		0
0x00417af0	28	Cfg_SetActionDistance	0
0x00417b10	116		0
0x00417b88	96		0
0x00417be8	96		0
0x00417c48	16		0
0x00417c58	68		0
0x00417ca0	340	ContextActions_Register	0
0x00417df8	204		0
0x00417ed0	476		0
0x004180b0	160		0
0x00418150	404	ContextActions_Pick	0
0x004182e8	40		0
0x00418310	32		0
0x00418330	92		0
0x00418398	60		0
0x004183d8	44		0
0x00418408	28		0
0x00418428	240		0
0x00418518	8		0
0x00418520	8		0
0x00418528	8		0
0x00418530	84		0
0x00418588	1280		0
0x00418a88	32		0
0x00418aa8	32		0
0x00418ac8	16		0
0x00418ad8	112		0
0x00418b48	120		0
0x00418bc8	40		0
0x00418bf0	116		0
0x00418c68	968		0
0x00419030	216		0
0x00419108	72		0
0x00419150	664		0
0x004193e8	16		0
0x004193f8	8		0
0x00419400	92		0
0x00419460	84		0
0x004194b8	148		0
0x00419558	216		0
0x00419630	232		0
0x00419718	16		0
0x00419728	44		0
0x00419758	80		0
0x004197a8	704	GameState_CheckGameOver	0
0x00419a68	20		0
0x00419a80	64	GameState_IsTwoPlayerActive	0
0x00419ac0	80	GameState_SetTwoPlayerActive	0
0x00419b10	340		0
0x00419c68	312		0
0x00419da0	108		0
0x00419e10	208		0
0x00419ee0	232	GameState_FindNearestPlayer	0
0x00419fc8	64	GameState_SetMusicMood	0
0x0041a008	88	GameState_SetSystemMusic	0
0x0041a060	780	SystemMusic_UpdateMood	0
0x0041a370	112		0
0x0041a3e0	32		0
0x0041a400	16		0
0x0041a410	28		0
0x0041a430	48		0
0x0041a460	1120	GameState_SyncPlayers	0
0x0041a8c0	256		0
0x0041a9c0	364		0
0x0041ab30	48		0
0x0041ab60	96		0
0x0041abc0	40		0
0x0041abe8	16		0
0x0041abf8	144		0
0x0041ac88	76		0
0x0041acd8	36		0
0x0041ad00	36		0
0x0041ad28	52		0
0x0041ad60	48		0
0x0041ad90	64		0
0x0041add0	40		0
0x0041adf8	56	GameState_SetAllClearCallback	0
0x0041ae30	48	GameState_SetCrimeCallback	0
0x0041ae60	192	GameState_RunCrimeCallback	0
0x0041af20	40		0
0x0041af48	56	GameState_SetHatCallback	0
0x0041af80	332	GameState_CallHatCallback	0
0x0041b0d0	28		0
0x0041b0f0	40		0
0x0041b118	48		0
0x0041b148	312	GameState_CallMultiplayerCallback	0
0x0041b280	40		0
0x0041b2a8	28		0
0x0041b2c8	48		0
0x0041b2f8	220		0
0x0041b3d8	228		0
0x0041b4c0	48	GameState_SetMusicStateCallback	0
0x0041b4f0	48		0
0x0041b520	192	GameState_CallMusicStateCallback	0
0x0041b5e0	200	GameState_CallWarriorCommandCallback	0
0x0041b6a8	16		0
0x0041b6b8	16		0
0x0041b6c8	24		0
0x0041b6e0	192		0
0x0041b7a0	232	GameState_SpawnCustomCrime	0
0x0041b888	20		0
0x0041b8a0	12		0
0x0041b8b0	1556	GameState_ReportCrime	0
0x0041bec8	352		0
0x0041c028	464	Crime_UpdateLevel	0
0x0041c1f8	52		0
0x0041c230	108		0
0x0041c2a0	16		0
0x0041c2b0	32	GameState_TurnWarriorCommands	0
0x0041c2d0	100	GameState_IssueWarriorCommand	0
0x0041c338	396		0
0x0041c4c8	20		0
0x0041c4e0	1836		0
0x0041cc10	48		0
0x0041cc40	580		0
0x0041ce88	12		0
0x0041ce98	84		0
0x0041cef0	48		0
0x0041cf20	12		0
0x0041cf30	12		0
0x0041cf40	24		0
0x0041cf58	32		0
0x0041cf78	8		0
0x0041cf80	104		0
0x0041cfe8	8		0
0x0041cff0	140		0
0x0041d080	8		0
0x0041d088	32		0
0x0041d0a8	36	GameState_SetDispatcherVoice	0
0x0041d0d0	24	GameState_SetCrimeTypeEnabled	0
0x0041d0e8	32		0
0x0041d108	8		0
0x0041d110	80		0
0x0041d160	80		0
0x0041d1b0	272		0
0x0041d428	84	Cfg_SetCharClassAttribs	0
0x0041d480	120	Cfg_SetBreathingSound	0
0x0041d4f8	16	Cfg_SetGlobalTimeToLive	0
0x0041d510	212	Cfg_SetLevelRecord	0
0x0041d5e8	48		0
0x0041d618	16	GameState_SetObjectValueMod	0
0x0041d628	104	Cfg_SetDatabaseSizes	0
0x0041d690	16		0
0x0041d6a8	68		0
0x0041d6f0	28		0
0x0041d718	16		0
0x0041d728	16	Cfg_SetOutdoorMode	0
0x0041d738	16	Cfg_SetEnemySpotting	0
0x0041d748	16	Cfg_SetWarriorSpotting	0
0x0041d758	16	GameState_SetWarriorVandalize	0
0x0041d770	16	GameState_SetWarriorWeapons	0
0x0041d788	88		0
0x0041d7e0	16		0
0x0041d7f0	16		0
0x0041d800	16		0
0x0041d810	16		0
0x0041d820	16		0
0x0041d830	44	GameState_SetDetailFlag	0
0x0041d860	44	GameState_ClearDetailFlag	0
0x0041d890	16	GameState_EnableGameOverCheck	0
0x0041d8a0	44	Cfg_SetCrimeResponders	0
0x0041d8d0	16	GameState_SetForceCrimeLevel	0
0x0041d8e0	48	GameState_EnableDispatcher	0
0x0041d910	12	Cfg_SetBreakAndEnterDelay	0
0x0041d920	12	Cfg_SetGangSizeForCombatMusic	0
0x0041d930	12	Cfg_SetDisableMusicForScenes	0
0x0041d940	40	Cfg_SetMaxThrowError	0
0x0041d968	16		0
0x0041d978	12	Cfg_SetExcludedVandalizeZone	0
0x0041d988	28		0
0x0041d9a8	28	Cfg_SetTutorialMessage	0
0x0041d9c8	28		0
0x0041d9e8	28	Cfg_SetHUDColour	0
0x0041da08	40	Cfg_SetMultiplayerJoin	0
0x0041da30	16	Cfg_SetSubtitles	0
0x0041da40	16	Cfg_SetLanguage	0
0x0041da50	16	Cfg_SetTurfInvasion	0
0x0041da60	16	Cfg_SetGrappleCounters	0
0x0041da70	16	GameState_SetPowerupPickup	0
0x0041da80	48	Cfg_EnableCrimeType	0
0x0041dab0	40	Script_SetCrimeCallback	0
0x0041dad8	28	Cfg_SetWarriorCommandText	0
0x0041daf8	16	Cfg_SetPlayerMugging	0
0x0041db08	224	GameState_EnableAllWarriorCommands	0
0x0041dbe8	148	GameState_EnableWarriorCommand	0
0x0041dc80	104	GameState_IssueWarriorCommandFor	0
0x0041dcf0	80	GameState_LockWarriorCommands	0
0x0041dd40	40	GameState_SetWarriorCommandCallback	0
0x0041dd68	16	GameState_SetAutoSwitch	0
0x0041dd78	20	GameState_RequestOptionMenu	0
0x0041dd90	40	Game_CheckMultiplayer	0
0x0041ddb8	32	GameState_IsLevelEnding	0
0x0041ddd8	248	Store_Reset	0
0x0041ded0	112		0
0x0041df40	252		0
0x0041e040	120		0
0x0041e0b8	172		0
0x0041e168	172		0
0x0041e218	56		0
0x0041e250	200		0
0x0041e320	36		0
0x0041e348	36		0
0x0041e370	36		0
0x0041e398	16		0
0x0041e3a8	8		0
0x0041e3b0	8		0
0x0041e3c0	20		0
0x0041e3d8	68	Inv_HasItem	0
0x0041e420	64		0
0x0041e460	48		0
0x0041e490	48	Inventory_SetHuCallback	0
0x0041e4c0	48		0
0x0041e4f0	48	Inventory_SetMoneyCallback	0
0x0041e520	144		0
0x0041e5b0	1060	Inventory_AddItem	0
0x0041e9d8	648		0
0x0041ec60	60		0
0x0041eca0	72	Cfg_SetInventoryItem	0
0x0041ece8	40	Cfg_SetInventoryCallback	0
0x0041ed10	40	Cfg_SetHuInventoryCallback	0
0x0041ed38	40		0
0x0041ed60	40	Cfg_SetMoneyCallback	0
0x0041ed88	44	Inv_PlayerHasItem	0
0x0041edb8	52		0
0x0041edf0	44		0
0x0041ee20	52		0
0x0041ee58	44		0
0x0041ee88	44		0
0x0041eeb8	72		0
0x0041ef00	52	GameState_GiveMoney	0
0x0041ef38	40		0
0x0041ef60	52	GameState_TakeMoney	0
0x0041ef98	56		0
0x0041efd0	44		0
0x0041f000	44		0
0x0041f030	60		0
0x0041f070	112		0
0x0041f0e0	56		0
0x0041f118	384		0
0x0041f298	164		0
0x0041f340	156		0
0x0041f3e8	60		0
0x0041f428	168		0
0x0041f4d0	112		0
0x0041f540	180		0
0x0041f5f8	180		0
0x0041f6b0	80		0
0x0041f700	44		0
0x0041f730	280		0
0x0041f848	100		0
0x0041f8b0	172		0
0x0041f960	216	W_PS2SaveSystem_ReadBugstarFile	0
0x0041fa38	68		0
0x0041faa8	76		0
0x0041fb08	112		0
0x0041fb78	60		0
0x0041fbb8	80		0
0x0041fc28	160		0
0x0041fcc8	148		0
0x0041fd60	100		0
0x0041fdc8	88		0
0x0041fe20	84		0
0x0041fe78	88		0
0x0041fed0	124		0
0x0041ff68	248		0
0x00420060	1292		0
0x00420570	300		0
0x004206a0	648		0
0x00420928	72		0
0x00420970	48		0
0x004209a0	32		0
0x004209c0	172		0
0x00420a70	212	PlayerStats_Reset	0
0x00420b48	92		0
0x00420ba8	96		0
0x00420c08	116		0
0x00420c80	56		0
0x00420cb8	244		0
0x00420db0	252		0
0x00420eb0	252		0
0x00420fb0	244		0
0x004210a8	244		0
0x004211a0	52		0
0x004211d8	168		0
0x00421280	28		0
0x004212a0	28		0
0x004212c0	132		0
0x00421348	376		0
0x004214c0	180		0
0x00421578	96		0
0x004215d8	96		0
0x00421638	204		0
0x00421708	708		0
0x004219d0	252		0
0x00421ad0	712		0
0x00421d98	56		0
0x00421dd0	152		0
0x00421e68	304		0
0x00421f98	140		0
0x00422028	208		0
0x004221a0	104		0
0x00422208	104		0
0x004222a0	104		0
0x00422358	40		0
0x00422380	48		0
0x004223b0	48		0
0x004223e0	8		0
0x004223e8	72	Cfg_SetStatTypeMax	0
0x00422430	156	Cfg_SetStatValue	0
0x004224d8	280		0
0x004225f0	60		0
0x00422630	60		0
0x00422670	44		0
0x004226a0	88		0
0x004226f8	32	Stats_ResetAll	0
0x00422718	60		0
0x00422758	128		0
0x004227d8	200		0
0x004228a0	20		0
0x004228b8	72		0
0x00422900	48		0
0x00422930	64	Stats_ResetPlayers	0
0x00422970	36		0
0x00422998	36		0
0x004229c0	124		0
0x00422a40	36		0
0x00422a68	36		0
0x00422a90	88		0
0x00422ae8	24		0
0x00422b00	212		0
0x00422bd8	132		0
0x00422c60	160		0
0x00422d00	156		0
0x00422da0	688		0
0x00423050	68		0
0x00423098	284		0
0x004231b8	72		0
0x00423200	128		0
0x00423280	128		0
0x00423300	8		0
0x00423308	48		0
0x00423338	32		0
0x00423358	76		0
0x004233a8	80		0
0x004233f8	428		0
0x004235a8	56		0
0x004235e0	12	StopWatch_SetDisplay	0
0x004235f0	72		0
0x00423638	16	StopWatch_GetTime	0
0x00423648	40		0
0x00423670	92	StopWatch_Show	0
0x004236d0	32		0
0x004236f0	28		0
0x00423718	80		0
0x00423768	60		0
0x004237a8	52	UM_GetUnlockablesByType	0
0x004237e8	60		0
0x00423828	60		0
0x00423868	64		0
0x004238a8	60		0
0x004238e8	160	UM_GetRecordField	0
0x00423988	40		0
0x004239b0	48	UM_IsDataDirty	0
0x004239e0	36		0
0x00423a08	132		0
0x00423a98	28		0
0x00423ab8	204		0
0x00423b88	164		0
0x00423c30	188		0
0x00423cf0	64	Unlockables_GetRecord	0
0x00423d30	176		0
0x00423de0	208		0
0x00423eb0	180	Unlockables_ListByType	0
0x00423f70	292		0
0x00424098	48		0
0x004240c8	48	Unlockables_IsDirty	0
0x004240f8	52	Unlockables_ClearDirty	0
0x00424130	160		0
0x004241d8	192		0
0x00424298	676		0
0x00424540	152		0
0x004245d8	504		0
0x004247d0	188		0
0x00424890	196		0
0x00424958	196	Unlockables_TestDirtyByData	0
0x00424a20	368		0
0x00424b90	460		0
0x00424d60	232		0
0x00424e50	120		0
0x00424ec8	32		0
0x00424ee8	8		0
0x00424ef8	108		0
0x00424f68	68		0
0x00424fd0	204		0
0x004250a8	540		0
0x004252c8	2732		0
0x00425d78	1224		0
0x00426240	496		0
0x00426430	2044		0
0x00426c30	8		0
0x00426c40	52		0
0x00426c78	80	Atomic_AssignGamePipelines	0
0x00426cc8	144	Material_AssignGamePipeline	0
0x00426d58	204	Pipeline_CreateAtomic	0
0x00426e28	72		0
0x00426e70	1400		0
0x004273f8	472	Pipeline_CreateDualTexture	0
0x004275d0	2732		0
0x00428080	480	Pipeline_CreateEnvMap	0
0x00428260	432		0
0x00428410	2848		0
0x00428f30	424	Pipeline_CreateOneUV	0
0x004290d8	2020		0
0x004298c0	412	Pipeline_CreateTwoUV	0
0x00429a60	48		0
0x00429a98	48	Bink_SetupRaster	0
0x00429ac8	48		0
0x00429af8	32		0
0x00429b18	772	Movie_BuildUploadPacket	0
0x00429e20	56	Movie_StreamCallback	0
0x00429e58	248		0
0x00429f50	84		0
0x00429fa8	64		0
0x00429fe8	1748	BinkMovie_Play	0
0x0042a6c0	84		0
0x0042a718	212	Movie_AdvanceCaptions	0
0x0042a7f0	48	Movie_DrawCaptions	0
0x0042a820	236	Movie_CheckSkip	0
0x0042a938	1584	Movie_Play	0
0x0042af70	176		0
0x0042b020	32		0
0x0042b040	244		0
0x0042b138	152		0
0x0042b1d0	224		0
0x0042b2b8	1488		0
0x0042b888	300		0
0x0042b9b8	156		0
0x0042ba58	576		0
0x0042bc98	88		0
0x0042bcf0	100		0
0x0042bd58	680		0
0x0042c000	360		0
0x0042c168	276		0
0x0042c280	76		0
0x0042c2d0	184		0
0x0042c388	148		0
0x0042c420	160		0
0x0042c4c0	44		0
0x0042c4f0	84		0
0x0042c548	268		0
0x0042c658	144		0
0x0042c718	152		0
0x0042c7b0	44		0
0x0042c7e0	64		0
0x0042c820	120		0
0x0042c898	16		0
0x0042c8a8	36		0
0x0042c8d0	44		0
0x0042c908	84		0
0x0042c960	36		0
0x0042c988	40		0
0x0042c9b0	40		0
0x0042c9d8	104		0
0x0042ca40	40		0
0x0042ca68	376		0
0x0042cd50	216		0
0x0042ce28	324		0
0x0042cf70	136		0
0x0042cff8	124		0
0x0042d078	140		0
0x0042d108	8		0
0x0042d110	816		0
0x0042d440	476		0
0x0042d620	484		0
0x0042d808	96		0
0x0042d868	24		0
0x0042d880	32		0
0x0042d8b0	60		0
0x0042d8f0	32		0
0x0042d910	56		0
0x0042d948	40		0
0x0042d970	28		0
0x0042d990	108		0
0x0042da00	144		0
0x0042da90	196		0
0x0042db58	48		0
0x0042db88	404		0
0x0042de78	40		0
0x0042dea0	48		0
0x0042dee8	80		0
0x0042df38	48		0
0x0042df80	64		0
0x0042dfc0	68		0
0x0042e008	80		0
0x0042e058	252		0
0x0042e158	612		0
0x0042e3c0	72		0
0x0042e408	136		0
0x0042e490	316		0
0x0042e5d0	228		0
0x0042e6b8	260		0
0x0042e7c0	920		0
0x0042eb58	40		0
0x0042eb80	120		0
0x0042ebf8	472		0
0x0042edd0	372		0
0x0042ef48	48		0
0x0042ef78	64		0
0x0042efb8	36		0
0x0042efe0	32		0
0x0042f000	28		0
0x0042f020	44		0
0x0042f050	148		0
0x0042f0e8	472		0
0x0042f2e0	80		0
0x0042f330	28		0
0x0042f370	80		0
0x0042f3c0	28		0
0x0042f3f8	80		0
0x0042f448	28		0
0x0042f468	48		0
0x0042f4b0	80		0
0x0042f500	48		0
0x0042f548	80		0
0x0042f598	32		0
0x0042f5d8	64		0
0x0042f618	36		0
0x0042f640	1224		0
0x0042fb08	80		0
0x0042fc20	172		0
0x0042fcd0	52		0
0x00430088	80		0
0x004300d8	28		0
0x004300f8	80		0
0x00430148	28		0
0x00430168	80		0
0x004301b8	28		0
0x004301d8	80		0
0x00430228	28		0
0x00430248	80		0
0x00430298	28		0
0x004302b8	80		0
0x00430308	28		0
0x00430328	80		0
0x00430378	28		0
0x00430398	160		0
0x00430438	136		0
0x004304c0	236		0
0x004305ac	148		0
0x00430640	172		0
0x004306ec	252		0
0x004307e8	184		0
0x004308a0	104		0
0x00430908	116		0
0x0043097c	304		0
0x00430aac	416		0
0x00430c4c	332		0
0x00430d98	280		0
0x00430eb0	324		0
0x00430ff8	436		0
0x004311b0	456		0
0x00431378	456		0
0x00431540	180		0
0x004315f8	268		0
0x00431708	64		0
0x00431748	88		0
0x004317a0	116		0
0x00431818	220		0
0x004318f8	140		0
0x00431988	220		0
0x00431a68	44		0
0x00431a98	32		0
0x00431ac0	68		0
0x00431b08	80		0
0x00431b58	48		0
0x00431b88	276		0
0x00431ca0	1036		0
0x004320b0	964		0
0x00432478	148		0
0x00432510	196		0
0x004325e0	96		0
0x00432640	28		0
0x00432660	360		0
0x004327c8	72		0
0x00432810	144		0
0x004328a0	128		0
0x00432928	152		0
0x004329c0	100		0
0x00432a28	128		0
0x00432aa8	104		0
0x00432b10	32		0
0x00432b30	404		0
0x00432cc8	2832		0
0x004337d8	240		0
0x004338c8	84		0
0x00433928	232		0
0x00433a10	16		0
0x00433a20	28		0
0x00433a40	40		0
0x00433a68	32		0
0x00433a88	212		0
0x00433b60	80		0
0x00433bb0	72		0
0x00433bf8	828		0
0x00433f38	96		0
0x00433f98	64		0
0x00433fd8	2524		0
0x004349b8	16		0
0x004349c8	48		0
0x004349f8	3832		0
0x004358f0	44		0
0x00435928	528		0
0x00435b38	52		0
0x00435b70	48		0
0x00435ba0	124		0
0x00435c20	28		0
0x00435c40	108		0
0x00435cb0	124		0
0x00435d30	116		0
0x00435da8	36		0
0x00435dd0	156		0
0x00435e70	124		0
0x00435ef0	108		0
0x00435f60	120		0
0x00435fd8	156		0
0x00436078	1420		0
0x00436608	264		0
0x00436710	204		0
0x004367e0	4164		0
0x00437828	432		0
0x004379d8	264		0
0x00437ae0	3844		0
0x004389e8	612		0
0x00438c50	1840		0
0x00439380	756		0
0x00439678	364		0
0x004397e8	556		0
0x00439a18	52		0
0x00439a50	32		0
0x00439a70	32		0
0x00439a90	12		0
0x00439aa8	36		0
0x00439ad0	492		0
0x00439cc0	1092		0
0x0043a108	1580		0
0x0043a738	448		0
0x0043a8f8	88		0
0x0043a950	92		0
0x0043a9b0	96		0
0x0043aa10	96		0
0x0043aa70	96		0
0x0043aad0	92		0
0x0043ab30	96		0
0x0043ab90	168		0
0x0043ac38	168		0
0x0043ace0	52		0
0x0043ad18	264		0
0x0043ae20	308		0
0x0043af58	132		0
0x0043afe0	192		0
0x0043b0a0	56		0
0x0043b0d8	520		0
0x0043b2e0	256		0
0x0043b3e0	340		0
0x0043b538	104		0
0x0043b5a0	396		0
0x0043b730	200		0
0x0043b7f8	408		0
0x0043b990	380		0
0x0043bb10	192		0
0x0043bbd8	188		0
0x0043bca0	228		0
0x0043bd88	160		0
0x0043be28	84		0
0x0043be80	120		0
0x0043bf08	108		0
0x0043bf78	344		0
0x0043c0d0	744		0
0x0043c3e8	208		0
0x0043c4c0	188		0
0x0043c5b0	92		0
0x0043c610	236		0
0x0043c700	1344		0
0x0043cca0	16	SetGsCrt	0
0x0043ccc0	16	_Exit	0
0x0043cd80	16	AddIntcHandler	0
0x0043cd90	16	AddIntcHandler	0
0x0043cda0	16	RemoveIntcHandler	0
0x0043cdb0	16	AddDmacHandler	0
0x0043cdc0	16	AddDmacHandler	0
0x0043cdd0	16	RemoveDmacHandler	0
0x0043cde0	16	_EnableIntc	0
0x0043cdf0	16	_DisableIntc	0
0x0043ce00	16	_EnableDmac	0
0x0043ce10	16	_DisableDmac	0
0x0043cea0	16	CreateThread	0
0x0043cec0	16	_StartThread	0
0x0043cf30	16	ChangeThreadPriority	0
0x0043cf50	16	RotateThreadReadyQueue	0
0x0043cf90	16	GetThreadId	0
0x0043cfa0	16	ReferThreadStatus	0
0x0043cfc0	16	SleepThread	0
0x0043cfd0	16	WakeupThread	0
0x0043cfe0	16	_iWakeupThread	0
0x0043d010	16	SuspendThread	0
0x0043d080	16	EndOfHeap	0
0x0043d0a0	16	CreateSema	0
0x0043d0b0	16	DeleteSema	0
0x0043d0c0	16	SignalSema	0
0x0043d0d0	16	iSignalSema	0
0x0043d0e0	16	WaitSema	0
0x0043d0f0	16	PollSema	0
0x0043d140	16	SetOsdConfigParam	0
0x0043d150	16	GetOsdConfigParam	0
0x0043d320	16	FlushCache	0
0x0043d370	16	sceSifStopDma	0
0x0043d3c0	16	GsGetIMR	0
0x0043d3e0	16	GsPutIMR	0
0x0043d410	16	SetVSyncFlag	0
0x0043d440	16	sceSifDmaStat	0
0x0043d460	16	sceSifSetDma	0
0x0043d470	16	isceSifSetDma	0
0x0043d480	16	sceSifSetDChain	0
0x0043d490	16	isceSifSetDChain	0
0x0043d4a0	16	sceSifSetReg	0
0x0043d4b0	16	sceSifGetReg	0
0x0043d4d0	16	Deci2Call	0
0x0043d500	16	GetMemorySize	0
0x0043d510	16	_InitTLB	0
0x0043d520	12		0
0x0043d530	144		0
0x0043d5c0	164		0
0x0043d668	124		0
0x0043d6e8	116		0
0x0043d760	40		0
0x0043d788	8		0
0x0043d790	8		0
0x0043d798	172		0
0x0043d848	8		0
0x0043d850	20		0
0x0043d868	164		0
0x0043d910	124		0
0x0043d998	164		0
0x0043da40	124		0
0x0043dac8	16		0
0x0043dad8	104		0
0x0043db40	104		0
0x0043dba8	104		0
0x0043dc10	104		0
0x0043dc78	216		0
0x0043dd50	236		0
0x0043de40	148		0
0x0043dee0	200		0
0x0043dfa8	376		0
0x0043e120	40		0
0x0043e148	36		0
0x0043e170	60		0
0x0043e1b0	60		0
0x0043e1f0	404		0
0x0043e388	372		0
0x0043e500	208		0
0x0043e5d0	188		0
0x0043e690	56		0
0x0043e6c8	176		0
0x0043e778	52		0
0x0043e7b0	144		0
0x0043e840	472		0
0x0043ea18	3348		0
0x0043f788	40		0
0x0043f7b0	40		0
0x0043f7d8	76		0
0x0043f828	72		0
0x0043f870	128		0
0x0043f8f0	128		0
0x0043f9a0	24		0
0x0043f9c8	640		0
0x0043fc48	52		0
0x0043fc80	24		0
0x0043fc98	120		0
0x0043fd10	76		0
0x0043fd60	308		0
0x0043fe98	60		0
0x0043fed8	60		0
0x0043ff18	328		0
0x00440060	172		0
0x00440110	412		0
0x004402b0	36		0
0x004402d8	168		0
0x00440380	28		0
0x004403a0	48		0
0x004403d0	64		0
0x00440410	204		0
0x004404e0	64		0
0x00440520	208		0
0x004405f8	76		0
0x00440648	64		0
0x00440688	204		0
0x00440758	332		0
0x00440938	512		0
0x00440b38	60		0
0x00440b78	148		0
0x00440c10	208		0
0x00440ce8	88		0
0x00440d40	452		0
0x00440f08	64		0
0x00440f48	112		0
0x00440fc0	136		0
0x00441048	236		0
0x00441138	108		0
0x004411a8	948		0
0x00441560	84		0
0x004415b8	44		0
0x004415e8	12		0
0x00441640	520		0
0x00441848	140		0
0x004418d8	52		0
0x00441910	656		0
0x00441ba0	376		0
0x00441d18	572		0
0x00441f58	620		0
0x004421c8	704		0
0x004424e8	136		0
0x00442570	112		0
0x004425e0	128		0
0x00442660	120		0
0x004426d8	28		0
0x00442708	256		0
0x00442808	140		0
0x00442898	56		0
0x004428d0	520		0
0x00442ad8	520		0
0x00442ce0	144		0
0x00442d70	28		0
0x00442d98	548		0
0x00442fc0	32		0
0x00443008	340		0
0x00443160	80		0
0x004431b0	272		0
0x004432c0	80		0
0x00443310	24		0
0x00443328	96		0
0x00443408	16		0
0x00443420	252		0
0x00443520	16	RFU116_SetSyscall	0
0x00443530	84		0
0x00443588	16	RFU116_SetSyscall	0
0x00443598	16		0
0x004435e0	16	RFU091	0
0x004435f0	104		0
0x00443658	172		0
0x00443738	8	thunk_FUN_00444ad8	0
0x00443740	40		0
0x00443770	16	RFU116_SetSyscall	0
0x00443780	16		0
0x004437c8	16	RFU091	0
0x004437d8	212		0
0x004438b0	104		0
0x00443920	16		0
0x00443930	16		0
0x00443940	16		0
0x00443950	340		0
0x00443ab0	144		0
0x00443b48	400		0
0x00443cd8	132		0
0x00443d60	56		0
0x00443d98	676		0
0x00444040	76		0
0x00444098	112		0
0x00444108	72		0
0x00444160	172		0
0x00444210	76		0
0x00444290	244		0
0x00444388	124		0
0x00444408	112		0
0x00444488	76		0
0x004444d8	92		0
0x00444538	300		0
0x00444668	240		0
0x00444758	36		0
0x00444790	168		0
0x00444838	68		0
0x00444888	48		0
0x004448b8	36		0
0x004448e8	52		0
0x00444920	52		0
0x00444968	36		0
0x00444998	16		0
0x004449e0	16	RFU091	0
0x004449f0	16	RFU116_SetSyscall	0
0x00444a00	196		0
0x00444ac8	16	RFU086_WaitEvnetFlag	0
0x00444ad8	64		0
0x00444b18	500		0
0x00444ea0	552		0
0x004450e0	296		0
0x00445208	52		0
0x00445240	188		0
0x004453b0	276		0
0x004454c8	376		0
0x00445640	196		0
0x00445760	380		0
0x004458e0	332		0
0x00445a30	140		0
0x00445ac0	320		0
0x00445c00	204		0
0x00445cd0	284		0
0x00445fd8	692		0
0x00446290	368		0
0x00446400	452		0
0x00446608	120		0
0x00446680	116		0
0x004466f8	68		0
0x00446770	204		0
0x00446850	12		0
0x00446860	108		0
0x004468e0	656		0
0x00446b70	704		0
0x00446e30	1056		0
0x00447250	192		0
0x00447310	144		0
0x004473a0	448		0
0x00447560	1240		0
0x00447c60	16		0
0x00447c70	160		0
0x00447d10	200		0
0x00447dd8	84		0
0x00447e30	64		0
0x00447e70	388		0
0x00447ff8	1796		0
0x00448700	592		0
0x00448950	1160		0
0x00448dd8	540		0
0x00448ff8	576		0
0x00449238	812		0
0x00449568	1064		0
0x00449990	412		0
0x00449b30	1368		0
0x0044a088	376		0
0x0044a200	360		0
0x0044a368	384		0
0x0044a4e8	232		0
0x0044a5d0	140		0
0x0044a660	148		0
0x0044a6f8	52		0
0x0044a730	8	thunk_FUN_0044a660	0
0x0044a738	188		0
0x0044a7f8	236		0
0x0044a8e8	192		0
0x0044a9a8	380		0
0x0044b818	160		0
0x0044b8b8	416		0
0x0044ba58	788		0
0x0044bd70	684		0
0x0044c020	160		0
0x0044c0c0	324		0
0x0044c208	320		0
0x0044c348	232		0
0x0044c658	460		0
0x0044c828	52		0
0x0044c860	8	thunk_FUN_0044a660	0
0x0044c868	340		0
0x0044c9c0	8		0
0x0044c9c8	80		0
0x0044ca18	140		0
0x0044caa8	148		0
0x0044cb40	244		0
0x0044cc68	320		0
0x0044cda8	72		0
0x0044cdf0	224		0
0x0044ced0	276		0
0x0044cfe8	484		0
0x0044d1d0	96		0
0x0044d230	180		0
0x0044d2e8	200		0
0x0044d3b8	164		0
0x0044d460	80		0
0x0044d4b8	288		0
0x0044d5e0	312		0
0x0044d718	180		0
0x0044d7d0	192		0
0x0044d890	216		0
0x0044d968	180		0
0x0044da20	176		0
0x0044dad0	92		0
0x0044db30	84		0
0x0044dba0	100		0
0x0044dc10	1100		0
0x0044e060	980		0
0x0044e438	336		0
0x0044e588	912		0
0x0044e918	464		0
0x0044eae8	108		0
0x0044eb58	76		0
0x0044eba8	28		0
0x0044ebc8	36		0
0x0044ebf8	40		0
0x0044ec38	188		0
0x0044ecf8	156		0
0x0044ed98	280		0
0x0044eeb0	540		0
0x0044f0d0	1056		0
0x0044f4f0	348		0
0x0044f650	1648		0
0x0044fcc0	904		0
0x00450048	728		0
0x00450320	684		0
0x004505d0	632		0
0x00450848	632		0
0x00450ac0	1200		0
0x00450f70	160		0
0x00451010	208		0
0x004510e0	168		0
0x00451188	208		0
0x00451260	144		0
0x004512f0	164		0
0x004513a0	132		0
0x00451428	596		0
0x00451680	1364		0
0x00451bd8	648		0
0x00451e60	508		0
0x00452060	420		0
0x00452208	284		0
0x00452328	116		0
0x004523a0	96		0
0x00452400	108		0
0x00452470	152		0
0x00452508	132		0
0x00452590	112		0
0x00452600	108		0
0x00452670	192		0
0x00452730	252		0
0x00452830	960		0
0x00452bf0	624		0
0x00452e60	1364		0
0x004533b8	556		0
0x004535e8	508		0
0x004537e8	424		0
0x00453990	284		0
0x00453ab0	176		0
0x00453b60	560		0
0x00453d90	1172		0
0x00454228	112		0
0x00454298	1444		0
0x00454840	216		0
0x00454918	1004		0
0x00454d08	1024		0
0x00455108	452		0
0x004552e0	220		0
0x004553c0	312		0
0x00455500	496		0
0x004556f0	1908		0
0x00455e68	2068		0
0x00456680	4100		0
0x00457688	3224		0
0x00458320	4604		0
0x00459520	4540		0
0x0045a6e0	3344		0
0x0045b3f0	4804		0
0x0045c6b8	2040		0
0x0045ceb0	2104		0
0x0045d6e8	2040		0
0x0045dee0	1908		0
0x0045e658	148		0
0x0045e6f0	164		0
0x0045e798	124		0
0x0045e818	176		0
0x0045e8c8	212		0
0x0045e9a0	236		0
0x0045eb30	896		0
0x0045eeb0	504		0
0x0045f4a8	684		0
0x0045f758	504		0
0x0045f950	768		0
0x0045fc50	844		0
0x00460248	928		0
0x004605e8	400		0
0x00460778	488		0
0x00460960	912		0
0x00460cf0	352		0
0x00461258	28		0
0x00461278	200		0
0x00461340	224		0
0x00461420	76		0
0x00461470	52		0
0x004614a8	80		0
0x004614f8	68		0
0x00461540	48		0
0x00461570	48		0
0x004615a0	48		0
0x004615d0	516		0
0x004617d8	340		0
0x00461930	100		0
0x00461998	148		0
0x00461a30	56		0
0x00461a68	560		0
0x00461c98	196		0
0x00461d60	960		0
0x00462130	264		0
0x00462238	252		0
0x00462338	356		0
0x004624a0	520		0
0x004626c0	12		0
0x004626d0	380		0
0x00462850	172		0
0x00462908	24		0
0x00462920	16		0
0x00462930	8		0
0x00462940	156		0
0x004629e8	16		0
0x00462ad8	56		0
0x00462b30	144		0
0x00462bc0	260		0
0x00463a90	220		0
0x00463b70	188		0
0x00463c58	12		0
0x00463c70	268		0
0x00463da8	164		0
0x00463e50	36		0
0x00463e90	232		0
0x00463f78	664		0
0x00464210	664		0
0x004644a8	1228		0
0x00464978	272		0
0x00464a88	932		0
0x00464e30	304		0
0x00464f60	356		0
0x004650c8	568		0
0x00465300	12		0
0x00465310	92		0
0x00465370	92		0
0x004653d8	32		0
0x004653f8	76		0
0x00465448	84		0
0x004654a0	72		0
0x004654e8	76		0
0x00465538	168		0
0x004655e0	76		0
0x00465630	112		0
0x004656a0	76		0
0x004656f0	72		0
0x00465738	72		0
0x00465780	72		0
0x004657c8	72		0
0x00465810	192		0
0x004658d0	156		0
0x00465970	72		0
0x004659b8	100		0
0x00465a20	84		0
0x00465a78	108		0
0x00465ae8	100		0
0x00465b50	156		0
0x00465c08	108		0
0x00465cd0	48		0
0x00465d00	92		0
0x00465dd0	48		0
0x00465e00	92		0
0x00465e78	268		0
0x00465f88	152		0
0x00466020	88		0
0x00466078	8		0
0x00466088	8		0
0x00466090	8		0
0x00466098	84		0
0x004660f0	84		0
0x00466148	28		0
0x00466168	944		0
0x00466518	304		0
0x00466648	328		0
0x00466790	744		0
0x00466a78	248		0
0x00466b70	12		0
0x00466b80	24		0
0x00466b98	20		0
0x00466bb0	136		0
0x00466c38	20		0
0x00466c58	104		0
0x00466cc0	8		0
0x00466dc8	108		0
0x00466e50	108		0
0x00466f20	208		0
0x00466ff0	160		0
0x00467090	144		0
0x00467130	12		0
0x00467140	656		0
0x004673d0	344		0
0x00467528	476		0
0x00467708	8		0
0x00467710	80		0
0x00467760	8		0
0x00467768	8		0
0x00467770	204		0
0x00467840	388		0
0x004679d0	96		0
0x00467a30	184		0
0x00467ae8	52		0
0x00467b28	1320		0
0x00468050	916		0
0x004683f0	1232		0
0x004688f0	112		0
0x00468960	100		0
0x004689f0	112		0
0x00468a60	100		0
0x00468b00	668		0
0x00468da8	608		0
0x00469008	368		0
0x00469178	352		0
0x004692d8	276		0
0x004693f0	308		0
0x00469528	1732		0
0x00469bf0	208		0
0x00469cc0	168		0
0x00469d68	112		0
0x00469dd8	100		0
0x00469e68	112		0
0x00469ed8	12		0
0x00469ee8	12		0
0x00469ef8	80		0
0x00469f48	120		0
0x00469fc0	128		0
0x0046a040	128		0
0x0046a0c0	52		0
0x0046a100	132		0
0x0046a190	44		0
0x0046a1c0	52		0
0x0046a200	52		0
0x0046a240	184		0
0x0046a2f8	248		0
0x0046a3f0	176		0
0x0046a4a0	368		0
0x0046a610	196		0
0x0046a6d8	44		0
0x0046a720	40		0
0x0046a748	68		0
0x0046a790	68		0
0x0046a7d8	56		0
0x0046a810	40		0
0x0046a838	40		0
0x0046a860	36		0
0x0046a8b0	28		0
0x0046a940	160		0
0x0046aa30	64		0
0x0046aa70	64		0
0x0046aac8	40		0
0x0046aaf8	340		0
0x0046ac50	580		0
0x0046aea0	720		0
0x0046b170	712		0
0x0046b438	2624		0
0x0046bec0	20		0
0x0046bed8	132		0
0x0046bf60	132		0
0x0046bfe8	80		0
0x0046c040	192		0
0x0046c100	20		0
0x0046c118	68		0
0x0046c160	56		0
0x0046c1a0	676		0
0x0046c448	368		0
0x0046c5b8	124		0
0x0046c638	120		0
0x0046c6b0	12		0
0x0046c6c0	232		0
0x0046c7a8	92		0
0x0046c808	60		0
0x0046c848	96		0
0x0046c8a8	88		0
0x0046c908	68		0
0x0046c988	856		0
0x0046cce0	104		0
0x0046cd48	124		0
0x0046cdc8	112		0
0x0046ce38	100		0
0x0046cec8	12		0
0x0046ced8	184		0
0x0046cf90	128		0
0x0046d010	88		0
0x0046d068	68		0
0x0046d0b0	56		0
0x0046d0e8	40		0
0x0046d120	272		0
0x0046d238	1028		0
0x0046d640	20		0
0x0046d658	144		0
0x0046d6f0	20		0
0x0046d708	56		0
0x0046d828	428		0
0x0046d9d8	600		0
0x0046dc30	76		0
0x0046dc80	36		0
0x0046dca8	244		0
0x0046dda0	96		0
0x0046de00	84		0
0x0046de58	476		0
0x0046e038	144		0
0x0046e0c8	108		0
0x0046e140	40		0
0x0046e2c0	688		0
0x0046e570	924		0
0x0046e910	408		0
0x0046eaa8	1032		0
0x0046eeb0	2964		0
0x0046fa50	1040		0
0x0046fe60	1552		0
0x00470490	692		0
0x00470758	32		0
0x00470788	156		0
0x00470858	40		0
0x00470888	68		0
0x004708d0	56		0
0x00470908	40		0
0x00470930	40		0
0x00470960	696		0
0x00470c18	504		0
0x00470e10	616		0
0x00471078	956		0
0x00471438	336		0
0x00471590	332		0
0x004716e0	252		0
0x004717e0	128		0
0x00471860	128		0
0x004718e0	112		0
0x00471958	220		0
0x00471a38	168		0
0x00471ae0	136		0
0x00471b68	132		0
0x00471bf0	192		0
0x00471cb0	156		0
0x00471d50	60		0
0x00471d98	28		0
0x00471db8	8		0
0x00471dc0	208		0
0x00471e90	68		0
0x00471ed8	56		0
0x00471f38	200		0
0x00472000	112		0
0x00472070	144		0
0x00472100	524		0
0x00472310	736		0
0x004725f0	780		0
0x00472900	768		0
0x00472c08	12		0
0x00472c18	12		0
0x00472c28	40		0
0x00472c50	72		0
0x00472c98	228		0
0x00472d80	72		0
0x00472dc8	16		0
0x00472dd8	232		0
0x00472ec0	240		0
0x00472fb0	156		0
0x00473050	216		0
0x00473130	128		0
0x004731c0	128		0
0x00473240	104		0
0x004732a8	220		0
0x00473388	144		0
0x00473478	80		0
0x004734c8	112		0
0x00473578	208		0
0x00473678	64		0
0x004736e8	64		0
0x00473728	172		0
0x004737d8	48		0
0x00473808	72		0
0x00473850	48		0
0x00473880	72		0
0x004738c8	48		0
0x004738f8	72		0
0x00473940	44		0
0x00473970	72		0
0x004739b8	32		0
0x004739d8	28		0
0x004739f8	48		0
0x00473a28	28		0
0x00473a48	28		0
0x00473a68	48		0
0x00473a98	28		0
0x00473ab8	72		0
0x00473b00	84		0
0x00473b58	48		0
0x00473b88	68		0
0x00473bd0	48		0
0x00473c00	132		0
0x00473c88	244		0
0x00473d88	168		0
0x00473e30	8		0
0x00473e38	52		0
0x00473e70	44		0
0x00473ea0	44		0
0x00473ed0	44		0
0x00473f00	368		0
0x00474070	160		0
0x00474170	1800		0
0x00474878	1600		0
0x00474eb8	2008		0
0x00475690	48		0
0x004756c0	288		0
0x004757e0	180		0
0x00475898	644		0
0x00475b20	736		0
0x00475e00	660		0
0x00476098	744		0
0x00476380	108		0
0x004763f8	148		0
0x00476898	708		0
0x00476b60	12		0
0x00476b70	88		0
0x00476bc8	44		0
0x00476cc8	1048	RwPS2_QueueLightForVU1	0
0x004770e0	296		0
0x00477208	596		0
0x00477460	752		0
0x00477750	264		0
0x00477858	1692		0
0x00477ef8	4064		0
0x00478f68	68		0
0x00478fb0	68		0
0x004791e8	1092		0
0x00479630	1192		0
0x00479ad8	148		0
0x00479b70	28		0
0x00479ba0	1128		0
0x0047a008	628		0
0x0047a280	12		0
0x0047a290	288		0
0x0047a3b0	284		0
0x0047a4d0	244		0
0x0047a5d0	44		0
0x0047a600	88		0
0x0047a658	144		0
0x0047a6e8	112		0
0x0047a760	716		0
0x0047aa30	2524		0
0x0047b410	68		0
0x0047b480	220		0
0x0047b560	124		0
0x0047b5e0	124		0
0x0047b660	124		0
0x0047b6e0	28		0
0x0047b700	28		0
0x0047b720	28		0
0x0047b750	60		0
0x0047b790	132		0
0x0047b818	152		0
0x0047b8b0	132		0
0x0047b938	204		0
0x0047ba08	104		0
0x0047ba70	68		0
0x0047bab8	476		0
0x0047bc98	88		0
0x0047bcf0	152		0
0x0047bd88	40		0
0x0047bdb0	80		0
0x0047be00	80		0
0x0047be50	80		0
0x0047bea0	292		0
0x0047bfc8	60		0
0x0047c050	60		0
0x0047c090	100		0
0x0047c358	1284		0
0x0047c860	568		0
0x0047caa8	544		0
0x0047ccc8	372		0
0x0047ce40	572		0
0x0047d080	444		0
0x0047d240	48		0
0x0047d270	12		0
0x0047d280	128		0
0x0047d300	448		0
0x0047d4c0	28		0
0x0047d4f8	124		0
0x0047d578	168		0
0x0047d620	148		0
0x0047d6c0	44		0
0x0047d6f0	180		0
0x0047d7a8	104		0
0x0047d810	420		0
0x0047d9b8	436		0
0x0047db70	432		0
0x0047dd28	216		0
0x0047df38	392		0
0x0047e0c0	76		0
0x0047e110	256		0
0x0047e210	8		0
0x0047e218	188		0
0x0047e2d8	432		0
0x0047e488	28		0
0x0047e4a8	28		0
0x0047e4c8	28		0
0x0047e4e8	292		0
0x0047e610	528		0
0x0047e820	296		0
0x0047e950	160		0
0x0047e9f0	132		0
0x0047ea78	128		0
0x0047eaf8	604		0
0x0047ed58	396		0
0x0047eee8	472		0
0x0047f0c0	292		0
0x0047f1e8	12		0
0x0047f1f8	176		0
0x0047f2a8	268		0
0x0047f3b8	120		0
0x0047f430	84		0
0x0047f488	400		0
0x0047f618	60		0
0x0047f658	52		0
0x0047f690	52		0
0x0047f6c8	316		0
0x0047f808	164		0
0x0047f8b0	116		0
0x0047f928	108		0
0x0047f998	304		0
0x0047fac8	728		0
0x0047fda0	76		0
0x0047fdf0	12		0
0x0047fe08	48		0
0x0047fe38	152		0
0x0047fed0	96		0
0x0047ff30	112		0
0x0047ffa0	80		0
0x00480008	196		0
0x004800d0	44		0
0x00480108	60		0
0x00480148	60		0
0x00480198	128		0
0x00480288	88		0
0x00480550	300		0
0x00480688	84		0
0x004806e0	8		0
0x004806f0	184		0
0x004807a8	240		0
0x004808a0	280		0
0x004809d0	828		0
0x00480d10	56		0
0x00480d48	60		0
0x00480d90	328		0
0x00480ed8	540		0
0x004810f8	728		0
0x004813d0	56		0
0x00481408	92		0
0x004814b0	2244		0
0x00481d78	472		0
0x00481f50	1344		0
0x00482490	468		0
0x00482668	332		0
0x004827b8	32		0
0x004827d8	32		0
0x004827f8	52		0
0x00482830	48		0
0x00482860	12		0
0x00482870	92		0
0x004828d0	72		0
0x00482918	100		0
0x00482980	272		0
0x00482a90	204		0
0x00482b60	204		0
0x00482c30	68		0
0x00482c80	136		0
0x00482d08	104		0
0x00482d70	124		0
0x00482df0	108		0
0x00482e60	88		0
0x00482eb8	96		0
0x00482f18	492		0
0x00483110	112		0
0x00483180	112		0
0x004831f0	104		0
0x00483258	264		0
0x00483360	136		0
0x004833e8	316		0
0x00483530	312		0
0x00483668	60		0
0x004836a8	36		0
0x004836d0	68		0
0x00483720	120		0
0x004837a0	260		0
0x004838a8	8		0
0x004838b0	36		0
0x004838d8	52		0
0x00483910	332		0
0x00483a60	244		0
0x00483b58	140		0
0x00483bf8	140		0
0x00483c88	196		0
0x00483d58	168		0
0x00483e00	108		0
0x00483e70	260		0
0x00483f78	288		0
0x00484098	136		0
0x00484120	8		0
0x00484128	64		0
0x00484168	108		0
0x004841d8	12		0
0x004841e8	88		0
0x00484240	192		0
0x00484300	16		0
0x00484320	68		0
0x00484370	68		0
0x004843b8	144		0
0x00484448	104		0
0x004844b0	136		0
0x00484538	88		0
0x00484590	164		0
0x00484638	416		0
0x004847d8	304		0
0x00484910	272		0
0x00484a20	1216		0
0x00484ee0	764		0
0x004851e0	292		0
0x00485308	444		0
0x004854c8	452		0
0x00485690	484		0
0x00485888	160		0
0x00485928	108		0
0x00485998	272		0
0x00485aa8	76		0
0x00485af8	284		0
0x00485c28	260		0
0x00485d40	48		0
0x00485dd8	220		0
0x00485ec0	100		0
0x00485f28	100		0
0x00485f90	164		0
0x00486038	216		0
0x00486110	12		0
0x00486120	252		0
0x00486220	112		0
0x00486290	80		0
0x004862e0	156		0
0x004863a0	100		0
0x00486408	64		0
0x00486448	60		0
0x00486488	56		0
0x004864c0	72		0
0x00486508	68		0
0x004865c0	748		0
0x004868b0	636		0
0x00486b30	492		0
0x00486d20	276		0
0x00486e38	480		0
0x00487018	100		0
0x00487080	200		0
0x00487148	196		0
0x00487210	136		0
0x00487298	132		0
0x00487320	520		0
0x00487528	1068		0
0x00487958	628		0
0x00487bd0	1404		0
0x00488150	720		0
0x00488420	324		0
0x00488568	408		0
0x00488700	532		0
0x00488918	28		0
0x00488938	24		0
0x00488950	28		0
0x00488970	24		0
0x00488998	64		0
0x004889d8	52		0
0x00488a10	28		0
0x00488a38	156		0
0x00488ad8	156		0
0x00488b78	12		0
0x00488b88	204		0
0x00488c58	156		0
0x00488cf8	12		0
0x00488d08	136		0
0x00488d90	176		0
0x00488e48	84		0
0x00488ea8	208		0
0x00488f78	24		0
0x00488f90	28		0
0x00488fb0	112		0
0x00489028	68		0
0x00489128	72		0
0x00489170	136		0
0x004891f8	108		0
0x00489268	48		0
0x00489298	308		0
0x004893d0	268		0
0x004894e0	324		0
0x00489628	296		0
0x00489750	248		0
0x00489848	1176		0
0x00489ce0	452		0
0x00489ea8	564		0
0x0048a0e0	1540		0
0x0048a6e8	1208		0
0x0048aba0	1620		0
0x0048b200	264		0
0x0048b308	176		0
0x0048b3b8	324		0
0x0048b500	120		0
0x0048b578	168		0
0x0048b620	68		0
0x0048b668	156		0
0x0048b708	1700		0
0x0048bdb0	736		0
0x0048c090	1140		0
0x0048c508	620		0
0x0048c778	372		0
0x0048c8f0	364		0
0x0048ca60	1284		0
0x0048cf68	1208		0
0x0048d420	352		0
0x0048d580	616		0
0x0048d7e8	516		0
0x0048d9f0	304		0
0x0048db20	480		0
0x0048dd00	656		0
0x0048df90	8		0
0x0048df98	8		0
0x0048dfa8	160		0
0x0048e048	220		0
0x0048e130	148		0
0x0048e1c8	72		0
0x0048e210	64		0
0x0048e250	2708		0
0x0048ece8	1036		0
0x0048f0f8	500		0
0x0048f2f0	2572		0
0x0048fd00	1164		0
0x00490190	988		0
0x00490570	4572		0
0x00491750	6236		0
0x00492fb0	1124		0
0x004937c0	324		0
0x00493908	580		0
0x00493b50	784		0
0x00493e60	612		0
0x004940c8	804		0
0x004943f0	2160		0
0x00494c60	524		0
0x00494e70	612		0
0x004950d8	804		0
0x00495400	240		0
0x004954f0	576		0
0x00495730	376		0
0x004958a8	308		0
0x004959e0	748		0
0x00495cd0	236		0
0x00495dc0	1600		0
0x00496400	852		0
0x00496758	3344		0
0x00497468	736		0
0x00497750	304		0
0x00497880	476		0
0x00497a60	500		0
0x00497c58	212		0
0x00497d30	1808		0
0x00498440	12		0
0x00498450	88		0
0x004984b0	44		0
0x004984f0	64		0
0x00498550	12		0
0x00498560	12		0
0x00498620	8		0
0x00498628	8		0
0x00498630	184		0
0x004986e8	116		0
0x00498760	88		0
0x004987d8	180		0
0x00498890	148		0
0x00498938	180		0
0x004989f0	256		0
0x00498b50	140		0
0x00498e38	600		0
0x00499090	376		0
0x00499208	324		0
0x00499350	1040		0
0x00499760	320		0
0x004998a0	484		0
0x00499a88	944		0
0x00499e38	6460		0
0x0049b778	5776		0
0x0049ce08	3960		0
0x0049dd80	108		0
0x0049ddf0	64		0
0x0049de30	68		0
0x0049deb0	392		0
0x0049e038	2632		0
0x0049ea80	596		0
0x0049ecd8	748		0
0x0049efc8	1120		0
0x0049f608	272		0
0x0049f8c8	596		0
0x0049fb20	104		0
0x0049fb88	864		0
0x0049fee8	356		0
0x004a0050	432		0
0x004a0200	552		0
0x004a0428	552		0
0x004a08c8	656		0
0x004a0b58	636		0
0x004a0dd8	572		0
0x004a1018	572		0
0x004a1500	700		0
0x004a17c0	664		0
0x004a1a58	916		0
0x004a1df0	80		0
0x004a1e40	8		0
0x004a1fd8	616		0
0x004a2240	504		0
0x004a2438	564		0
0x004a2670	668		0
0x004a2910	1976		0
0x004a30c8	1336		0
0x004a3600	256		0
0x004a3700	312		0
0x004a3838	780		0
0x004a3b48	1036		0
0x004a3f58	508		0
0x004a4158	748		0
0x004a4448	580		0
0x004a4690	208		0
0x004a4798	32		0
0x004a47b8	116		0
0x004a4840	8		0
0x004a4858	396		0
0x004a49e8	384		0
0x004a4b68	660		0
0x004a4e00	188		0
0x004a4ec0	92		0
0x004a4f28	168		0
0x004a4fd0	76		0
0x004a5130	84		0
0x004a5188	48		0
0x004a51b8	40		0
0x004a51e0	8		0
0x004a51e8	8		0
0x004a51f0	180		0
0x004a52a8	1060		0
0x004a56d8	92		0
0x004a5738	144		0
0x004a57c8	180		0
0x004a5880	8		0
0x004a5888	208		0
0x004a5988	372		0
0x004a5b00	764		0
0x004a5e08	472		0
0x004a5fe0	924		0
0x004a6380	488		0
0x004a6568	1584		0
0x004a6b98	400		0
0x004a6d28	588		0
0x004a6f88	172		0
0x004a7038	108		0
0x004a70a8	120		0
0x004a7130	8		0
0x004a7138	168		0
0x004a71e8	268		0
0x004a7310	152		0
0x004a73a8	544		0
0x004a75c8	1364		0
0x004a7b20	896		0
0x004a7ea0	844		0
0x004a81f0	1296		0
0x004a8700	308		0
0x004a8838	80		0
0x004a8888	472		0
0x004a8a60	644		0
0x004a8cf0	404		0
0x004a8e88	156		0
0x004a8f28	172		0
0x004a8fe0	348		0
0x004a9158	796		0
0x004a9478	8		0
0x004a9480	8		0
0x004a9488	8		0
0x004a9490	8		0
0x004a94c8	120		0
0x004a9540	84		0
0x004a95c8	260		0
0x004a96d0	720		0
0x004a99a0	8		0
0x004a99a8	56		0
0x004a99e0	160		0
0x004a9bf0	72		0
0x004a9c38	292		0
0x004a9f28	100		0
0x004a9f90	332		0
0x004aa0e0	160		0
0x004aa180	400		0
0x004aa310	12		0
0x004aa320	160		0
0x004aa3c0	16		0
0x004aa3d0	884		0
0x004aa748	188		0
0x004aa808	484		0
0x004aa9f0	148		0
0x004aaa88	320		0
0x004aabc8	1676		0
0x004ab258	480		0
0x004ab438	92		0
0x004ab498	200		0
0x004ab560	232		0
0x004ab648	112		0
0x004ab6c0	40		0
0x004ab6e8	52		0
0x004ab720	40		0
0x004ab748	220		0
0x004ab828	472		0
0x004aba08	104		0
0x004aba70	116		0
0x004abb00	152		0
0x004abc88	104		0
0x004abcf0	192		0
0x004abdb0	184		0
0x004abe68	260		0
0x004abf70	200		0
0x004ac038	104		0
0x004ac0a0	80		0
0x004ac0f0	80		0
0x004ac140	88		0
0x004ac198	188		0
0x004ac258	352		0
0x004ac3b8	668		0
0x004ac658	92		0
0x004ac6b8	92		0
0x004ac718	92		0
0x004ac778	92		0
0x004ac7d8	92		0
0x004ac838	92		0
0x004ac898	92		0
0x004ac8f8	92		0
0x004ac958	96		0
0x004ac9b8	168		0
0x004aca60	160		0
0x004acb00	160		0
0x004acba0	240		0
0x004acc90	172		0
0x004acd40	924		0
0x004ad0e0	156		0
0x004ad180	116		0
0x004ad1f8	144		0
0x004ad288	112		0
0x004ad2f8	144		0
0x004ad388	112		0
0x004ad3f8	280		0
0x004ad510	384		0
0x004ad690	224		0
0x004ad770	224		0
0x004ad850	80		0
0x004ad8a0	80		0
0x004ad8f0	88		0
0x004ad948	88		0
0x004ad9a0	28		0
0x004ad9c0	180		0
0x004ada78	104		0
0x004adae0	52		0
0x004adb18	56		0
0x004adb70	184		0
0x004adc28	104		0
0x004adc90	352		0
0x004addf0	96		0
0x004adee8	28		0
0x004adf08	84		0
0x004adf60	220		0
0x004ae040	28		0
0x004ae060	84		0
0x004ae0b8	220		0
0x004ae198	284		0
0x004ae2b8	92		0
0x004ae318	276		0
0x004ae430	28		0
0x004ae450	44		0
0x004ae480	28		0
0x004ae4a0	28		0
0x004ae4c0	28		0
0x004ae4e0	28		0
0x004ae510	88		0
0x004ae568	80		0
0x004ae5b8	88		0
0x004ae618	160		0
0x004ae6c0	92		0
0x004ae720	124		0
0x004ae7a0	180		0
0x004ae858	28		0
0x004ae878	28		0
0x004ae898	28		0
0x004ae8b8	32		0
0x004ae8d8	32		0
0x004ae8f8	28		0
0x004ae918	32		0
0x004ae938	28		0
0x004ae958	32		0
0x004ae978	164		0
0x004aea20	84		0
0x004aea78	160		0
0x004aeb28	44		0
0x004aeb58	28		0
0x004aeb78	28		0
0x004aeb98	48		0
0x004aebc8	28		0
0x004aebe8	28		0
0x004aec08	32		0
0x004aec28	28		0
0x004aec48	28		0
0x004aec68	32		0
0x004aec88	32		0
0x004aeca8	28		0
0x004aecc8	28		0
0x004aece8	28		0
0x004aed08	56		0
0x004aed40	56		0
0x004aed78	56		0
0x004aedb0	48		0
0x004aede0	60		0
0x004aee20	160		0
0x004aeec0	84		0
0x004aef18	160		0
0x004aefb8	392		0
0x004af140	268		0
0x004af250	316		0
0x004af390	276		0
0x004af4a8	184		0
0x004af560	172		0
0x004af610	72		0
0x004af658	56		0
0x004af690	128		0
0x004af710	28		0
0x004af730	28		0
0x004af750	28		0
0x004af770	28		0
0x004af790	40		0
0x004af7c0	28		0
0x004af7e8	44		0
0x004af818	44		0
0x004af848	136		0
0x004af8d8	28		0
0x004af8f8	220		0
0x004af9d8	48		0
0x004afa08	28		0
0x004afa28	28		0
0x004afa48	28		0
0x004afa68	28		0
0x004afa88	52		0
0x004afac0	84		0
0x004afb20	28		0
0x004afb40	32		0
0x004afb60	28		0
0x004afb80	64		0
0x004afbd0	28		0
0x004afbf0	28		0
0x004afc10	40		0
0x004afc58	40		0
0x004afc80	68		0
0x004afcc8	28		0
0x004afce8	28		0
0x004afd08	28		0
0x004afd28	28		0
0x004afda0	28		0
0x004afdc8	92		0
0x004aff90	80		0
0x004b0000	128		0
0x004b0080	80		0
0x004b00d0	28		0
0x004b0118	44		0
0x004b0148	32		0
0x004b0168	40		0
0x004b01b0	40		0
0x004b01d8	76		0
0x004b0298	28		0
0x004b02b8	28		0
0x004b03b8	100		0
0x004b0578	80		0
0x004b05f8	28		0
0x004b07b8	80		0
0x004b0808	64		0
0x004b0848	64		0
0x004b0888	96		0
0x004b08e8	48		0
0x004b0918	68		0
0x004b0960	56		0
0x004b0998	52		0
0x004b09d0	172		0
0x004b0a80	76		0
0x004b0ad0	36		0
0x004b0af8	412		0
0x004b0c98	204		0
0x004b0d68	224		0
0x004b0e48	136		0
0x004b0ed0	112		0
0x004b0f40	80		0
0x004b0f90	308		0
0x004b10c8	36		0
0x004b10f0	276		0
0x004b1208	200		0
0x004b12d0	76		0
0x004b1320	72		0
0x004b1368	140		0
0x004b13f8	124		0
0x004b1478	116		0
0x004b14f0	72		0
0x004b1538	128		0
0x004b15b8	104		0
0x004b1620	96		0
0x004b1680	28		0
0x004b16a0	120		0
0x004b1718	56		0
0x004b1750	16		0
0x004b1760	56		0
0x004b1798	136		0
0x004b1820	40		0
0x004b1848	336		0
0x004b1998	3444		0
0x004b2710	260		0
0x004b2818	276		0
0x004b2938	404		0
0x004b2ad0	156		0
0x004b2b70	96		0
0x004b2bd0	1468		0
0x004b3190	44		0
0x004b31c0	68		0
0x004b3208	76		0
0x004b3258	28		0
0x004b3278	108		0
0x004b32e8	132		0
0x004b3370	172		0
0x004b3420	124		0
0x004b34a0	352		0
0x004b3600	28		0
0x004b3620	28		0
0x004b3640	28		0
0x004b3660	28		0
0x004b3680	28		0
0x004b36a0	28		0
0x004b36c0	28		0
0x004b36e0	28		0
0x004b3700	44		0
0x004b3730	28		0
0x004b3750	28		0
0x004b3770	28		0
0x004b3790	28		0
0x004b37b0	28		0
0x004b37d0	44		0
0x004b3800	28		0
0x004b3820	96		0
0x004b3880	96		0
0x004b38e0	468		0
0x004b3ab8	232		0
0x004b3ba0	40		0
0x004b3bc8	96		0
0x004b3c28	36		0
0x004b3c50	68		0
0x004b3c98	116		0
0x004b3d10	208		0
0x004b3de0	312		0
0x004b3f18	132		0
0x004b3fa0	192		0
0x004b4060	56		0
0x004b4098	564		0
0x004b42d0	120		0
0x004b4348	380		0
0x004b44c8	104		0
0x004b4530	400		0
0x004b46c0	148		0
0x004b4758	300		0
0x004b4888	364		0
0x004b49f8	204		0
0x004b4ac8	3928		0
0x004b5a20	532		0
0x004b5c38	4544		0
0x004b6df8	64		0
0x004b6e38	204		0
0x004b6f10	360		0
0x004b7078	148		0
0x004b7110	80		0
0x004b7160	284		0
0x004b7280	300		0
0x004b73b0	372		0
0x004b7528	184		0
0x004b75e0	816		0
0x004b7910	36		0
0x004b7938	28		0
0x004b7958	28		0
0x004b7978	28		0
0x004b7998	176		0
0x004b7a48	468		0
0x004b7c20	144		0
0x004b7cb0	84		0
0x004b7d08	152		0
0x004b7da0	96		0
0x004b7e00	28		0
0x004b7e20	44		0
0x004b7e50	96		0
0x004b7eb0	76		0
0x004b7f00	88		0
0x004b7f58	100		0
0x004b7fc0	28		0
0x004b8000	404		0
0x004b8198	84		0
0x004b81f0	232		0
0x004b82d8	28		0
0x004b8318	408		0
0x004b84b0	84		0
0x004b8508	232		0
0x004b8610	80		0
0x004b8660	232		0
0x004b8748	148		0
0x004b87e0	436		0
0x004b8998	212		0
0x004b8a70	232		0
0x004b8b58	228		0
0x004b8c40	240		0
0x004b8d30	136		0
0x004b8db8	344		0
0x004b8f10	284		0
0x004b9030	328		0
0x004b9178	328		0
0x004b92c0	1072		0
0x004b96f8	372		0
0x004b9870	316		0
0x004b99b0	328		0
0x004b9af8	1288		0
0x004ba000	1020		0
0x004ba400	1008		0
0x004ba7f0	1260		0
0x004bace0	392		0
0x004bae68	3368		0
0x004bbb90	772		0
0x004bbea0	692		0
0x004bc158	592		0
0x004bc3a8	804		0
0x004bc6d0	2188		0
0x004bcf60	992		0
0x004bd340	312		0
0x004bd478	344		0
0x004bd5d0	2380		0
0x004bdf20	260		0
0x004be028	660		0
0x004be2c0	68		0
0x004be308	52		0
0x004be340	32		0
0x004be360	56		0
0x004be398	36		0
0x004be3c0	508		0
0x004be5c0	28		0
0x004be5e0	36		0
0x004be608	36		0
0x004be630	352		0
0x004be790	48		0
0x004be988	384		0
0x004beb08	448		0
0x004bede8	204		0
0x004beec0	108		0
0x004bef30	56		0
0x004bef68	28		0
0x004befa0	84		0
0x004beff8	112		0
0x004bf2e8	100		0
0x004bf380	124		0
0x004bf400	152		0
0x004bf4b8	96		0
0x004bf518	256		0
0x004bf618	268		0
0x004bf728	92		0
0x004bf7a8	92		0
0x004bf808	92		0
0x004bf868	92		0
0x004bfde0	692		0
0x004c0098	1716		0
0x004c0750	712		0
0x004c0a18	1000		0
0x004c1348	396		0
0x004c14d8	284		0
0x004c1600	196		0
0x004c16c8	88		0
0x004c1720	100		0
0x004c1788	76		0
0x004c17d8	196		0
0x004c18a0	36		0
0x004c18c8	68		0
0x004c1910	20		0
0x004c1960	12		0
0x004c1990	832		0
0x004c1cd0	4376		0
0x004c2de8	1856		0
0x004c3528	1656		0
0x004c3ba0	704		0
0x004c3e68	448		0
0x004c4028	584		0
0x004c4270	376		0
0x004c43e8	552		0
0x004c4610	624		0
0x004c4898	464		0
0x004c4a78	12		0
0x004c4a88	56		0
0x004c4b10	108		0
0x004c4b80	28		0
0x004c4c18	28		0
0x004c4c58	64		0
0x004c4c98	4024		0
0x004c5c50	732		0
0x004c5f30	780		0
0x004c6240	744		0
0x004c6528	568		0
0x004c6760	500		0
0x004c6958	696		0
0x004c6c10	968		0
0x004c6fd8	144		0
0x004c7068	6148		0
0x004c8870	576		0
0x004c8ab0	336		0
0x004c8c00	176		0
0x004c8cb0	12		0
0x004c8cc0	20		0
0x004c8cd8	180		0
0x004c8d90	76		0
0x004c8de0	8		0
0x004c8de8	8		0
0x004c8df0	8		0
0x004c8df8	8		0
0x004c8e00	8		0
0x004c8e08	8		0
0x004c8e10	8		0
0x004c8e18	8		0
0x004c8e20	8		0
0x004c8e28	464		0
0x004c8ff8	1212		0
0x004c94b8	3352		0
0x004ca1d0	1544		0
0x004ca7d8	308		0
0x004ca910	392		0
0x004caa98	328		0
0x004cabe0	468		0
0x004cadb8	356		0
0x004caf20	488		0
0x004cb108	388		0
0x004cb290	536		0
0x004cb4a8	108		0
0x004cb518	76		0
0x004cb568	76		0
0x004cb5b8	108		0
0x004cb628	108		0
0x004cb698	76		0
0x004cb6e8	76		0
0x004cb738	108		0
0x004cb7a8	108		0
0x004cb840	280		0
0x004cb958	1276		0
0x004cbe58	428		0
0x004cc008	868		0
0x004cc370	968		0
0x004cc738	348		0
0x004cc898	592		0
0x004ccae8	380		0
0x004ccc68	296		0
0x004ccd98	444		0
0x004ccf58	408		0
0x004cd0f0	44		0
0x004cd120	16		0
0x004cd130	140		0
0x004cd1c0	148		0
0x004cd270	64		0
0x004cd2b8	280		0
0x004cd3d0	124		0
0x004cd460	2120		0
0x004cdca8	560		0
0x004cded8	564		0
0x004ce110	1012		0
0x004ce508	344		0
0x004ce670	300		0
0x004ce7a0	48		0
0x004ce7d0	20		0
0x004ce7f8	272		0
0x004ce910	428		0
0x004ceac0	1240		0
0x004cef98	244		0
0x004cf090	244		0
0x004cf188	248		0
0x004cf280	280		0
0x004cf3a8	148		0
0x004cf440	60		0
0x004cffd0	456		0
0x004d01b0	140		0
0x004d0240	172		0
0x004d02f0	376		0
0x004d04b8	60		0
0x004d0518	132		0
0x004d05a0	864		0
0x004d0900	1264		0
0x004d0df0	748		0
0x004d10e0	320		0
0x004d1220	28		0
0x004d1240	2936		0
0x004d1db8	1440		0
0x004d2358	1144		0
0x004d27d8	940		0
0x004d2b88	1080		0
0x004d2fc0	1076		0
0x004d33f8	40		0
0x004d3420	40		0
0x004d3448	588		0
0x004d3698	544		0
0x004d38b8	752		0
0x004d3ba8	932		0
0x004d3f50	2048		0
0x004d4750	2088		0
0x004d4f78	528		0
0x004d5188	788		0
0x004d54a0	820		0
0x004d57d8	896		0
0x004d5b58	1204		0
0x004d6010	1248		0
0x004d64f0	1696		0
0x004d6b90	440		0
0x004d6d48	560		0
0x004d6f78	436		0
0x004d7130	268		0
0x004d7240	424		0
0x004d73e8	424		0
0x004d7590	208		0
0x004d7660	208		0
0x004d7730	196		0
0x004d77f8	68		0
0x004d7840	232		0
0x004d7928	200		0
0x004d79f0	132		0
0x004d7a78	52		0
0x004d7ab0	308		0
0x004d7be8	116		0
0x004d7c60	132		0
0x004d7ce8	204		0
0x004d7db8	172		0
0x004d7e68	2116		0
0x004d86b0	264		0
0x004d87b8	160		0
0x004d8868	112		0
0x004d88d8	64		0
0x004d8918	96		0
0x004d89c0	12		0
0x004d89d0	88		0
0x004d8a28	136		0
0x004d8ab0	96		0
0x004d8b10	96		0
0x004d8b70	1404		0
0x004d90f0	1772		0
0x004d97e0	1640		0
0x004d9e48	120		0
0x004d9ec0	116		0
0x004d9f68	80		0
0x004d9fb8	48		0
0x004d9fe8	296		0
0x004da118	20		0
0x004da140	84		0
0x004da1c8	48		0
0x004da210	48		0
0x004da328	48		0
0x004da4b8	48		0
0x004da558	48		0
0x004da670	48		0
0x004da700	48		0
0x004da848	48		0
0x004da8f0	48		0
0x004da990	48		0
0x004daa30	48		0
0x004daa60	48		0
0x004daac8	44		0
0x004dab08	68		0
0x004dab50	8		0
0x004dab58	8		0
0x004dab68	124		0
0x004dabe8	48		0
0x004dac60	48		0
0x004dac90	44		0
0x004dacc0	96		0
0x004dad20	32		0
0x004dad40	172		0
0x004dadf0	12		0
0x004dae00	92		0
0x004dae60	48		0
0x004dae90	92		0
0x004daef0	96		0
0x004daf50	28		0
0x004daf70	68		0
0x004dafb8	164		0
0x004db060	24		0
0x004db090	40		0
0x004db0e0	40		0
0x004db108	28		0
0x004db128	28		0
0x004db198	8		0
0x004db1c0	8	Camera_GetViewDistance	0
0x004db2d8	12		0
0x004db4d0	48		0
0x004db510	76		0
0x004db568	48		0
0x004db5b0	228		0
0x004db6a0	28		0
0x004db728	92		0
0x004db7b0	8		0
0x004db7d8	8		0
0x004db7e0	8		0
0x004db7e8	8		0
0x004db828	32		0
0x004db848	172		0
0x004db8f8	48		0
0x004db928	96		0
0x004db988	68		0
0x004db9d0	92		0
0x004dba30	12		0
0x004dbb68	2608		0
0x004dc638	44		0
0x004dc668	44		0
0x004dc698	44		0
0x004dc6c8	44		0
0x004dc6f8	76		0
0x004dc748	116		0
0x004dc7c0	116		0
0x004dc848	88		0
0x004dc8a0	88		0
0x004dc8f8	88		0
0x004dc958	52		0
0x004dc9b0	108		0
0x004dca60	64		0
0x004dcaa0	108		0
0x004dcb68	48		0
0x004dcbb8	124		0
0x004dcc38	48		0
0x004dcc88	200		0
0x004dcdd8	64		0
0x004dce18	112		0
0x004dce88	56		0
0x004dcec0	64		0
0x004dcf00	100		0
0x004dcf70	48		0
0x004dcfc0	48		0
0x004dd010	52		0
0x004dd108	192		0
0x004dd1c8	372		0
0x004dd340	156		0
0x004dd3e0	136		0
0x004dd468	144		0
0x004dd4f8	544		0
0x004dd718	668		0
0x004dd9b8	92		0
0x004dda18	320		0
0x004ddb58	152		0
0x004ddc60	40		0
0x004ddc90	40		0
0x004ddcc0	104		0
0x004ddd30	8		0
0x004dddb0	40		0
0x004ddde0	40		0
0x004dde48	80		0
0x004dded8	128		0
0x004ddf60	28		0
0x004ddf80	12		0
0x004ddfa0	128		0
0x004de098	12		0
0x004de0a8	32		0
0x004de0c8	100		0
0x004de130	104		0
0x004de198	12		0
0x004de1a8	96		0
0x004de208	48		0
0x004de238	24		0
0x004de250	64		0
0x004de290	124		0
0x004de310	68		0
0x004de358	124		0
0x004de3d8	124		0
0x004de458	104		0
0x004de4c0	124		0
0x004de540	104		0
0x004de5a8	124		0
0x004de628	48		0
0x004de678	48		0
0x004de6c8	416		0
0x004de868	104		0
0x004de8d0	104		0
0x004de938	124		0
0x004de9c8	124		0
0x004dea48	416		0
0x004debe8	104		0
0x004dec50	124		0
0x004decd0	48		0
0x004ded90	68		0
0x004dedd8	108		0
0x004dee58	416		0
0x004df008	24		0
0x004df020	416		0
0x004df1c0	104		0
0x004df228	124		0
0x004df2a8	124		0
0x004df328	104		0
0x004df390	124		0
0x004df430	64		0
0x004df470	976		0
0x004df840	340		0
0x004df998	428		0
0x004dfb50	192		0
0x004dfc10	372		0
0x004dfd90	104		0
0x004dfdf8	64		0
0x004dfe38	976		0
0x004e0208	340		0
0x004e0360	428		0
0x004e0510	64		0
0x004e0550	976		0
0x004e0920	340		0
0x004e0a78	428		0
0x004e0c28	64		0
0x004e0c68	976		0
0x004e1038	340		0
0x004e1190	428		0
0x004e1340	64		0
0x004e1380	976		0
0x004e1750	340		0
0x004e18a8	428		0
0x004e1a58	64		0
0x004e1a98	976		0
0x004e1e68	340		0
0x004e1fc0	428		0
0x004e2170	64		0
0x004e21b0	976		0
0x004e2580	340		0
0x004e26d8	428		0
0x004e2888	64		0
0x004e28c8	976		0
0x004e2c98	340		0
0x004e2df0	428		0
0x004e2fa0	544		0
0x004e31c0	280		0
0x004e32d8	144		0
0x004e3368	416		0
0x004e3508	416		0
0x004e36a8	124		0
0x004e3728	68		0
0x004e3770	16		0
0x004e3780	124		0
0x004e39c8	124		0
0x004e3a48	416		0
0x004e3c90	124		0
0x004e3d10	124		0
0x004e3d90	48		0
0x004e3dc8	68		0
0x004e3e10	96		0
0x004e3e70	144		0
0x004e3f38	68		0
0x004e4068	152		0
0x004e4100	156		0
0x004e41a0	124		0
0x004e4248	48		0
0x004e42f0	36		0
0x004e4340	416		0
0x004e44e0	124		0
0x004e4560	68		0
0x004e45a8	148		0
0x004e4640	108		0
0x004e46b0	28		0
0x004e4768	124		0
0x004e47e8	124		0
0x004e4868	416		0
0x004e4a08	28		0
0x004e4a58	28		0
0x004e4a78	124		0
0x004e4af8	180		0
0x004e4c20	44		0
0x004e4c78	28		0
0x004e4d58	416		0
0x004e4ef8	416		0
0x004e5098	268		0
0x004e51a8	324		0
0x004e52f0	140		0
0x004e5380	164		0
0x004e5428	288		0
0x004e5548	292		0
0x004e5670	648		0
0x004e58f8	184		0
0x004e59b0	260		0
0x004e5ab8	76		0
0x004e5b08	112		0
0x004e5b78	276		0
0x004e5c90	324		0
0x004e5dd8	140		0
0x004e5e68	164		0
0x004e5f10	296		0
0x004e6038	300		0
0x004e6168	680		0
0x004e6410	192		0
0x004e64d0	260		0
0x004e65d8	76		0
0x004e6628	112		0
0x004e6698	124		0
0x004e6718	108		0
0x004e6788	108		0
0x004e6918	48		0
0x004e69b0	152		0
0x004e6a48	152		0
0x004e6ae0	64		0
0x004e6b20	976		0
0x004e6ef0	340		0
0x004e7048	428		0
0x004e71f8	204		0
0x004e72c8	104		0
0x004e7330	156		0
0x004e73d0	200		0
0x004e7498	64		0
0x004e74d8	976		0
0x004e78a8	340		0
0x004e7a00	428		0
0x004e7bb0	104		0
0x004e7c50	152		0
0x004e7ce8	156		0
0x004e7d88	156		0
0x004e7e28	196		0
0x004e7ef0	48		0
0x004e7f20	124		0
0x004e7fa0	124		0
0x004e8040	40		0
0x004e8068	152		0
0x004e8100	156		0
0x004e81a0	156		0
0x004e8270	124		0
0x004e82f0	124		0
0x004e8370	416		0
0x004e8528	124		0
0x004e85e0	288		0
0x004e8700	8		0
0x004e8718	12		0
0x004e8738	152		0
0x004e87d0	124		0
0x004e8850	64		0
0x004e8890	976		0
0x004e8c60	340		0
0x004e8db8	428		0
0x004e8f68	416		0
0x004e9108	104		0
0x004e91c0	52		0
0x004e92b8	124		0
0x004e93d0	416		0
0x004e9580	124		0
0x004e9600	124		0
0x004e9680	124		0
0x004e9700	188		0
0x004e97c0	416		0
0x004e9960	124		0
0x004e99e0	68		0
0x004e9a28	148		0
0x004e9ac0	416		0
0x004e9c60	68		0
0x004e9ca8	124		0
0x004e9d28	108		0
0x004e9d98	148		0
0x004e9e30	44		0
0x004e9e60	64		0
0x004e9ea0	976		0
0x004ea270	340		0
0x004ea3c8	428		0
0x004ea578	152		0
0x004ea610	124		0
0x004ea690	124		0
0x004ea710	124		0
0x004ea790	124		0
0x004ea810	124		0
0x004ea890	124		0
0x004ea910	124		0
0x004ea990	124		0
0x004eaa10	124		0
0x004eaa90	124		0
0x004eab10	68		0
0x004eab58	200		0
0x004eac98	124		0
0x004ead18	416		0
0x004eaeb8	124		0
0x004eaf38	108		0
0x004eafa8	148		0
0x004eb040	48		0
0x004eb070	416		0
0x004eb210	128		0
0x004eb290	180		0
0x004eb348	140		0
0x004eb3d8	164		0
0x004eb480	188		0
0x004eb540	156		0
0x004eb5e0	324		0
0x004eb728	76		0
0x004eb778	180		0
0x004eb830	76		0
0x004eb880	112		0
0x004eb8f0	148		0
0x004eb988	148		0
0x004eba20	124		0
0x004ebaa0	124		0
0x004ebb20	124		0
0x004ebba0	124		0
0x004ebc20	124		0
0x004ebca0	124		0
0x004ebd20	124		0
0x004ebda0	124		0
0x004ebe20	124		0
0x004ebea0	124		0
0x004ebf20	124		0
0x004ebfa0	124		0
0x004ec020	124		0
0x004ec0a0	124		0
0x004ec4b0	104		0
0x004ec518	104		0
0x004ec580	104		0
0x004ec5e8	104		0
0x004ec660	932		0
0x004eca20	416		0
0x004ecbc0	164		0
0x004ecc68	236		0
0x004ecd58	140		0
0x004ecde8	164		0
0x004ece90	244		0
0x004ecf88	220		0
0x004ed068	380		0
0x004ed1e8	100		0
0x004ed250	228		0
0x004ed338	76		0
0x004ed388	112		0
0x004ed3f8	68		0
0x004ed440	148		0
0x004ed4d8	48		0
0x004ed538	68		0
0x004ed738	28		0
0x004ed758	28		0
0x004ed778	28		0
0x004ed888	64		0
0x004ed8c8	64		0
0x004ed908	64		0
0x004ed948	64		0
0x004ed988	64		0
0x004ed9c8	76		0
0x004eda18	76		0
0x004eda68	132		0
0x004edaf0	68		0
0x004edb38	112		0
0x004edba8	372		0
0x004edd20	32		0
0x004edd50	180		0
0x004ede08	192		0
0x004edec8	48		0
0x004edef8	48		0
0x004edf28	48		0
0x004edf58	48		0
0x004edf88	48		0
0x004edff0	48		0
0x004ef2e0	44		0
0x004ef318	48		0
0x004ef350	44		0
0x004ef380	48		0
0x004ef3b8	44		0
0x004ef3e8	48		0
0x004ef420	44		0
0x004ef450	48		0
0x004ef488	44		0
0x004ef4b8	48		0
0x004ef4f0	44		0
0x004ef520	48		0
0x004ef558	44		0
0x004ef588	48		0
0x004ef5c0	44		0
0x004ef5f0	48		0
0x004ef628	44		0
0x004ef658	48		0
0x004ef690	44		0
0x004ef6c0	48		0
0x004ef6f8	44		0
0x004ef728	48		0
0x004ef760	44		0
0x004ef790	48		0
0x004ef7c8	44		0
0x004ef7f8	48		0
0x004ef830	44		0
0x004ef868	48		0
0x004ef8a8	44		0
0x004ef8d8	48		0
0x004ef910	44		0
0x004ef940	48		0
0x004ef978	44		0
0x004ef9a8	48		0
0x004ef9e8	44		0
0x004efa18	48		0
0x004efa50	44		0
0x004efa80	48		0
0x004efab8	44		0
0x004efae8	48		0
0x004efb30	44		0
0x004efb60	48		0
0x004efb98	44		0
0x004efbd0	48		0
0x004efc08	44		0
0x004efc40	48		0
0x004efc78	44		0
0x004efca8	48		0
0x004efce0	44		0
0x004efd10	48		0
0x004efd50	44		0
0x004efd80	48		0
0x004efdb8	44		0
0x004efde8	48		0
0x004efe20	44		0
0x004efe90	44		0
0x004efec0	48		0
0x004efef8	44		0
0x004eff28	48		0
0x004eff60	44		0
0x004eff90	48		0
0x004effc8	44		0
0x004f0000	48		0
0x004f0038	44		0
0x004f0068	48		0
0x004f00a0	44		0
0x004f00d0	48		0
0x004f0108	44		0
0x004f0138	48		0
0x004f0170	44		0
0x004f01a0	48		0
0x004f01d8	44		0
0x004f0208	48		0
0x004f0240	44		0
0x004f0270	48		0
0x004f02a8	44		0
0x004f02d8	48		0
0x004f0310	44		0
0x004f0340	48		0
0x004f0378	44		0
0x004f03a8	48		0
0x004f03f0	48		0
0x004f0420	32		0
0x004f0440	48		0
0x004f0478	48		0
0x004f04b0	48		0
0x004f04e8	48		0
0x004f0520	96		0
0x004f0598	48		0
0x004f0608	48		0
0x004f0650	48		0
0x004f06a8	64		0
0x004f06e8	984		0
0x004f0ac0	340		0
0x004f0c18	428		0
0x004f0dc8	104		0
0x004f0e30	156		0
0x004f0ed0	188		0
0x004f0fa8	416		0
0x004f1148	124		0
0x004f12a8	88		0
0x004f1368	124		0
0x004f13e8	44		0
0x004f1420	48		0
0x004f1450	124		0
0x004f14d0	320		0
0x004f1610	324		0
0x004f1758	84		0
0x004f17b0	704		0
0x004f1a70	84		0
0x004f1ac8	696		0
0x004f1d80	48		0
0x004f1db8	212		0
0x004f1f00	48		0
0x004f1f30	48		0
0x004f1f60	40		0
0x004f1f88	604		0
0x004f21e8	252		0
0x004f22e8	252		0
0x004f23e8	612		0
0x004f2650	504		0
0x004f2a70	112		0
0x004f2ae0	92		0
0x004f2b40	96		0
0x004f2bd8	48		0
0x004f2c80	200		0
0x004f2dd8	120		0
0x004f2e50	92		0
0x004f2eb0	96		0
0x004f2f48	48		0
0x004f3000	200		0
0x004f3158	108		0
0x004f31c8	92		0
0x004f3228	96		0
0x004f32c0	48		0
0x004f32f0	40		0
0x004f3318	604		0
0x004f3580	612		0
0x004f37e8	512		0
0x004f39e8	176		0
0x004f3a98	48		0
0x004f3b40	68		0
0x004f3be0	68		0
0x004f3c28	68		0
0x004f3c70	68		0
0x004f3d40	200		0
0x004f3e98	128		0
0x004f3f18	92		0
0x004f3f78	96		0
0x004f4010	12		0
0x004f4020	12		0
0x004f4030	48		0
0x004f4098	68		0
0x004f4158	200		0
0x004f42b0	120		0
0x004f4328	92		0
0x004f4388	96		0
0x004f4420	48		0
0x004f44b8	200		0
0x004f4610	108		0
0x004f4680	92		0
0x004f46e0	96		0
0x004f4820	124		0
0x004f48a0	124		0
0x004f4920	124		0
0x004f49a0	124		0
0x004f4a20	124		0
0x004f4ae8	8		0
0x004f4af8	124		0
0x004f4b78	124		0
0x004f4bf8	68		0
0x004f4c60	192		0
0x004f4d20	364		0
0x004f4e98	60		0
0x004f4ed8	228		0
0x004f4fc0	124		0
0x004f5040	160		0
0x004f50e0	600		0
0x004f5338	544		0
0x004f5558	420		0
0x004f5700	216		0
0x004f57d8	108		0
0x004f5848	108		0
0x004f58b8	68		0
0x004f5900	416		0
0x004f5ab8	88		0
0x004f5b10	8		0
0x004f5b60	212		0
0x004f5c58	28		0
0x004f5c78	32		0
0x004f5c98	48		0
0x004f5cc8	96		0
0x004f5d28	68		0
0x004f5d70	12		0
0x004f5d80	124		0
0x004f5e18	200		0
0x004f5ef0	112		0
0x004f5f60	92		0
0x004f6038	96		0
0x004f60d8	212		0
0x004f61b0	24		0
0x004f61e8	28		0
0x004f6208	68		0
0x004f6250	108		0
0x004f6428	28		0
0x004f64c8	40		0
0x004f6500	108		0
